# Blender 4.4.0
# www.blender.org
o Cube
v -0.813756 -0.855887 1.116294
v -0.788104 -0.784605 -1.081415
v -0.891968 -0.771504 -0.797756
v -0.754824 -0.859641 -0.842964
v -0.874316 -0.833164 -0.630181
v -0.866315 -0.907898 -0.443702
v -0.968322 -0.770770 -0.591375
v -0.994718 -0.920282 -0.174426
v -0.990565 -0.917161 -0.085431
v -1.033494 -0.715756 0.262348
v -0.874050 -0.835895 0.380791
v -0.856770 -0.830440 0.501725
v -0.736391 -0.949187 0.663260
v -0.864337 -0.818747 1.015311
v 0.266712 -0.919677 -1.495895
v 0.206686 -1.066096 -1.329376
v 0.075657 -1.000780 -1.518951
v 0.062581 -1.046043 -1.431756
v -0.097027 -1.015072 -1.447309
v -0.223950 -0.989782 -1.422175
v -0.390262 -0.944097 -1.372193
v -0.578221 -0.869044 -1.295136
v -0.636524 -0.827344 -1.296420
v -0.682425 -0.841453 -1.172025
v -0.743329 -0.804259 -1.135646
v 0.893440 0.354270 -1.263753
v 0.964145 -0.258650 -1.392107
v 0.936498 -0.353328 -1.441106
v 0.965907 -0.441878 -1.327871
v 0.715253 -0.717352 -1.302758
v -0.927866 -0.718907 1.186147
v -0.901253 -0.621132 1.348579
v -0.933244 -0.535748 1.346701
v -0.965336 -0.316255 1.396930
v -0.976527 -0.141836 1.408077
v -0.966560 0.004127 1.433856
v -0.982384 0.230366 1.287385
v -0.944694 0.414349 1.253284
v -0.905455 0.539528 1.246201
v -0.867777 0.726182 1.110581
v 0.818268 0.651351 1.190281
v 0.840940 0.357962 1.238851
v 0.872545 -0.118458 1.269700
v 0.865350 -0.212287 1.300710
v 0.823001 -0.365473 1.245594
v 0.832437 -0.522603 1.138957
v -0.824708 0.574799 -1.198686
v -0.961471 0.481859 -1.140667
v -1.002404 0.218955 -1.416311
v -1.050042 0.131953 -1.412149
v -1.069245 0.062815 -1.408970
v -1.000673 -0.094109 -1.446597
v -0.972808 -0.231413 -1.385117
v 0.732711 0.825370 1.184932
v 0.612930 0.928585 1.232775
v 0.414838 1.025327 1.328307
v 0.298268 1.095315 1.337667
v 0.174643 1.105363 1.404488
v 0.081033 1.051095 1.516926
v -0.001068 1.106126 1.465109
v -0.131275 1.055765 1.480123
v -0.342246 1.114785 1.352619
v -0.469003 1.016229 1.378655
v -0.589909 1.006165 1.239664
v 0.828814 0.843050 -0.789043
v 0.857059 1.009529 0.830662
v 0.862729 0.830638 1.006251
v -0.790535 -0.858346 1.226972
v -0.704323 -0.914519 1.245042
v -0.576714 -0.953389 1.293126
v -0.271544 -0.995514 1.436844
v -0.204196 -1.086181 1.342955
v -0.097831 -1.000444 1.438509
v 0.050198 -1.026653 1.356959
v 0.189817 -1.006795 1.303509
v 0.329519 -0.968830 1.243279
v 0.417800 -0.879375 1.265522
v 0.554470 -0.812717 1.192398
v -0.982570 0.982570 0.261643
v -0.925888 0.972127 -0.166411
v -0.892965 0.983996 -0.510030
v -0.974539 0.935220 -0.507561
v -0.436751 0.775541 -1.441129
v -0.117613 1.035560 -1.328697
v 0.004512 1.099017 -1.294465
v 0.070948 1.056946 -1.406904
v 0.246035 1.030398 -1.313110
v 0.588434 0.865064 -1.167798
v 0.714582 -0.748003 0.825711
v 0.631043 -0.932905 0.705089
v 0.900236 -0.947088 0.353330
v 0.915432 -1.048005 0.162735
v 1.000345 -0.986579 0.084964
v 0.953598 -0.960817 -0.473121
v 0.929916 -0.968787 -0.528543
v 0.854763 -0.929047 -0.896906
v 0.446128 0.928336 -1.305195
v -0.419390 0.941638 -1.130419
v -0.625129 0.766756 -1.126208
v 0.640523 0.870325 -1.067180
v 0.353345 1.051062 -1.044589
v -0.290963 1.042345 -1.120864
v -0.654661 0.813194 -1.010911
v 0.731432 0.836344 -0.960902
v 0.717460 0.859355 -0.930766
v -0.198751 1.245855 -0.828119
v -0.519856 0.973910 -0.944311
v 0.209109 1.171162 -0.897550
v 0.089650 1.097020 -1.304281
v 0.005722 1.192664 -1.091253
v -0.063439 1.203684 -1.029122
v -0.307191 1.201072 -0.812292
v -0.374527 1.081992 -0.948900
v 0.062884 1.287193 -0.732768
v 0.000000 1.219146 -1.010733
v -0.556522 1.123559 -0.691257
v -0.026416 1.278903 -0.848070
v 0.321405 1.130742 -0.842954
v -0.068356 1.286906 -0.850119
v -0.445445 1.182743 -0.708849
v 0.501722 1.106081 -0.643390
v -0.003531 1.304139 -0.721719
v -0.066283 1.294041 -0.748572
v -0.249652 1.247688 -0.734812
v -0.765097 1.035852 -0.611333
v 0.805650 0.939263 -0.616465
v 0.173221 1.301666 -0.575861
v -0.492216 1.159009 -0.618398
v -0.650254 1.099331 -0.599616
v -0.734374 1.061880 -0.596174
v 0.138547 1.323756 -0.528887
v -0.652075 1.082868 -0.419350
v 0.802568 1.127840 -0.258679
v 0.323847 1.228652 -0.592161
v -0.003078 1.292357 -0.407259
v -0.174824 1.236307 -0.363383
v 0.198648 1.329259 -0.469511
v 0.103294 1.317421 -0.279295
v 0.942930 1.027115 -0.264886
v 0.473061 1.331952 -0.187545
v 0.375325 1.320567 -0.315812
v 0.292646 1.345698 -0.319961
v -0.394284 1.151204 -0.280473
v -0.693085 1.063246 -0.285305
v -0.837652 1.009058 -0.322648
v 0.875441 1.089646 -0.199008
v 0.624263 1.260361 -0.188282
v 0.410939 1.357178 -0.188289
v -0.066369 1.273709 -0.137600
v -0.404294 1.145060 -0.140280
v -0.769345 1.041956 -0.130521
v 0.802060 1.082013 0.755677
v 0.749057 1.195570 -0.175318
v 0.570062 1.305405 -0.090103
v 0.439972 1.365920 -0.080537
v 0.347490 1.373112 0.079549
v 0.116142 1.330498 -0.059051
v 0.608363 1.240947 0.563720
v 0.241944 1.362187 0.074884
v 0.938047 0.986676 0.212753
v 0.731215 1.152442 0.609469
v 0.376993 1.375739 0.286696
v -0.399487 1.164715 0.000933
v -0.877288 1.015804 0.064000
v -0.711126 1.084014 0.080419
v 0.140957 1.375648 0.376024
v -0.139377 1.272352 0.090311
v 0.336259 1.387054 0.281515
v -0.038811 1.354944 0.453294
v 0.042706 1.333791 0.151987
v -0.402486 1.258844 0.434038
v -0.792876 1.116614 0.481988
v -0.899690 1.047413 0.399663
v 0.863538 1.026689 0.741337
v 0.417373 1.334739 0.524985
v 0.254527 1.328582 0.600084
v -0.171977 1.330802 0.476806
v 0.080299 1.356073 0.471739
v -0.829273 1.090410 0.522326
v 0.479012 1.305910 0.631895
v 0.047062 1.320412 0.661208
v -0.211894 1.328062 0.563891
v -0.399256 1.294625 0.672339
v -0.611007 1.216562 0.620840
v -0.757343 1.126467 0.607676
v 0.553918 1.239211 0.877417
v 0.389655 1.251451 1.004568
v -0.480243 1.274058 0.741661
v -0.545359 1.249738 0.733806
v -0.698021 1.172079 0.626771
v 0.220765 1.245041 1.128702
v -0.067786 1.250737 1.124348
v -0.593457 1.147754 0.915062
v -0.705288 1.012462 0.998314
v 0.695830 1.147977 0.863443
v 0.470764 1.257517 0.911533
v 0.551457 1.143675 1.036083
v 0.423274 1.219638 1.051808
v -0.323624 1.233911 1.098677
v -0.408574 1.231487 1.019034
v 0.729252 0.966759 1.053625
v 0.339877 1.233524 1.099463
v 0.556919 1.008658 1.209069
v 0.427665 1.128616 1.182213
v 0.288771 1.205678 1.185123
v 0.208866 1.229123 1.203274
v 0.083980 1.235910 1.209859
v -0.198638 1.209032 1.290544
v -0.509969 1.130604 1.108781
v 0.163666 1.194176 1.285768
v 0.046083 1.215946 1.299861
v -0.291654 1.185767 1.272404
v -0.421248 1.097435 1.305642
v -0.005338 1.168074 1.400109
v -0.192291 1.163096 1.360962
v 0.637989 -0.462169 1.334399
v 0.837577 -0.236900 1.330268
v 0.727353 -0.167956 1.510619
v 0.818130 0.103465 1.272819
v 0.732488 0.183184 1.448025
v 0.778516 0.295542 1.344862
v 0.685973 -0.693179 1.163626
v 0.678248 -0.295984 1.454219
v 0.790429 -0.109612 1.411166
v 0.720490 0.377079 1.430975
v 0.565120 -0.646809 1.305321
v 0.705372 0.016938 1.543208
v 0.625863 0.422001 1.556690
v 0.681480 0.695616 1.346359
v 0.673455 -0.096603 1.609806
v 0.649005 0.049275 1.629957
v 0.628844 0.221105 1.621404
v 0.576705 0.474259 1.599450
v 0.470949 -0.749120 1.330463
v 0.450676 -0.635212 1.443956
v 0.571151 -0.080960 1.730677
v 0.568753 0.658565 1.506010
v 0.581312 0.809388 1.380050
v 0.497936 -0.467303 1.528862
v 0.554519 0.004127 1.755442
v 0.550870 0.216119 1.723669
v 0.446798 0.879847 1.456677
v 0.502267 -0.347647 1.631520
v 0.504842 -0.220678 1.720070
v 0.484751 0.444038 1.713618
v 0.470205 0.632491 1.624824
v 0.464498 0.752202 1.546825
v 0.375108 -0.534171 1.615757
v 0.462196 -0.015526 1.838713
v 0.469584 0.082961 1.829235
v 0.442192 0.236969 1.823374
v 0.401137 -0.366994 1.719513
v 0.357442 -0.290145 1.801968
v 0.370284 -0.164824 1.852020
v 0.387254 0.073619 1.896807
v 0.379048 0.341792 1.842613
v 0.372060 0.474524 1.794735
v 0.365079 0.604307 1.731976
v 0.358906 0.730217 1.653744
v 0.264444 -0.703620 1.568818
v 0.292017 -0.459256 1.746103
v 0.341748 -0.019016 1.913935
v 0.295476 0.211614 1.934511
v 0.298541 0.841666 1.608469
v 0.263387 0.969307 1.511022
v 0.221619 -0.868515 1.438344
v 0.242911 -0.171255 1.921762
v 0.291163 0.065349 1.953393
v 0.285552 0.421558 1.875149
v 0.278540 0.593992 1.795947
v 0.217978 0.723430 1.751012
v 0.186358 -0.609780 1.704479
v 0.205468 -0.366349 1.857118
v 0.217870 0.245313 1.943650
v 0.216091 0.407284 1.897079
v 0.210571 0.616516 1.815359
v 0.205197 0.870256 1.640668
v 0.128737 -0.809945 1.561868
v 0.096679 -0.632973 1.733320
v 0.099184 -0.512171 1.818490
v 0.087975 -0.252957 1.954924
v 0.189046 -0.050967 1.977240
v 0.212357 0.086172 1.975198
v 0.114609 0.222447 1.936807
v 0.109730 0.389460 1.889910
v 0.109340 0.531823 1.839675
v 0.107295 0.668020 1.779809
v 0.032215 -0.754555 1.658628
v 0.041251 -0.400116 1.903680
v 0.051947 -0.202473 1.975574
v 0.107461 -0.070902 1.981384
v 0.038226 0.099209 1.947298
v 0.114067 0.820677 1.698783
v 0.108305 0.953131 1.606189
v -0.047150 -0.883378 1.560087
v -0.025736 -0.656872 1.759717
v -0.055418 -0.555162 1.841087
v -0.002023 -0.309762 1.955456
v -0.018470 0.740587 1.719983
v -0.101416 -0.781183 1.673828
v -0.103261 -0.485826 1.889618
v -0.091643 -0.367396 1.940988
v -0.069211 -0.147974 1.950889
v -0.122403 -0.041901 1.923845
v -0.113364 0.166570 1.887673
v -0.024459 0.422163 1.849374
v -0.055586 0.627266 1.764970
v -0.060155 0.932212 1.594410
v -0.202929 -0.702918 1.755727
v -0.123697 0.851278 1.630455
v -0.200682 -0.907602 1.564687
v -0.216794 -0.589916 1.837169
v -0.205966 -0.495168 1.892307
v -0.213522 -0.319264 1.910109
v -0.245135 -0.174010 1.895835
v -0.206414 0.724822 1.673088
v -0.251827 0.966389 1.511581
v -0.299525 -0.776312 1.652159
v -0.294075 -0.506646 1.861053
v -0.265361 -0.039539 1.870064
v -0.206150 0.490856 1.765032
v -0.343475 0.818891 1.570915
v -0.295944 -0.584487 1.825924
v -0.342150 -0.360791 1.862749
v -0.481496 -0.063947 1.782669
v -0.442913 0.674370 1.597875
v -0.423344 -0.563871 1.771765
v -0.459087 -0.490090 1.795759
v -0.448465 -0.236078 1.816892
v -0.384746 0.947107 1.470962
v -0.512737 -0.378765 1.784519
v -0.593438 -0.704461 1.534234
v -0.612589 -0.481800 1.717796
v -0.570713 0.488862 1.605010
v -0.630062 0.824348 1.429026
v -0.648651 -0.382804 1.712531
v -0.672398 -0.181770 1.702191
v -0.634030 0.647612 1.513981
v -0.753336 -0.583945 1.526907
v -0.569223 0.942474 1.378343
v -0.796576 -0.400820 1.617761
v -0.776505 -0.276647 1.640812
v -0.794124 0.015936 1.608435
v -0.768082 0.228851 1.577217
v -0.715347 0.481284 1.532906
v -0.649443 0.878835 1.353074
v -0.787055 -0.465230 1.600078
v -0.720424 0.838266 1.290627
v -0.873823 -0.576786 1.432373
v -0.867687 -0.356253 1.573158
v -0.863375 -0.161971 1.580492
v -0.836314 0.424941 1.478543
v -0.786104 0.614108 1.438022
v -0.739073 0.721826 1.413567
v -0.835525 -0.715397 1.342503
v -0.866987 -0.457595 1.531457
v -0.905921 -0.315817 1.524844
v -0.925958 -0.133000 1.525938
v -0.919833 -0.046090 1.531862
v -0.906146 0.149661 1.509675
v -0.874749 0.399093 1.459583
v -0.824019 0.612788 1.373287
v -0.872294 -0.752339 1.273957
v -0.947207 0.148872 1.439809
v -0.903338 0.390811 1.399997
v -0.797136 0.817691 1.157711
v -1.007054 -0.506412 1.173036
v -1.031136 -0.165838 1.230760
v -1.030403 -0.053600 1.233305
v -1.021803 0.113929 1.201959
v -1.011082 -0.644884 1.030976
v -0.997521 -0.629354 1.100533
v -1.020035 -0.335161 1.233351
v -1.106574 -0.078153 0.851105
v -0.911781 0.871002 0.734994
v -0.994271 0.611004 0.832867
v -1.141739 -0.275842 0.757870
v -1.034176 0.365799 0.891231
v -1.153673 -0.496770 0.642110
v -1.094959 -0.534067 0.857901
v -1.131282 -0.403866 0.787134
v -1.050639 0.466210 0.755276
v -1.049450 -0.626174 0.596666
v -1.171945 -0.078631 0.614524
v -1.119930 0.421736 0.573382
v -1.060181 0.622913 0.615329
v -0.967516 0.773660 0.719799
v -1.203928 -0.423331 0.537501
v -1.213677 -0.266207 0.529528
v -1.062359 -0.640802 0.422656
v -1.225373 -0.440332 0.435582
v -1.306192 0.198896 0.194772
v -1.220765 0.621525 0.179568
v -0.958274 0.996194 0.391148
v -1.157206 -0.549720 0.355764
v -1.284207 -0.397517 0.278669
v -1.328539 -0.043045 0.190939
v -1.278398 0.378146 0.188189
v -1.040420 0.942092 0.246417
v -1.331388 -0.256864 0.183079
v -1.152488 0.789315 0.187943
v -1.106806 0.879826 0.181183
v -1.295863 -0.401084 0.185402
v -1.321749 -0.269630 0.096004
v -1.319033 -0.124120 0.094230
v -1.294113 0.247657 0.094744
v -1.250008 0.576485 0.091830
v -1.222824 0.674955 0.089988
v -1.080721 0.877477 -0.134642
v -1.130113 -0.655143 0.144280
v -1.249432 -0.480438 0.194602
v -1.271517 -0.400987 -0.114429
v -1.276651 -0.195246 -0.074686
v -1.146012 0.829243 0.084839
v -0.990251 0.951726 0.028525
v -1.167053 -0.717222 -0.112536
v -1.229217 -0.571142 0.003485
v -1.249552 0.346533 -0.030633
v -1.269189 0.459374 0.093485
v -1.142858 0.756657 -0.235395
v -1.075146 -0.844335 -0.174344
v -1.155241 -0.747608 -0.180370
v -1.198444 -0.644745 -0.261680
v -1.194109 0.110865 -0.261740
v -1.195972 0.445382 -0.215137
v -1.175391 0.607599 -0.230393
v -1.016275 0.914728 -0.272603
v -1.255303 -0.330991 -0.203377
v -1.231880 -0.161196 -0.244890
v -1.072357 -0.692132 -0.535883
v -1.216921 -0.585099 -0.365487
v -1.219598 -0.512809 -0.422879
v -1.224281 -0.416448 -0.407505
v -1.214571 -0.253776 -0.408862
v -1.168246 0.098417 -0.388303
v -1.150331 0.573247 -0.409498
v -1.096044 0.763990 -0.518970
v -1.081132 0.804299 -0.520705
v -1.053422 0.876194 -0.396106
v -1.185343 -0.546532 -0.546903
v -1.162528 0.078324 -0.486974
v -1.166401 0.424708 -0.376912
v -1.196045 -0.493799 -0.621376
v -1.200632 -0.349395 -0.630176
v -1.199149 -0.222765 -0.535036
v -1.035024 0.871450 -0.514990
v -1.182724 -0.085129 -0.668008
v -1.146268 0.437725 -0.579349
v -1.117456 0.597008 -0.693190
v -1.096480 0.719617 -0.611843
v -1.068000 0.759718 -0.609161
v -1.116263 -0.545929 -0.774371
v -1.171270 -0.498006 -0.704533
v -1.152498 0.314072 -0.722728
v -1.187764 -0.383926 -0.801194
v -1.191788 -0.312914 -0.807180
v -1.188694 -0.250478 -0.896971
v -1.189374 -0.176660 -0.916024
v -1.123640 0.532051 -0.783776
v -1.096395 0.608694 -0.763011
v -1.064665 0.657219 -0.749164
v -0.878393 0.744011 -0.868650
v -1.169789 -0.361971 -0.855188
v -1.160778 0.244601 -0.963361
v -1.137783 0.426410 -0.875724
v -1.123204 0.489036 -0.872101
v -1.097910 0.545926 -0.839158
v -1.003879 -0.653594 -0.849157
v -1.160160 -0.246578 -0.980573
v -1.180352 -0.190992 -0.992619
v -1.185069 -0.127837 -0.996739
v -1.178764 0.057402 -0.965203
v -1.143275 0.362249 -0.972776
v -1.118628 0.438698 -0.943434
v -1.153433 -0.105581 -1.127316
v -1.174860 -0.020719 -1.132086
v -1.163380 0.189551 -1.078368
v -1.154176 0.254930 -1.072165
v -1.136269 0.320172 -1.058627
v -0.927617 0.601618 -1.008842
v -1.010273 -0.493158 -1.006888
v -1.162799 0.083003 -1.194486
v -1.149019 0.195894 -1.173872
v -1.126440 0.255690 -1.153684
v -0.978720 0.322518 -1.339213
v -1.136750 0.062819 -1.275210
v -1.134369 0.133394 -1.260343
v -0.991945 -0.397292 -1.151911
v 0.114818 -1.083630 -1.336785
v 0.373133 -1.052672 -1.206076
v -0.244100 -1.034773 -1.260560
v -0.123183 -1.064538 -1.285250
v -0.001893 -1.095504 -1.267608
v 0.067343 -1.110073 -1.234443
v 0.250987 -1.086058 -1.202357
v 0.524939 -1.009306 -1.122898
v -0.524334 -0.953672 -1.065939
v -0.410388 -0.988079 -1.183570
v -0.243682 -1.071494 -1.096928
v 0.002791 -1.133187 -1.102892
v 0.421097 -1.056296 -1.110141
v 0.566605 -1.016216 -1.073717
v 0.717620 -0.978310 -0.973475
v -0.054202 -1.139590 -1.038499
v 0.123022 -1.122445 -0.996823
v 0.602743 -1.018290 -0.991636
v 0.572332 -1.044897 -0.817500
v 0.780698 -0.968919 -0.891268
v -0.309041 -1.093045 -0.802606
v 0.354115 -1.083009 -0.850175
v 0.800869 -1.004361 -0.628080
v -0.743638 -0.902743 -0.682772
v -0.622043 -0.956078 -0.729060
v -0.127173 -1.161927 -0.800233
v 0.680863 -1.043232 -0.617141
v -0.309338 -1.126817 -0.638931
v -0.118096 -1.178748 -0.651453
v 0.036785 -1.138473 -0.741064
v -0.172542 -1.175315 -0.665761
v 0.204849 -1.103177 -0.611357
v 0.521058 -1.067230 -0.672129
v -0.736491 -0.961028 -0.515338
v -0.536689 -1.066821 -0.500898
v -0.226625 -1.201530 -0.491545
v -0.112946 -1.190790 -0.544798
v 0.169582 -1.121576 -0.509054
v 0.535097 -1.097713 -0.466756
v -0.330074 -1.174218 -0.457421
v -0.188289 -1.231556 -0.407777
v -0.075687 -1.212451 -0.395433
v 0.249670 -1.113333 -0.487161
v 0.699099 -1.067190 -0.465794
v 0.778586 -1.078529 -0.324757
v 0.876893 -1.050876 -0.285459
v 0.912640 -1.027749 -0.272878
v -0.792580 -1.073622 -0.160743
v -0.633556 -1.184558 -0.095549
v -0.188415 -1.313997 -0.105734
v 0.201493 -1.138299 -0.420859
v -0.901805 -0.995220 -0.172376
v 0.534173 -1.153922 -0.256900
v 0.869494 -1.101451 -0.106814
v -0.872696 -1.034620 -0.089694
v -0.809296 -1.089455 -0.088710
v -0.466765 -1.254408 -0.091953
v -0.273397 -1.318207 -0.096960
v -0.054828 -1.285558 -0.145332
v 0.662160 -1.136961 -0.231729
v -0.693798 -1.156537 0.000000
v -0.633988 -1.202736 0.001471
v -0.565135 -1.233625 0.012736
v -0.215726 -1.328538 -0.009446
v -0.132621 -1.338958 -0.000000
v -0.065930 -1.332614 -0.000000
v 0.843007 -1.140221 -0.000000
v -0.084864 -1.326814 0.087708
v 0.022705 -1.346757 0.084738
v 0.206986 -1.333508 0.109111
v 0.567116 -1.257495 0.092947
v 0.718972 -1.211085 0.089534
v 0.914597 -1.084240 0.085326
v -0.758516 -1.019032 0.213754
v -0.622187 -1.149179 0.204694
v -0.117926 -1.283689 0.207785
v 0.132991 -1.341977 0.189036
v 0.210682 -1.351858 0.186828
v 0.389233 -1.324312 0.187124
v 0.517850 -1.294068 0.185437
v 0.653979 -1.224782 0.180372
v 0.781473 -1.180992 0.097162
v -0.604035 -1.131720 0.292726
v 0.296097 -1.338115 0.294110
v 0.337076 -1.341891 0.281655
v 0.400344 -1.315843 0.278800
v 0.538521 -1.279493 0.205083
v 0.661770 -1.167222 0.294584
v -0.658760 -1.071270 0.362712
v -0.333727 -1.180914 0.348702
v 0.122783 -1.307313 0.329292
v 0.325685 -1.298117 0.406559
v 0.742062 -1.058365 0.386708
v -0.589888 -1.088125 0.478425
v -0.328627 -1.144825 0.491190
v 0.032531 -1.266158 0.426334
v 0.256264 -1.300725 0.463375
v 0.497641 -1.203981 0.422007
v 0.002416 -1.228354 0.595627
v 0.193489 -1.275249 0.555250
v 0.253357 -1.259441 0.581782
v 0.310909 -1.218955 0.610666
v -0.638964 -1.057166 0.527842
v -0.577013 -1.063951 0.650788
v -0.314317 -1.129035 0.638980
v 0.160985 -1.254644 0.656210
v 0.192783 -1.261011 0.645267
v 0.377526 -1.124379 0.736320
v 0.583615 -1.062968 0.576801
v -0.640087 -1.039620 0.699223
v 0.184684 -1.225221 0.746593
v -0.560312 -1.051232 0.872512
v -0.071486 -1.190018 0.775886
v 0.123503 -1.216933 0.840221
v 0.484046 -1.021997 0.783471
v 0.077003 -1.214139 0.870264
v -0.378269 -1.090206 1.099382
v -0.171235 -1.145932 1.092779
v 0.284646 -1.090235 0.971132
v 0.412596 -0.997543 0.976506
v 0.536714 -0.938089 0.851722
v -0.697346 -0.971869 1.034290
v -0.640150 -1.002362 1.076281
v -0.033294 -1.175814 1.060612
v 0.020590 -1.169018 1.084999
v 0.157675 -1.069390 1.218839
v 0.526464 -0.901470 0.961867
v 0.065106 -1.096873 1.240338
v 0.696085 -0.735945 0.887556
v -0.278714 -1.086327 1.318066
v -0.103426 -1.139843 1.231631
v 0.625883 -0.777998 1.045545
v -0.666580 -0.967332 1.197545
v -0.456518 -1.039723 1.273792
v -0.065225 -1.122643 1.263835
v 1.013251 -0.544579 -1.154449
v 1.028648 -0.479163 -1.170722
v 1.013200 -0.289981 -1.253598
v 0.951712 0.080895 -1.348769
v 0.810385 0.544267 -1.146374
v 1.004107 -0.835395 -0.838316
v 1.033114 -0.413220 -1.177517
v 1.052963 -0.252486 -1.117855
v 0.965389 -0.069980 -1.374406
v 0.917624 0.316509 -1.242954
v 0.909391 0.461694 -1.060515
v 0.817112 0.628605 -1.028404
v 1.079675 -0.153360 -0.974498
v 0.941832 0.327516 -0.994743
v 1.072909 -0.610016 -0.986005
v 1.013158 0.055147 -1.046650
v 0.938614 0.465939 -0.910932
v 0.909525 0.555957 -0.956820
v 0.918049 0.688080 -0.828982
v 1.071684 -0.689866 -0.914720
v 1.067423 -0.033653 -0.910491
v 0.988120 0.158372 -0.957782
v 1.044695 0.070002 -0.855623
v 0.966444 0.250575 -0.836745
v 0.970466 0.453600 -0.807280
v 0.932590 0.598468 -0.859743
v 0.865614 0.804899 -0.798206
v 0.973677 -0.882824 -0.817455
v 1.048694 -0.826874 -0.749673
v 1.134913 -0.218124 -0.826224
v 1.106317 -0.028868 -0.789238
v 0.987788 0.259288 -0.791242
v 1.006108 0.506420 -0.711055
v 0.932958 0.769744 -0.718642
v 0.909007 0.826120 -0.708925
v 0.992268 -0.904928 -0.639936
v 1.189868 -0.362420 -0.699324
v 1.162779 -0.080908 -0.677333
v 1.125528 0.044030 -0.683888
v 1.148045 -0.685158 -0.691012
v 1.170701 -0.622221 -0.694330
v 1.118116 0.210273 -0.605625
v 1.098022 0.419549 -0.562447
v 1.089885 -0.777582 -0.514299
v 1.220511 0.036221 -0.494088
v 0.999420 0.672783 -0.642911
v 1.094744 -0.783837 -0.300841
v 1.290470 -0.447101 -0.405722
v 1.212811 -0.193921 -0.600764
v 1.258941 0.371909 -0.276401
v 1.022213 0.912314 -0.362136
v 1.305756 -0.449168 -0.283863
v 1.339262 -0.247664 -0.283039
v 1.331438 -0.114087 -0.285573
v 1.316296 0.033387 -0.281211
v 1.296875 0.197768 -0.266779
v 1.176944 0.662794 -0.270395
v 1.118751 0.782388 -0.262030
v 1.033281 0.917586 -0.264349
v 1.279614 -0.505477 -0.222761
v 1.326889 -0.397312 -0.276753
v 1.320599 -0.207185 -0.194174
v 1.314913 0.176784 -0.186894
v 1.292764 0.297846 -0.179952
v 1.219699 0.541935 -0.186700
v 1.082876 0.776714 0.181109
v 1.013906 0.887865 0.202289
v 0.991837 -0.935338 -0.225947
v 1.319508 0.014755 -0.183468
v 1.252590 0.381187 -0.015130
v 1.165422 0.598427 0.219332
v 1.144600 -0.739178 -0.119887
v 1.219709 -0.632685 0.042868
v 1.241999 0.025350 0.045018
v 1.084767 -0.875878 0.085833
v 1.181702 -0.736003 0.106145
v 1.213369 -0.526485 0.149042
v 1.239564 -0.259296 0.078820
v 1.223810 0.236230 0.094959
v 1.165473 -0.683617 0.272931
v 1.192064 -0.260504 0.235937
v 1.165565 -0.094780 0.258442
v 1.194566 0.503252 0.179675
v 1.023680 -0.932352 0.179149
v 1.143613 -0.790207 0.180402
v 1.132861 -0.691807 0.338372
v 1.116710 0.048496 0.364950
v 1.184607 0.319179 0.232535
v 1.028828 -0.796530 0.374456
v 1.155338 -0.558189 0.436846
v 1.192780 -0.417629 0.264611
v 1.156837 -0.211458 0.353120
v 1.119660 -0.015584 0.357951
v 1.154582 0.358540 0.376409
v 1.166424 0.523821 0.308954
v 1.131322 -0.614516 0.445195
v 1.147762 -0.489316 0.533837
v 1.167278 -0.370805 0.393471
v 1.148037 -0.249475 0.447988
v 1.104421 -0.015112 0.440340
v 1.101240 0.028685 0.452809
v 1.134553 0.266594 0.451015
v 1.109933 0.697290 0.493371
v 1.132996 -0.488930 0.606494
v 1.142251 -0.424241 0.628022
v 1.148460 -0.323151 0.538057
v 1.118298 -0.084518 0.549139
v 1.134859 0.456046 0.536803
v 1.124105 0.583819 0.543865
v 1.045959 0.798561 0.748113
v 0.958379 0.921940 0.746511
v 0.906176 -0.773326 0.579023
v 1.127175 0.240343 0.634269
v 1.133583 0.337751 0.550319
v 1.031236 -0.531003 0.736055
v 1.104135 -0.471920 0.687987
v 1.135894 -0.420318 0.698244
v 1.140276 -0.320147 0.766114
v 1.138918 -0.205450 0.722924
v 1.136893 0.093423 0.799310
v 0.930157 -0.644382 0.721602
v 1.052917 -0.433846 0.856749
v 1.131099 -0.305412 0.885558
v 1.143628 -0.222400 0.884563
v 1.130536 0.336339 0.788299
v 1.105662 0.570789 0.771451
v 0.965173 -0.513912 0.894422
v 1.123107 0.204513 0.885831
v 1.099877 0.436343 0.864403
v 1.043105 0.676966 0.845537
v 0.891534 -0.609408 0.837560
v 1.077398 -0.303730 0.994476
v 1.141401 -0.084257 0.894535
v 1.007971 0.819817 0.797917
v 0.853235 -0.598575 0.942485
v 0.969073 -0.441095 1.052337
v 0.984787 0.312996 1.048617
v 1.042742 -0.355933 1.026124
v 1.011524 -0.185042 1.085094
v 0.965718 -0.048425 1.122368
v 1.076605 0.564581 0.852177
v 0.772276 -0.625917 1.119356
v 0.929474 -0.274070 1.204753
v 0.830191 0.505371 1.227092
v 0.859338 -0.540426 1.100769
v 0.851090 0.099263 1.224174
v -0.985209 0.067409 -1.554110
v -0.965017 -0.015121 -1.556206
v -0.894755 0.116029 -1.652338
v -0.855203 0.377584 -1.470864
v -0.754006 0.498599 -1.452619
v -0.768356 -0.475901 -1.517132
v -0.872205 -0.236826 -1.569424
v -0.892239 -0.103339 -1.612881
v -0.865557 0.238756 -1.600887
v -0.539959 0.647674 -1.527150
v -0.674727 -0.636095 -1.487829
v -0.757846 -0.166323 -1.691257
v -0.792826 -0.024353 -1.717905
v -0.918382 0.069006 -1.642012
v -0.756076 -0.412832 -1.570876
v -0.760363 0.070601 -1.764192
v -0.781436 0.182283 -1.731564
v -0.749030 0.389222 -1.607210
v -0.566100 -0.796085 -1.457431
v -0.535778 -0.218823 -1.816400
v -0.636373 -0.029039 -1.825121
v -0.745256 0.294581 -1.702413
v -0.537700 -0.846838 -1.420313
v -0.574763 -0.713569 -1.511482
v -0.463226 -0.426374 -1.751990
v -0.614818 0.068773 -1.842839
v -0.610358 0.515341 -1.630197
v -0.387966 -0.837882 -1.536504
v -0.550140 0.000378 -1.881590
v -0.622725 0.365938 -1.753354
v -0.587314 0.444005 -1.733754
v -0.366539 -0.907122 -1.487426
v -0.453514 0.293075 -1.849893
v -0.483150 0.558261 -1.716874
v -0.390651 0.025487 -1.942729
v -0.445228 0.525155 -1.769176
v -0.389877 0.689449 -1.639801
v -0.198161 -0.873258 -1.607291
v -0.217957 -0.608239 -1.780948
v -0.313140 -0.302811 -1.899883
v -0.374522 -0.100737 -1.950141
v -0.315156 -0.079769 -1.980590
v -0.343307 0.620033 -1.762841
v -0.285109 0.846829 -1.506142
v -0.243322 -0.936698 -1.528772
v -0.246130 0.243338 -1.936602
v -0.265687 0.515699 -1.837468
v -0.272526 0.710186 -1.716419
v -0.137019 -0.471876 -1.894751
v -0.179984 -0.255325 -1.977277
v -0.158547 -0.155033 -2.019936
v -0.148339 -0.076936 -2.029350
v -0.169116 0.044075 -2.006794
v -0.181357 0.659959 -1.801329
v -0.169175 0.716284 -1.773770
v -0.120723 -0.960398 -1.554132
v -0.103715 -0.799316 -1.700714
v -0.107992 0.184896 -1.989498
v -0.100044 0.402149 -1.927070
v -0.140771 0.795870 -1.695486
v -0.166179 0.864639 -1.582201
v -0.009693 -0.167081 -2.057204
v 0.007372 0.630509 -1.858242
v -0.059755 0.730742 -1.795191
v 0.050424 0.816181 -1.755162
v -0.037399 0.873069 -1.648658
v -0.035254 0.965570 -1.510429
v -0.005034 -0.977360 -1.565459
v -0.012538 -0.917867 -1.638806
v 0.066738 -0.782646 -1.765617
v -0.037455 -0.645208 -1.828704
v -0.018916 -0.437598 -1.950293
v -0.001646 -0.266826 -2.028146
v 0.000000 -0.077978 -2.057037
v 0.037327 0.300208 -1.987566
v 0.081384 0.487106 -1.930430
v 0.070336 -0.867644 -1.687534
v 0.080091 -0.685298 -1.833446
v 0.075618 -0.546925 -1.915241
v 0.091050 -0.448823 -1.962359
v 0.084990 -0.300527 -2.007883
v 0.090534 -0.133610 -2.040582
v 0.076412 -0.022024 -2.056694
v 0.040891 0.084597 -2.041060
v 0.137358 0.764917 -1.804427
v 0.078577 0.941241 -1.598016
v 0.118792 -0.788864 -1.753000
v 0.162046 -0.667898 -1.852419
v 0.156323 0.067350 -2.040689
v 0.154987 0.154988 -2.037694
v 0.181422 0.325631 -1.996866
v 0.216651 0.607185 -1.890346
v 0.141965 0.901838 -1.655697
v 0.147589 0.971824 -1.554423
v 0.230979 -0.783027 -1.695531
v 0.277863 -0.578932 -1.846684
v 0.218425 -0.363209 -1.944147
v 0.260816 -0.100630 -1.984037
v 0.228913 0.215462 -2.017541
v 0.231191 0.308570 -2.002403
v 0.256375 0.488824 -1.941565
v 0.213777 0.701986 -1.822791
v 0.243740 0.834938 -1.665415
v 0.215376 0.940530 -1.553048
v 0.243226 0.976946 -1.458578
v 0.317475 0.379184 -1.973652
v 0.306350 0.460799 -1.949935
v 0.288242 0.595282 -1.867698
v 0.342022 0.729749 -1.701114
v 0.408444 -0.735188 -1.609597
v 0.350827 -0.637248 -1.765552
v 0.339835 -0.449813 -1.863176
v 0.419499 -0.275367 -1.870671
v 0.414470 -0.069856 -1.914816
v 0.368268 0.149113 -1.959314
v 0.425737 0.372240 -1.920354
v 0.406244 0.465704 -1.879205
v 0.358565 0.822297 -1.573320
v 0.341673 0.938200 -1.430121
v 0.435089 -0.562062 -1.772125
v 0.500404 -0.480306 -1.767515
v 0.519078 -0.628445 -1.632312
v 0.529516 0.077823 -1.870545
v 0.535750 0.275255 -1.872066
v 0.512579 0.376678 -1.848075
v 0.426000 0.600105 -1.754158
v 0.480219 0.760400 -1.506325
v 0.591137 0.382787 -1.763045
v 0.554884 0.550514 -1.656890
v 0.613475 -0.479411 -1.696633
v 0.645663 -0.375221 -1.713983
v 0.629817 -0.059119 -1.793123
v 0.684159 -0.453403 -1.650941
v 0.804258 -0.147530 -1.663723
v 0.758615 0.077756 -1.727911
v 0.649908 0.220853 -1.801182
v 0.822282 -0.042028 -1.666542
v 0.714883 0.270239 -1.693923
v 0.695080 0.414629 -1.595621
v 0.609712 0.634562 -1.467072
v 0.805351 -0.508154 -1.453500
v 0.747436 -0.384708 -1.642847
v 0.801425 0.106247 -1.678574
v 0.737298 0.468058 -1.450473
v 0.674610 0.728910 -1.186985
v 0.864246 -0.335470 -1.563296
v 0.877999 -0.264172 -1.575128
v 0.863079 -0.081346 -1.609664
v 0.880916 0.043080 -1.553729
v 0.858125 0.181225 -1.541904
v 0.888215 -0.383886 -1.489754
v 0.912902 -0.255546 -1.509125
v 0.920611 -0.107698 -1.496088
v 0.887667 0.253672 -1.415129
vn -0.6949 -0.7104 0.1112
vn -0.6891 -0.6604 -0.2984
vn -0.6198 -0.7543 -0.2165
vn -0.5293 -0.8296 -0.1778
vn -0.5691 -0.7847 -0.2457
vn -0.5449 -0.7780 -0.3128
vn -0.6360 -0.7268 -0.2594
vn -0.6562 -0.7404 -0.1454
vn -0.7035 -0.6909 0.1667
vn -0.7054 -0.6661 0.2423
vn -0.7040 -0.6850 0.1877
vn -0.7160 -0.6928 0.0857
vn -0.7078 -0.7060 0.0266
vn -0.7220 -0.6894 0.0581
vn 0.4354 -0.7244 -0.5346
vn 0.3037 -0.8699 -0.3885
vn 0.1971 -0.8241 -0.5311
vn -0.0025 -0.9166 -0.3999
vn -0.1987 -0.9088 -0.3669
vn -0.2935 -0.8932 -0.3406
vn -0.3960 -0.8665 -0.3040
vn -0.4991 -0.8235 -0.2695
vn -0.6442 -0.6748 -0.3602
vn -0.5573 -0.7954 -0.2382
vn -0.6754 -0.6646 -0.3196
vn 0.8281 0.4625 -0.3167
vn 0.9310 -0.0251 -0.3642
vn 0.8614 -0.2274 -0.4542
vn 0.8004 -0.3780 -0.4653
vn 0.5633 -0.6440 -0.5176
vn -0.8147 -0.5251 0.2461
vn -0.8036 -0.3985 0.4421
vn -0.8851 -0.2648 0.3827
vn -0.9170 -0.1458 0.3714
vn -0.9351 -0.0344 0.3526
vn -0.9242 0.0695 0.3756
vn -0.9458 0.1902 0.2634
vn -0.9305 0.2589 0.2590
vn -0.8938 0.3387 0.2939
vn -0.8557 0.4276 0.2914
vn 0.7779 0.2962 0.5542
vn 0.8291 0.0561 0.5562
vn 0.8294 0.1515 0.5378
vn 0.8205 -0.0314 0.5709
vn 0.5985 -0.4555 0.6591
vn 0.6054 -0.4347 0.6667
vn -0.5993 0.7018 -0.3852
vn -0.6581 0.6284 -0.4147
vn -0.7569 0.4508 -0.4732
vn -0.8195 0.3135 -0.4797
vn -0.8813 -0.0393 -0.4709
vn -0.8383 -0.3118 -0.4472
vn -0.8163 -0.4055 -0.4113
vn 0.7035 0.4538 0.5469
vn 0.6298 0.5483 0.5502
vn 0.5004 0.6588 0.5618
vn 0.4148 0.7194 0.5572
vn 0.3169 0.7524 0.5775
vn 0.1637 0.7125 0.6824
vn -0.0715 0.6888 0.7214
vn -0.2041 0.6370 0.7434
vn -0.3548 0.7193 0.5973
vn -0.4483 0.6510 0.6125
vn -0.6163 0.6949 0.3705
vn 0.5504 0.7467 -0.3734
vn 0.7017 0.6203 0.3504
vn 0.7371 0.4349 0.5173
vn -0.6257 -0.6984 0.3476
vn -0.4955 -0.6994 0.5151
vn -0.4235 -0.6903 0.5867
vn -0.2842 -0.7283 0.6236
vn -0.0570 -0.8506 0.5227
vn 0.1424 -0.7707 0.6210
vn 0.2733 -0.7661 0.5818
vn 0.3826 -0.7508 0.5384
vn 0.5065 -0.7461 0.4321
vn 0.5589 -0.6214 0.5490
vn 0.6406 -0.6528 0.4043
vn -0.5400 0.8400 -0.0527
vn -0.4487 0.8923 -0.0495
vn -0.4865 0.8684 -0.0957
vn -0.6007 0.7583 -0.2532
vn -0.5578 0.7325 -0.3902
vn -0.3763 0.8190 -0.4331
vn -0.1820 0.8867 -0.4249
vn -0.0162 0.8948 -0.4462
vn 0.3979 0.8687 -0.2949
vn 0.6972 0.6030 -0.3875
vn 0.6250 -0.6725 0.3964
vn 0.6217 -0.6397 0.4520
vn 0.6152 -0.6560 0.4372
vn 0.6269 -0.6989 0.3442
vn 0.7603 -0.6480 0.0462
vn 0.7448 -0.6637 -0.0695
vn 0.5219 -0.8377 -0.1608
vn 0.5238 -0.7691 -0.3663
vn 0.5612 0.7554 -0.3384
vn -0.5716 0.7199 -0.3938
vn -0.5840 0.7149 -0.3846
vn 0.6286 0.7053 -0.3278
vn 0.4795 0.8436 -0.2417
vn -0.4933 0.7680 -0.4085
vn -0.5585 0.6845 -0.4685
vn 0.6774 0.6211 -0.3942
vn 0.5330 0.7939 -0.2925
vn -0.3664 0.8759 -0.3138
vn -0.5475 0.6914 -0.4715
vn 0.4124 0.8672 -0.2790
vn 0.1902 0.9182 -0.3474
vn 0.0099 0.9330 -0.3597
vn -0.2340 0.8886 -0.3945
vn -0.4039 0.8351 -0.3735
vn -0.5105 0.7391 -0.4395
vn 0.2746 0.9219 -0.2733
vn 0.1292 0.9361 -0.3271
vn -0.4661 0.8267 -0.3152
vn 0.1311 0.9529 -0.2735
vn 0.4625 0.8363 -0.2944
vn -0.1499 0.9515 -0.2685
vn -0.4124 0.8913 -0.1884
vn 0.4682 0.8036 -0.3675
vn 0.0166 0.9938 -0.1097
vn -0.1510 0.9876 -0.0430
vn -0.3179 0.9452 -0.0747
vn -0.5271 0.7467 -0.4058
vn 0.4811 0.7830 -0.3943
vn 0.3175 0.8998 -0.2991
vn -0.3570 0.9332 0.0414
vn -0.4053 0.9114 -0.0714
vn -0.4172 0.8685 -0.2678
vn 0.0139 0.9921 -0.1246
vn -0.3219 0.9445 0.0657
vn 0.5207 0.7879 -0.3288
vn 0.4056 0.8453 -0.3478
vn -0.2483 0.9684 0.0248
vn -0.3185 0.9465 0.0528
vn 0.1259 0.9749 -0.1835
vn -0.2256 0.9739 -0.0229
vn 0.6724 0.7226 -0.1601
vn 0.3914 0.8815 -0.2641
vn 0.3367 0.8758 -0.3459
vn 0.0962 0.9771 -0.1898
vn -0.3192 0.9457 0.0608
vn -0.3109 0.9503 0.0148
vn -0.3858 0.9226 0.0007
vn 0.6466 0.7611 -0.0507
vn 0.4438 0.8546 -0.2698
vn 0.1946 0.9614 -0.1944
vn -0.3044 0.9515 -0.0450
vn -0.3148 0.9478 -0.0504
vn -0.3402 0.9384 -0.0612
vn 0.6510 0.7487 0.1250
vn 0.5540 0.8202 -0.1426
vn 0.4645 0.8844 -0.0452
vn 0.2307 0.9711 -0.0606
vn -0.0235 0.9986 -0.0467
vn -0.2183 0.9736 -0.0667
vn 0.5224 0.8497 0.0712
vn -0.1335 0.9883 -0.0731
vn 0.7599 0.6474 0.0589
vn 0.5999 0.7969 0.0714
vn 0.3237 0.9448 0.0506
vn -0.3108 0.9382 -0.1522
vn -0.4259 0.8989 -0.1026
vn -0.3298 0.9337 -0.1396
vn -0.0698 0.9964 0.0485
vn -0.2982 0.9440 -0.1414
vn 0.0947 0.9951 0.0275
vn -0.1188 0.9925 0.0274
vn -0.2202 0.9683 -0.1177
vn -0.2973 0.9409 -0.1619
vn -0.4776 0.8774 -0.0463
vn -0.5803 0.8144 0.0018
vn 0.7045 0.7012 0.1097
vn 0.1442 0.9769 0.1578
vn 0.0329 0.9835 0.1779
vn -0.2292 0.9667 -0.1140
vn -0.0166 0.9823 0.1865
vn -0.6472 0.7417 0.1761
vn 0.3228 0.9381 0.1257
vn -0.0077 0.9866 0.1627
vn -0.1508 0.9882 0.0250
vn -0.2063 0.9784 0.0103
vn -0.3910 0.9167 -0.0819
vn -0.6459 0.7316 0.2180
vn 0.4461 0.8541 0.2673
vn 0.2105 0.9424 0.2598
vn -0.2756 0.9571 0.0898
vn -0.4481 0.8856 0.1222
vn -0.5608 0.8177 0.1301
vn 0.1161 0.9675 0.2245
vn -0.0354 0.9842 0.1735
vn -0.5906 0.7490 0.3003
vn -0.6896 0.6552 0.3084
vn 0.5914 0.7466 0.3046
vn 0.2450 0.9370 0.2489
vn 0.5293 0.6988 0.4812
vn 0.4173 0.8012 0.4288
vn -0.1980 0.9519 0.2339
vn -0.3746 0.8857 0.2741
vn 0.6502 0.5655 0.5074
vn 0.2905 0.8723 0.3934
vn 0.5711 0.6257 0.5314
vn 0.4747 0.7147 0.5137
vn 0.3463 0.8170 0.4610
vn 0.2221 0.9008 0.3730
vn 0.0508 0.9707 0.2350
vn -0.1683 0.9085 0.3825
vn -0.5444 0.7680 0.3372
vn 0.2540 0.8352 0.4878
vn 0.1015 0.9189 0.3813
vn -0.3489 0.8443 0.4066
vn -0.4900 0.7616 0.4241
vn 0.0244 0.8085 0.5879
vn -0.2171 0.7520 0.6223
vn 0.6515 -0.4585 0.6044
vn 0.7143 -0.3604 0.6000
vn 0.7720 -0.2659 0.5773
vn 0.8662 0.0963 0.4904
vn 0.8987 0.0897 0.4292
vn 0.8680 0.0395 0.4949
vn 0.6722 -0.5863 0.4521
vn 0.6645 -0.5151 0.5414
vn 0.8670 0.0735 0.4929
vn 0.8378 0.1393 0.5280
vn 0.6573 -0.3972 0.6405
vn 0.8645 0.0932 0.4939
vn 0.7889 0.2183 0.5744
vn 0.7269 0.3732 0.5764
vn 0.7864 -0.1390 0.6018
vn 0.8155 0.0863 0.5723
vn 0.8074 0.1540 0.5695
vn 0.7321 0.2878 0.6175
vn 0.5920 -0.5104 0.6238
vn 0.6638 -0.4780 0.5752
vn 0.6997 -0.1946 0.6875
vn 0.6872 0.3924 0.6113
vn 0.6472 0.4932 0.5813
vn 0.7157 -0.4752 0.5119
vn 0.7300 0.0254 0.6830
vn 0.7336 0.1709 0.6577
vn 0.5473 0.5794 0.6040
vn 0.6601 -0.4685 0.5872
vn 0.6285 -0.3894 0.6733
vn 0.6637 0.3015 0.6846
vn 0.6278 0.4076 0.6631
vn 0.5972 0.4872 0.6371
vn 0.5974 -0.5122 0.6171
vn 0.6049 -0.1299 0.7856
vn 0.6615 0.0911 0.7444
vn 0.6347 0.1918 0.7485
vn 0.5925 -0.4569 0.6634
vn 0.5291 -0.3951 0.7509
vn 0.5225 -0.3143 0.7926
vn 0.5621 0.0341 0.8264
vn 0.5741 0.2582 0.7770
vn 0.5620 0.3509 0.7490
vn 0.5453 0.4246 0.7228
vn 0.5223 0.5020 0.6893
vn 0.5079 -0.5778 0.6388
vn 0.5048 -0.4937 0.7081
vn 0.4804 -0.1816 0.8580
vn 0.3925 0.1933 0.8992
vn 0.4662 0.5786 0.6693
vn 0.4098 0.6628 0.6267
vn 0.4451 -0.6520 0.6138
vn 0.4120 -0.2991 0.8607
vn 0.3986 -0.0108 0.9171
vn 0.3801 0.3267 0.8653
vn 0.4433 0.4270 0.7881
vn 0.2533 0.5221 0.8144
vn 0.4362 -0.5567 0.7070
vn 0.4100 -0.4259 0.8066
vn 0.0555 0.2419 0.9687
vn 0.0613 0.3153 0.9470
vn 0.1378 0.4328 0.8909
vn 0.3166 0.6099 0.7265
vn 0.3670 -0.6577 0.6578
vn 0.3329 -0.5788 0.7444
vn 0.3345 -0.5114 0.7916
vn 0.2634 -0.3040 0.9155
vn 0.1972 -0.0975 0.9755
vn 0.0835 0.1016 0.9913
vn -0.1722 0.2267 0.9586
vn -0.1602 0.2958 0.9417
vn -0.1503 0.3585 0.9214
vn -0.1114 0.4419 0.8901
vn 0.2775 -0.6446 0.7124
vn 0.2496 -0.4374 0.8639
vn -0.0051 -0.1041 0.9946
vn -0.0453 0.0030 0.9990
vn -0.2099 0.1657 0.9636
vn -0.0053 0.5455 0.8381
vn 0.0998 0.6443 0.7583
vn 0.2090 -0.7133 0.6689
vn 0.2138 -0.5969 0.7733
vn 0.1820 -0.5352 0.8249
vn 0.0411 -0.2503 0.9673
vn -0.1983 0.4598 0.8656
vn 0.1443 -0.6660 0.7319
vn 0.1145 -0.4605 0.8802
vn -0.0766 -0.2293 0.9703
vn -0.2412 0.0434 0.9695
vn -0.3031 0.1356 0.9433
vn -0.3288 0.2145 0.9197
vn -0.2625 0.2883 0.9208
vn -0.2473 0.3766 0.8928
vn -0.1807 0.5701 0.8014
vn -0.0644 -0.6391 0.7664
vn -0.2411 0.5026 0.8302
vn -0.0922 -0.7253 0.6822
vn -0.0517 -0.5376 0.8416
vn -0.1348 -0.3380 0.9314
vn -0.3043 -0.0381 0.9518
vn -0.3463 0.0701 0.9355
vn -0.3072 0.4076 0.8599
vn -0.2825 0.5672 0.7736
vn -0.3418 -0.6506 0.6781
vn -0.3180 -0.2893 0.9029
vn -0.3713 0.1615 0.9144
vn -0.3494 0.2868 0.8920
vn -0.3449 0.4624 0.8169
vn -0.2980 -0.5228 0.7987
vn -0.3659 -0.0579 0.9288
vn -0.4138 0.1564 0.8968
vn -0.3875 0.3631 0.8474
vn -0.4122 -0.5280 0.7425
vn -0.4179 -0.2808 0.8640
vn -0.4144 0.0435 0.9090
vn -0.3456 0.5437 0.7648
vn -0.4424 -0.0644 0.8945
vn -0.4459 -0.6163 0.6491
vn -0.4868 -0.3657 0.7933
vn -0.4139 0.2695 0.8695
vn -0.5047 0.4979 0.7052
vn -0.4926 -0.0768 0.8669
vn -0.4817 0.0598 0.8743
vn -0.4456 0.3585 0.8203
vn -0.5031 -0.5708 0.6489
vn -0.5251 0.6197 0.5833
vn -0.5794 -0.1923 0.7920
vn -0.5417 -0.0171 0.8404
vn -0.5086 0.1357 0.8502
vn -0.4746 0.2155 0.8534
vn -0.4695 0.2839 0.8361
vn -0.6550 0.6008 0.4582
vn -0.5691 -0.4188 0.7076
vn -0.7261 0.5776 0.3731
vn -0.7049 -0.4514 0.5471
vn -0.7065 -0.1486 0.6920
vn -0.6131 0.0195 0.7898
vn -0.6057 0.2960 0.7386
vn -0.6423 0.3832 0.6638
vn -0.6548 0.4712 0.5910
vn -0.5555 -0.5686 0.6067
vn -0.7465 -0.3398 0.5720
vn -0.8398 -0.1307 0.5269
vn -0.8034 -0.0121 0.5953
vn -0.7517 0.0677 0.6560
vn -0.7217 0.1786 0.6688
vn -0.7569 0.2833 0.5889
vn -0.8128 0.4117 0.4121
vn -0.6947 -0.5736 0.4340
vn -0.9074 0.1566 0.3899
vn -0.8890 0.2780 0.3637
vn -0.7805 0.5355 0.3228
vn -0.9221 -0.2259 0.3141
vn -0.9650 -0.0243 0.2611
vn -0.9688 0.0461 0.2436
vn -0.9675 0.1306 0.2167
vn -0.8535 -0.4960 0.1595
vn -0.8972 -0.3313 0.2921
vn -0.9470 -0.1232 0.2968
vn -0.9701 0.0964 0.2227
vn -0.8384 0.4634 0.2870
vn -0.9210 0.2788 0.2721
vn -0.9631 0.0186 0.2684
vn -0.9669 0.1496 0.2067
vn -0.8867 -0.4305 0.1687
vn -0.9343 -0.2754 0.2262
vn -0.9599 -0.0932 0.2642
vn -0.9437 0.1871 0.2730
vn -0.7426 -0.6659 0.0710
vn -0.9446 0.0910 0.3152
vn -0.9252 0.1704 0.3392
vn -0.9085 0.2764 0.3133
vn -0.8702 0.3991 0.2891
vn -0.9473 -0.1688 0.2722
vn -0.9484 0.0060 0.3170
vn -0.7166 -0.6828 0.1426
vn -0.8578 -0.4762 0.1933
vn -0.9805 0.1200 0.1559
vn -0.9221 0.2795 0.2676
vn -0.7401 0.6457 0.1878
vn -0.7678 -0.6168 0.1733
vn -0.9145 -0.3452 0.2109
vn -0.9927 0.0541 0.1081
vn -0.9673 0.1668 0.1908
vn -0.6783 0.7320 0.0635
vn -0.9921 -0.0866 0.0903
vn -0.8818 0.4109 0.2315
vn -0.7880 0.6058 0.1095
vn -0.9377 -0.3432 0.0540
vn -0.9856 -0.0956 -0.1398
vn -0.9804 0.0386 -0.1930
vn -0.9811 0.1023 -0.1643
vn -0.9763 0.2154 -0.0198
vn -0.9387 0.3440 0.0236
vn -0.7098 0.6998 -0.0808
vn -0.7457 -0.6184 0.2481
vn -0.8250 -0.5361 0.1787
vn -0.9810 -0.1510 -0.1221
vn -0.9662 0.0681 -0.2487
vn -0.8392 0.5435 -0.0167
vn -0.5105 0.8560 -0.0815
vn -0.8407 -0.5255 0.1310
vn -0.9205 -0.3886 0.0402
vn -0.9625 0.0775 -0.2599
vn -0.9852 0.1386 -0.1011
vn -0.9327 0.3310 -0.1435
vn -0.7340 -0.6763 -0.0622
vn -0.8220 -0.5675 -0.0472
vn -0.9239 -0.3796 -0.0478
vn -0.9689 0.0681 -0.2379
vn -0.9743 0.0660 -0.2151
vn -0.9701 0.1622 -0.1805
vn -0.5630 0.8251 -0.0471
vn -0.9812 0.0430 -0.1880
vn -0.9727 0.1119 -0.2034
vn -0.7176 -0.6454 -0.2617
vn -0.9097 -0.3793 -0.1691
vn -0.9798 -0.1244 -0.1565
vn -0.9906 0.0088 -0.1366
vn -0.9868 0.0962 -0.1301
vn -0.9877 0.0735 -0.1382
vn -0.9805 0.1390 -0.1390
vn -0.9199 0.3518 -0.1734
vn -0.8261 0.5099 -0.2401
vn -0.7426 0.6634 -0.0914
vn -0.8407 -0.4980 -0.2125
vn -0.9958 0.0852 -0.0331
vn -0.9880 0.0440 -0.1482
vn -0.9375 -0.2994 -0.1775
vn -0.9974 0.0022 -0.0717
vn -0.9936 0.0950 -0.0610
vn -0.7133 0.6301 -0.3069
vn -0.9955 0.0941 0.0075
vn -0.9946 0.0825 -0.0625
vn -0.9450 0.2793 -0.1700
vn -0.8830 0.3940 -0.2549
vn -0.7537 0.5334 -0.3839
vn -0.7841 -0.5183 -0.3413
vn -0.8514 -0.4467 -0.2748
vn -0.9964 0.0851 0.0017
vn -0.9297 -0.2354 -0.2831
vn -0.9904 -0.0661 -0.1212
vn -0.9725 -0.1535 -0.1754
vn -0.9962 -0.0422 -0.0765
vn -0.9444 0.2910 -0.1530
vn -0.8044 0.4772 -0.3539
vn -0.7101 0.5585 -0.4287
vn -0.5659 0.6571 -0.4979
vn -0.8667 -0.3304 -0.3737
vn -0.9913 0.1268 -0.0338
vn -0.9773 0.1893 -0.0955
vn -0.8796 0.3940 -0.2665
vn -0.7484 0.5429 -0.3811
vn -0.7294 -0.5990 -0.3305
vn -0.8720 -0.3392 -0.3529
vn -0.9363 -0.2275 -0.2677
vn -0.9910 -0.0392 -0.1277
vn -0.9976 0.0679 -0.0151
vn -0.9512 0.2691 -0.1507
vn -0.8215 0.4612 -0.3353
vn -0.8846 -0.2968 -0.3596
vn -0.9714 -0.0984 -0.2163
vn -0.9835 0.1515 -0.0992
vn -0.9570 0.2353 -0.1695
vn -0.8806 0.3750 -0.2898
vn -0.6009 0.6624 -0.4473
vn -0.7725 -0.4686 -0.4285
vn -0.9741 0.0596 -0.2183
vn -0.9102 0.2941 -0.2916
vn -0.8374 0.4120 -0.3591
vn -0.7275 0.5318 -0.4335
vn -0.9095 -0.0618 -0.4111
vn -0.8797 0.2586 -0.3991
vn -0.7919 -0.4634 -0.3977
vn 0.0885 -0.9431 -0.3206
vn 0.3768 -0.8594 -0.3455
vn -0.3161 -0.9165 -0.2451
vn -0.2366 -0.9341 -0.2675
vn -0.1398 -0.9521 -0.2721
vn 0.0367 -0.9816 -0.1876
vn 0.2039 -0.9678 -0.1480
vn 0.4499 -0.7661 -0.4591
vn -0.4571 -0.8747 -0.1612
vn -0.4102 -0.8894 -0.2016
vn -0.3265 -0.9278 -0.1808
vn -0.0047 -0.9896 -0.1441
vn 0.2833 -0.9467 -0.1534
vn 0.4164 -0.8344 -0.3611
vn 0.4491 -0.8231 -0.3476
vn -0.1001 -0.9856 -0.1365
vn 0.1565 -0.9868 -0.0412
vn 0.3098 -0.9407 -0.1385
vn 0.2063 -0.9742 -0.0913
vn 0.3940 -0.9011 -0.1808
vn -0.3859 -0.9082 -0.1621
vn 0.1576 -0.9874 -0.0119
vn 0.3499 -0.9203 -0.1750
vn -0.4960 -0.8373 -0.2302
vn -0.4459 -0.8730 -0.1977
vn -0.1039 -0.9864 -0.1270
vn 0.2478 -0.9568 -0.1522
vn -0.3839 -0.8932 -0.2342
vn 0.0957 -0.9897 -0.1066
vn 0.1950 -0.9804 -0.0293
vn -0.1963 -0.9632 -0.1836
vn 0.1627 -0.9847 -0.0619
vn 0.1483 -0.9837 -0.1013
vn -0.4704 -0.8292 -0.3020
vn -0.4109 -0.8505 -0.3284
vn -0.2887 -0.9224 -0.2565
vn 0.1969 -0.9655 -0.1705
vn 0.2027 -0.9636 -0.1745
vn 0.1305 -0.9685 -0.2120
vn -0.3545 -0.8856 -0.3002
vn -0.0083 -0.9697 -0.2440
vn 0.2060 -0.9476 -0.2443
vn 0.1057 -0.9747 -0.1971
vn 0.2237 -0.9512 -0.2126
vn 0.3075 -0.9240 -0.2274
vn 0.4347 -0.8752 -0.2123
vn 0.6492 -0.7468 -0.1445
vn -0.5014 -0.8101 -0.3040
vn -0.4346 -0.8701 -0.2324
vn 0.0516 -0.9683 -0.2444
vn 0.1579 -0.9428 -0.2937
vn -0.6008 -0.7736 -0.2012
vn 0.1548 -0.9443 -0.2906
vn 0.5585 -0.8105 -0.1767
vn -0.6554 -0.7529 0.0596
vn -0.6042 -0.7958 -0.0413
vn -0.3355 -0.9155 -0.2220
vn -0.1667 -0.9730 -0.1597
vn 0.1269 -0.9456 -0.2996
vn 0.2197 -0.9377 -0.2691
vn -0.5863 -0.8027 0.1095
vn -0.5088 -0.8602 0.0340
vn -0.3458 -0.9344 0.0856
vn -0.1335 -0.9887 0.0687
vn -0.0191 -0.9996 -0.0230
vn 0.0631 -0.9841 -0.1659
vn 0.5151 -0.8470 -0.1315
vn -0.1484 -0.9675 0.2049
vn -0.0444 -0.9988 -0.0224
vn 0.1062 -0.9637 -0.2449
vn 0.2742 -0.9424 -0.1915
vn 0.3780 -0.9243 -0.0527
vn 0.6729 -0.7321 0.1066
vn -0.6776 -0.6887 0.2581
vn -0.5379 -0.8049 0.2506
vn -0.2258 -0.9364 0.2686
vn -0.0915 -0.9901 0.1061
vn -0.0224 -0.9989 -0.0407
vn 0.2178 -0.9685 -0.1206
vn 0.3385 -0.9390 -0.0616
vn 0.4394 -0.8711 0.2193
vn 0.5392 -0.8240 0.1739
vn -0.3982 -0.8764 0.2708
vn 0.0089 -0.9852 0.1711
vn 0.2146 -0.9649 0.1512
vn 0.3827 -0.8924 0.2392
vn 0.4349 -0.8805 0.1884
vn 0.5072 -0.7693 0.3885
vn -0.6407 -0.7413 0.2002
vn -0.2428 -0.9306 0.2741
vn -0.1710 -0.9603 0.2205
vn 0.3288 -0.8875 0.3229
vn 0.5570 -0.7106 0.4299
vn -0.3396 -0.9237 0.1773
vn -0.2500 -0.9501 0.1867
vn -0.2274 -0.9528 0.2014
vn 0.0986 -0.9577 0.2705
vn 0.4645 -0.7985 0.3828
vn -0.2512 -0.9583 0.1362
vn -0.0440 -0.9801 0.1935
vn 0.2991 -0.9042 0.3048
vn 0.4292 -0.8331 0.3490
vn -0.5635 -0.8175 0.1192
vn -0.2723 -0.9566 0.1034
vn -0.2604 -0.9612 0.0911
vn -0.1228 -0.9723 0.1986
vn 0.1047 -0.9596 0.2613
vn 0.5249 -0.7758 0.3502
vn 0.5539 -0.7143 0.4278
vn -0.5064 -0.8597 0.0675
vn 0.3168 -0.8995 0.3008
vn -0.3001 -0.9507 0.0781
vn -0.2472 -0.9658 0.0788
vn 0.2216 -0.9381 0.2663
vn 0.5982 -0.7133 0.3653
vn -0.0571 -0.9851 0.1624
vn -0.2839 -0.9537 0.0992
vn -0.2269 -0.9687 0.1003
vn 0.4937 -0.8147 0.3042
vn 0.5949 -0.7529 0.2814
vn 0.6689 -0.6594 0.3430
vn -0.6056 -0.7913 0.0842
vn -0.4305 -0.8945 0.1206
vn -0.0864 -0.9841 0.1551
vn 0.1814 -0.9435 0.2773
vn 0.3786 -0.8414 0.3855
vn 0.6805 -0.6931 0.2376
vn 0.2957 -0.8562 0.4236
vn 0.6637 -0.7090 0.2383
vn -0.2558 -0.8834 0.3928
vn -0.0416 -0.9582 0.2831
vn 0.6968 -0.7007 0.1534
vn -0.4981 -0.8155 0.2947
vn -0.3650 -0.8460 0.3886
vn 0.1561 -0.8742 0.4597
vn 0.7575 -0.4498 -0.4733
vn 0.9077 -0.1852 -0.3765
vn 0.9458 -0.0111 -0.3247
vn 0.9437 0.1877 -0.2723
vn 0.7826 0.5177 -0.3457
vn 0.6888 -0.5900 -0.4212
vn 0.9383 -0.0724 -0.3381
vn 0.9560 0.0961 -0.2772
vn 0.9454 0.0910 -0.3129
vn 0.9256 0.3097 -0.2176
vn 0.8943 0.3518 -0.2766
vn 0.7587 0.4748 -0.4459
vn 0.9490 0.1800 -0.2587
vn 0.9772 0.1822 -0.1091
vn 0.8841 -0.2778 -0.3757
vn 0.9498 0.2880 -0.1225
vn 0.9644 0.1295 -0.2306
vn 0.8634 0.3369 -0.3755
vn 0.8185 0.3763 -0.4341
vn 0.7964 -0.4592 -0.3936
vn 0.9236 0.2833 -0.2583
vn 0.9416 0.3182 -0.1105
vn 0.8974 0.3577 -0.2582
vn 0.9326 0.2385 -0.2709
vn 0.9348 0.0715 -0.3480
vn 0.9195 0.2080 -0.3337
vn 0.6921 0.5572 -0.4589
vn 0.6014 -0.7309 -0.3227
vn 0.7824 -0.5956 -0.1821
vn 0.9431 0.1373 -0.3030
vn 0.9035 0.2749 -0.3287
vn 0.8720 0.2059 -0.4441
vn 0.9005 0.1392 -0.4119
vn 0.8291 0.3881 -0.4024
vn 0.6892 0.5993 -0.4072
vn 0.6891 -0.7184 -0.0950
vn 0.9461 0.0165 -0.3236
vn 0.9072 0.2002 -0.3701
vn 0.8666 0.2751 -0.4164
vn 0.8761 -0.4544 -0.1610
vn 0.9313 -0.2557 -0.2593
vn 0.8424 0.2151 -0.4940
vn 0.8642 0.1779 -0.4707
vn 0.8211 -0.5701 -0.0278
vn 0.8887 0.1815 -0.4211
vn 0.8828 0.2514 -0.3969
vn 0.8250 -0.5623 -0.0560
vn 0.9497 -0.2086 -0.2336
vn 0.9253 0.1113 -0.3626
vn 0.9275 0.2348 -0.2907
vn 0.7602 0.5802 -0.2924
vn 0.9089 -0.4139 -0.0515
vn 0.9981 -0.0031 -0.0613
vn 0.9883 0.0648 -0.1380
vn 0.9677 0.1087 -0.2276
vn 0.9414 0.1656 -0.2939
vn 0.9164 0.3602 -0.1746
vn 0.8779 0.4725 -0.0782
vn 0.8139 0.5803 -0.0270
vn 0.8881 -0.4582 -0.0364
vn 0.9825 -0.1860 -0.0038
vn 0.9739 -0.0150 0.2266
vn 0.9931 0.1021 0.0582
vn 0.9760 0.2173 -0.0126
vn 0.9502 0.3115 0.0047
vn 0.8762 0.4786 0.0568
vn 0.8198 0.5700 0.0540
vn 0.7890 -0.6071 -0.0951
vn 0.9864 0.0328 0.1610
vn 0.9690 0.1632 0.1854
vn 0.9446 0.3132 0.0979
vn 0.8272 -0.5496 -0.1168
vn 0.9620 -0.2350 0.1393
vn 0.9406 0.0177 0.3390
vn 0.8017 -0.5975 -0.0168
vn 0.9028 -0.4278 0.0440
vn 0.9730 -0.0951 0.2105
vn 0.9562 0.0163 0.2922
vn 0.9508 -0.0002 0.3100
vn 0.9097 -0.3225 0.2616
vn 0.9614 0.0911 0.2595
vn 0.9409 0.0999 0.3237
vn 0.9738 0.1325 0.1846
vn 0.7148 -0.6367 0.2892
vn 0.8176 -0.5328 0.2183
vn 0.7648 -0.5190 0.3817
vn 0.9684 -0.0492 0.2445
vn 0.9659 -0.0379 0.2563
vn 0.6807 -0.5944 0.4282
vn 0.9526 -0.2118 0.2183
vn 0.9795 -0.0018 0.2014
vn 0.9674 0.1431 0.2088
vn 0.9605 0.0864 0.2645
vn 0.9850 -0.0570 0.1628
vn 0.9819 0.0978 0.1620
vn 0.8036 -0.4679 0.3677
vn 0.9809 -0.1133 0.1582
vn 0.9856 0.0615 0.1573
vn 0.9855 0.1318 0.1072
vn 0.9912 0.1091 0.0750
vn 0.9991 -0.0203 0.0365
vn 0.9895 -0.1194 0.0814
vn 0.9414 0.3272 0.0822
vn 0.8703 -0.3894 0.3016
vn 0.9762 -0.1616 0.1444
vn 0.9954 0.0650 0.0704
vn 0.9935 0.1014 -0.0513
vn 0.9941 0.0418 0.0998
vn 0.9855 0.1279 0.1113
vn 0.8698 0.4314 0.2396
vn 0.7759 0.6030 0.1854
vn 0.6123 -0.6303 0.4772
vn 0.9987 -0.0465 -0.0204
vn 0.9980 -0.0343 0.0524
vn 0.6883 -0.6182 0.3795
vn 0.7806 -0.5258 0.3378
vn 0.9257 -0.3121 0.2139
vn 0.9973 -0.0534 0.0498
vn 0.9989 0.0390 -0.0273
vn 0.9995 0.0303 -0.0028
vn 0.6171 -0.6589 0.4301
vn 0.7435 -0.5812 0.3309
vn 0.9103 -0.2803 0.3048
vn 0.9693 -0.0472 0.2414
vn 0.9910 0.0690 0.1146
vn 0.9563 0.1979 0.2151
vn 0.6826 -0.6605 0.3128
vn 0.9218 0.0778 0.3797
vn 0.8963 0.1473 0.4183
vn 0.8330 0.3044 0.4620
vn 0.6090 -0.7118 0.3501
vn 0.8475 -0.1446 0.5108
vn 0.9537 0.0308 0.2992
vn 0.7742 0.4549 0.4402
vn 0.6327 -0.7342 0.2461
vn 0.7150 -0.5287 0.4575
vn 0.7931 0.0912 0.6023
vn 0.7866 -0.3902 0.4786
vn 0.8139 0.0509 0.5788
vn 0.7829 0.1194 0.6105
vn 0.8613 0.2367 0.4496
vn 0.6849 -0.6316 0.3633
vn 0.7552 -0.2239 0.6161
vn 0.8140 0.1662 0.5566
vn 0.6766 -0.5688 0.4675
vn 0.7955 0.1005 0.5976
vn -0.8290 0.0803 -0.5534
vn -0.8052 -0.2394 -0.5425
vn -0.6968 0.2757 -0.6622
vn -0.6881 0.5643 -0.4562
vn -0.6364 0.6497 -0.4159
vn -0.7016 -0.4721 -0.5337
vn -0.7125 -0.3765 -0.5922
vn -0.6886 -0.2808 -0.6686
vn -0.7129 0.4507 -0.5373
vn -0.5775 0.6983 -0.4228
vn -0.6518 -0.5079 -0.5632
vn -0.5506 -0.3299 -0.7668
vn -0.5815 -0.2329 -0.7795
vn -0.7233 0.0055 -0.6905
vn -0.5664 -0.4188 -0.7097
vn -0.5492 -0.0072 -0.8357
vn -0.5767 0.2745 -0.7695
vn -0.6504 0.5576 -0.5158
vn -0.5659 -0.5965 -0.5692
vn -0.4832 -0.3532 -0.8011
vn -0.5149 -0.1955 -0.8346
vn -0.6205 0.4417 -0.6480
vn -0.5096 -0.7392 -0.4404
vn -0.4887 -0.4875 -0.7235
vn -0.4574 -0.4346 -0.7759
vn -0.4419 0.1200 -0.8890
vn -0.5942 0.6274 -0.5034
vn -0.4196 -0.5628 -0.7122
vn -0.4446 -0.0388 -0.8949
vn -0.4905 0.3884 -0.7801
vn -0.5307 0.5058 -0.6801
vn -0.4023 -0.7476 -0.5284
vn -0.3476 0.2775 -0.8956
vn -0.5280 0.6227 -0.5775
vn -0.3429 0.1363 -0.9294
vn -0.4174 0.4501 -0.7894
vn -0.5055 0.7028 -0.5006
vn -0.3279 -0.5970 -0.7322
vn -0.3766 -0.4871 -0.7880
vn -0.4037 -0.3818 -0.8314
vn -0.4189 -0.1847 -0.8890
vn -0.3326 -0.0252 -0.9427
vn -0.4008 0.5450 -0.7364
vn -0.4724 0.7589 -0.4482
vn -0.3275 -0.7647 -0.5551
vn -0.2844 0.2649 -0.9214
vn -0.2861 0.3521 -0.8912
vn -0.4179 0.6776 -0.6051
vn -0.3237 -0.4383 -0.8385
vn -0.3276 -0.3467 -0.8789
vn -0.3008 -0.2227 -0.9273
vn -0.2485 0.0217 -0.9684
vn -0.2433 0.1759 -0.9539
vn -0.2755 0.4551 -0.8467
vn -0.3028 0.6044 -0.7369
vn -0.2386 -0.7998 -0.5509
vn -0.2907 -0.5603 -0.7756
vn -0.2179 0.2401 -0.9460
vn -0.2225 0.3231 -0.9198
vn -0.3297 0.7340 -0.5938
vn -0.3815 0.7738 -0.5056
vn -0.0476 -0.1675 -0.9847
vn -0.1527 0.4159 -0.8965
vn -0.2086 0.5622 -0.8003
vn -0.1245 0.7001 -0.7031
vn -0.2700 0.7770 -0.5687
vn -0.2891 0.8171 -0.4988
vn -0.0475 -0.8373 -0.5446
vn -0.0981 -0.7134 -0.6939
vn -0.0551 -0.6059 -0.7936
vn -0.2619 -0.5112 -0.8186
vn -0.2213 -0.4181 -0.8810
vn -0.0695 -0.3100 -0.9482
vn -0.0564 0.0322 -0.9979
vn -0.1524 0.2772 -0.9486
vn -0.1218 0.3605 -0.9248
vn 0.1823 -0.7224 -0.6670
vn -0.1243 -0.5525 -0.8242
vn -0.1003 -0.4620 -0.8812
vn 0.1020 -0.3611 -0.9269
vn 0.2351 -0.2426 -0.9412
vn 0.2502 -0.1448 -0.9573
vn 0.1130 0.0128 -0.9935
vn -0.1048 0.1692 -0.9800
vn 0.1211 0.6133 -0.7805
vn -0.1242 0.8201 -0.5586
vn 0.2303 -0.6751 -0.7008
vn 0.1946 -0.5480 -0.8135
vn 0.2203 -0.0074 -0.9754
vn 0.0555 0.1338 -0.9895
vn -0.0474 0.2807 -0.9586
vn 0.1337 0.4787 -0.8677
vn 0.1817 0.7665 -0.6161
vn 0.1893 0.8472 -0.4964
vn 0.4031 -0.6892 -0.6021
vn 0.3908 -0.3986 -0.8297
vn 0.3647 -0.2478 -0.8976
vn 0.3848 -0.1421 -0.9120
vn 0.2448 0.0896 -0.9654
vn 0.0630 0.2255 -0.9722
vn 0.0615 0.4121 -0.9091
vn 0.3763 0.6030 -0.7034
vn 0.4493 0.6775 -0.5823
vn 0.4277 0.7546 -0.4977
vn 0.3947 0.8392 -0.3741
vn 0.2974 0.2352 -0.9253
vn 0.2779 0.4122 -0.8676
vn 0.4228 0.5419 -0.7264
vn 0.5287 0.6204 -0.5793
vn 0.4995 -0.6718 -0.5470
vn 0.4481 -0.5985 -0.6641
vn 0.4226 -0.2746 -0.8637
vn 0.4589 -0.2060 -0.8643
vn 0.4582 -0.1379 -0.8781
vn 0.4234 -0.0276 -0.9055
vn 0.5079 0.2568 -0.8223
vn 0.5364 0.4690 -0.7016
vn 0.5535 0.6589 -0.5095
vn 0.5062 0.7593 -0.4089
vn 0.4808 -0.4761 -0.7364
vn 0.4803 -0.2977 -0.8250
vn 0.5428 -0.6317 -0.5534
vn 0.4940 -0.0692 -0.8667
vn 0.5589 0.1595 -0.8138
vn 0.6150 0.4089 -0.6742
vn 0.5775 0.5585 -0.5954
vn 0.6425 0.6126 -0.4604
vn 0.6670 0.4445 -0.5980
vn 0.6664 0.5373 -0.5169
vn 0.5596 -0.4535 -0.6937
vn 0.5243 -0.2498 -0.8141
vn 0.5192 -0.1410 -0.8429
vn 0.5865 -0.4971 -0.6395
vn 0.6217 -0.1449 -0.7697
vn 0.6375 0.0173 -0.7703
vn 0.6359 0.1897 -0.7481
vn 0.7224 -0.0260 -0.6910
vn 0.7386 0.3962 -0.5454
vn 0.7416 0.4836 -0.4650
vn 0.7236 0.5572 -0.4073
vn 0.6103 -0.5951 -0.5230
vn 0.5927 -0.3717 -0.7146
vn 0.7884 0.1932 -0.5841
vn 0.7695 0.5149 -0.3778
vn 0.7673 0.5185 -0.3773
vn 0.7083 -0.3331 -0.6224
vn 0.7722 -0.1455 -0.6185
vn 0.8313 0.0052 -0.5558
vn 0.8949 0.1323 -0.4263
vn 0.8501 0.3035 -0.4303
vn 0.6947 -0.4883 -0.5282
vn 0.8898 -0.0756 -0.4500
vn 0.9145 0.0386 -0.4028
vn 0.8667 0.3574 -0.3481
vt 0.750000 0.511636
vt 0.737655 0.510863
vt 0.742188 0.502700
vt 0.656154 0.516491
vt 0.642752 0.529320
vt 0.635609 0.526268
vt 0.749992 0.531242
vt 0.787883 0.521370
vt 0.771985 0.553256
vt 0.762154 0.506907
vt 0.854426 0.518040
vt 0.821482 0.534171
vt 0.809738 0.515621
vt 0.701604 0.529756
vt 0.721478 0.507141
vt 0.723279 0.546800
vt 0.800272 0.539316
vt 0.705405 0.551810
vt 0.757813 0.537037
vt 0.750000 0.539063
vt 0.852455 0.565637
vt 0.628053 0.550256
vt 0.757774 0.554418
vt 0.823302 0.561385
vt 0.803589 0.562228
vt 0.682721 0.567516
vt 0.637487 0.565591
vt 0.710601 0.574465
vt 0.780336 0.562500
vt 0.788170 0.554391
vt 0.742270 0.562625
vt 0.750000 0.564920
vt 0.733575 0.581141
vt 0.753673 0.590819
vt 0.757812 0.562500
vt 0.812649 0.570312
vt 0.834096 0.570313
vt 0.651165 0.601310
vt 0.727705 0.576940
vt 0.832819 0.586254
vt 0.875000 0.578117
vt 0.865371 0.578606
vt 0.725273 0.585918
vt 0.802940 0.599248
vt 0.773320 0.594637
vt 0.737895 0.601633
vt 0.840979 0.598726
vt 0.660896 0.609518
vt 0.642189 0.609375
vt 0.706165 0.598523
vt 0.716030 0.598448
vt 0.703125 0.609375
vt 0.736615 0.619576
vt 0.759216 0.613111
vt 0.803358 0.612773
vt 0.858931 0.595769
vt 0.850722 0.613496
vt 0.870493 0.609795
vt 0.651865 0.693822
vt 0.722410 0.631438
vt 0.684536 0.617314
vt 0.677185 0.673827
vt 0.767285 0.632028
vt 0.801864 0.627331
vt 0.862195 0.631467
vt 0.631350 0.602298
vt 0.628868 0.643868
vt 0.700423 0.619327
vt 0.710938 0.631548
vt 0.703125 0.648813
vt 0.745476 0.638368
vt 0.696519 0.679868
vt 0.711010 0.648850
vt 0.733215 0.656377
vt 0.798396 0.660585
vt 0.839539 0.632505
vt 0.662673 0.678157
vt 0.768591 0.665026
vt 0.754857 0.660732
vt 0.703564 0.668889
vt 0.721191 0.674620
vt 0.740444 0.664173
vt 0.847176 0.667489
vt 0.823934 0.678761
vt 0.640625 0.693671
vt 0.624935 0.693491
vt 0.744209 0.681965
vt 0.775060 0.672043
vt 0.790752 0.678671
vt 0.862394 0.660434
vt 0.871011 0.660061
vt 0.852966 0.671851
vt 0.843750 0.679688
vt 0.835199 0.680801
vt 0.687158 0.700815
vt 0.704707 0.710819
vt 0.812720 0.687989
vt 0.842827 0.720879
vt 0.665772 0.702813
vt 0.824743 0.707074
vt 0.639886 0.703063
vt 0.695313 0.703125
vt 0.804534 0.688130
vt 0.787892 0.719213
vt 0.797530 0.712531
vt 0.700112 0.716113
vt 0.811958 0.724120
vt 0.683432 0.717851
vt 0.680985 0.738426
vt 0.724312 0.717286
vt 0.716905 0.726563
vt 0.710938 0.718750
vt 0.782188 0.733514
vt 0.771530 0.733810
vt 0.699146 0.729985
vt 0.740560 0.726382
vt 0.731733 0.734375
vt 0.726563 0.726563
vt 0.667819 0.747187
vt 0.651930 0.728161
vt 0.714942 0.742942
vt 0.699083 0.746825
vt 0.771288 0.742188
vt 0.750649 0.742188
vt 0.800366 0.741319
vt 0.789600 0.743583
vt 0.665096 0.505581
vt 0.691627 0.500278
vt 0.848231 0.503015
vt 0.799308 0.500000
vt 0.875000 0.523438
vt 0.875165 0.534692
vt 0.875000 0.625854
vt 0.804688 0.750000
vt 0.752917 0.750000
vt 0.742188 0.750000
vt 0.644932 0.750000
vt 0.624242 0.729813
vt 0.417311 0.750101
vt 0.392857 0.770504
vt 0.398555 0.747070
vt 0.443583 0.751411
vt 0.429326 0.777016
vt 0.464717 0.755587
vt 0.471561 0.751166
vt 0.474633 0.778597
vt 0.550422 0.748414
vt 0.568790 0.750869
vt 0.552291 0.777766
vt 0.515339 0.750889
vt 0.523480 0.770880
vt 0.485959 0.764506
vt 0.596657 0.751863
vt 0.554867 0.792614
vt 0.502292 0.781250
vt 0.597154 0.779706
vt 0.561019 0.802119
vt 0.401446 0.786936
vt 0.387092 0.806633
vt 0.506209 0.792464
vt 0.488384 0.788982
vt 0.529634 0.794794
vt 0.457347 0.777526
vt 0.433508 0.800886
vt 0.453684 0.809332
vt 0.585781 0.801688
vt 0.592612 0.817045
vt 0.577017 0.817053
vt 0.608005 0.797776
vt 0.610449 0.820118
vt 0.410977 0.807518
vt 0.376353 0.819032
vt 0.430929 0.823052
vt 0.472265 0.812179
vt 0.454073 0.824691
vt 0.500716 0.808481
vt 0.498830 0.822160
vt 0.490373 0.806411
vt 0.509539 0.820313
vt 0.526401 0.808678
vt 0.527307 0.824260
vt 0.553425 0.816980
vt 0.465752 0.832366
vt 0.481163 0.832330
vt 0.508279 0.831907
vt 0.585154 0.832470
vt 0.410142 0.839968
vt 0.444516 0.840060
vt 0.497726 0.837211
vt 0.538725 0.832286
vt 0.522182 0.843289
vt 0.613114 0.844477
vt 0.597331 0.840091
vt 0.387526 0.846879
vt 0.481121 0.847851
vt 0.507041 0.843750
vt 0.546135 0.843750
vt 0.580816 0.851059
vt 0.426749 0.851563
vt 0.494834 0.855001
vt 0.526415 0.851563
vt 0.508483 0.851564
vt 0.567385 0.851563
vt 0.544272 0.851563
vt 0.566019 0.843750
vt 0.597628 0.851562
vt 0.458802 0.852320
vt 0.441833 0.863410
vt 0.472016 0.863231
vt 0.525057 0.861222
vt 0.573014 0.863963
vt 0.559222 0.863078
vt 0.617520 0.866505
vt 0.604990 0.864410
vt 0.400383 0.859761
vt 0.379609 0.870880
vt 0.379729 0.855305
vt 0.426095 0.863397
vt 0.410614 0.871188
vt 0.455818 0.870108
vt 0.510912 0.870909
vt 0.394935 0.880620
vt 0.439609 0.881369
vt 0.466963 0.875000
vt 0.476563 0.869443
vt 0.483381 0.882243
vt 0.492298 0.867188
vt 0.571696 0.881306
vt 0.547974 0.878450
vt 0.583524 0.877173
vt 0.424875 0.877590
vt 0.410310 0.886619
vt 0.495241 0.888581
vt 0.518648 0.889166
vt 0.588736 0.863886
vt 0.605260 0.881992
vt 0.597470 0.889482
vt 0.448597 0.887340
vt 0.460738 0.884558
vt 0.447106 0.897074
vt 0.464885 0.898637
vt 0.559247 0.900006
vt 0.585476 0.900003
vt 0.420443 0.895705
vt 0.394674 0.898438
vt 0.480098 0.902436
vt 0.620658 0.889793
vt 0.612601 0.903428
vt 0.409828 0.911642
vt 0.380413 0.907598
vt 0.434004 0.909990
vt 0.459719 0.913996
vt 0.597721 0.916279
vt 0.495555 0.906449
vt 0.493445 0.932157
vt 0.445313 0.906967
vt 0.445312 0.926212
vt 0.582427 0.929668
vt 0.376164 0.949578
vt 0.473300 0.926932
vt 0.456935 0.933367
vt 0.560888 0.946115
vt 0.436117 0.924086
vt 0.443674 0.945044
vt 0.412729 0.948830
vt 0.622574 0.931130
vt 0.602762 0.951689
vt 0.613441 0.921061
vt 0.581348 0.955418
vt 0.375629 0.968955
vt 0.455730 0.948977
vt 0.467091 0.965378
vt 0.453125 0.967218
vt 0.528316 0.969158
vt 0.503344 0.971384
vt 0.561356 0.965470
vt 0.427405 0.966233
vt 0.408640 0.981236
vt 0.445543 0.968750
vt 0.614030 0.958571
vt 0.613174 0.972574
vt 0.593884 0.970473
vt 0.444855 0.977345
vt 0.428564 0.983154
vt 0.480910 0.976563
vt 0.458392 0.976563
vt 0.478952 0.953594
vt 0.518106 0.984375
vt 0.494597 0.984375
vt 0.553360 0.976562
vt 0.549720 0.984375
vt 0.579337 0.985669
vt 0.578180 0.973854
vt 0.420450 0.994167
vt 0.399754 0.991793
vt 0.433086 0.993867
vt 0.484337 0.984375
vt 0.482124 0.996260
vt 0.461013 0.995825
vt 0.621752 0.770121
vt 0.625000 0.793182
vt 0.625000 0.855346
vt 0.625000 0.915658
vt 0.625000 0.956915
vt 0.616236 0.993088
vt 0.611146 1.000000
vt 0.575386 0.996067
vt 0.554095 1.000000
vt 0.549546 0.992188
vt 0.526425 1.000000
vt 0.518278 0.992188
vt 0.404281 1.000000
vt 0.380551 0.983842
vt 0.377867 0.996978
vt 0.379293 0.886598
vt 0.375000 0.898438
vt 0.375000 0.839121
vt 0.375000 0.795752
vt 0.404383 0.005029
vt 0.414541 0.025827
vt 0.384565 0.022301
vt 0.417608 0.017746
vt 0.512914 0.016576
vt 0.490538 0.050906
vt 0.493302 0.014437
vt 0.556336 0.005118
vt 0.547549 0.042241
vt 0.530980 0.006539
vt 0.428289 0.044245
vt 0.454887 0.011651
vt 0.448027 0.054735
vt 0.478865 0.013310
vt 0.466320 0.057456
vt 0.437866 0.066870
vt 0.414443 0.069913
vt 0.609977 0.008952
vt 0.581961 0.067975
vt 0.582303 0.044446
vt 0.467345 0.078589
vt 0.448515 0.078005
vt 0.447937 0.086905
vt 0.429791 0.094143
vt 0.414301 0.085938
vt 0.554476 0.073638
vt 0.524906 0.108611
vt 0.491557 0.070561
vt 0.621676 0.054500
vt 0.607194 0.108701
vt 0.607473 0.056600
vt 0.402146 0.101414
vt 0.452043 0.101265
vt 0.468890 0.109845
vt 0.492607 0.109390
vt 0.416659 0.112082
vt 0.443495 0.109523
vt 0.452455 0.109438
vt 0.430970 0.125956
vt 0.529828 0.117188
vt 0.547809 0.108458
vt 0.575736 0.108026
vt 0.569002 0.117108
vt 0.593303 0.106911
vt 0.581178 0.117284
vt 0.600553 0.117575
vt 0.617188 0.103068
vt 0.609375 0.137021
vt 0.468627 0.117268
vt 0.449142 0.134859
vt 0.485209 0.117188
vt 0.477130 0.135416
vt 0.411758 0.132706
vt 0.459043 0.142440
vt 0.539184 0.129625
vt 0.515225 0.145239
vt 0.593833 0.145423
vt 0.553530 0.117711
vt 0.555611 0.144959
vt 0.574776 0.145608
vt 0.429326 0.156233
vt 0.421875 0.147670
vt 0.479504 0.148438
vt 0.394524 0.140596
vt 0.409047 0.174003
vt 0.394132 0.179106
vt 0.410702 0.141041
vt 0.448671 0.160031
vt 0.466706 0.159618
vt 0.514761 0.157708
vt 0.573249 0.161015
vt 0.554207 0.158811
vt 0.594087 0.171630
vt 0.617188 0.149601
vt 0.609375 0.160735
vt 0.437500 0.161827
vt 0.429464 0.173528
vt 0.456435 0.179944
vt 0.554815 0.177580
vt 0.509748 0.169102
vt 0.622680 0.171212
vt 0.609424 0.171748
vt 0.533216 0.186875
vt 0.601562 0.172236
vt 0.599386 0.181864
vt 0.409758 0.205273
vt 0.474324 0.171674
vt 0.492614 0.185569
vt 0.476961 0.202947
vt 0.429688 0.195314
vt 0.439148 0.179473
vt 0.452311 0.194762
vt 0.437500 0.187500
vt 0.468750 0.202834
vt 0.577450 0.187637
vt 0.578125 0.194961
vt 0.568276 0.195312
vt 0.585702 0.194828
vt 0.432905 0.220621
vt 0.451931 0.203457
vt 0.460938 0.195313
vt 0.532322 0.209898
vt 0.506400 0.207440
vt 0.570313 0.201752
vt 0.562500 0.203741
vt 0.469451 0.210831
vt 0.554336 0.203125
vt 0.554688 0.209983
vt 0.545480 0.210938
vt 0.385032 0.237274
vt 0.386831 0.204624
vt 0.484375 0.210938
vt 0.486555 0.223473
vt 0.476563 0.210938
vt 0.497010 0.222292
vt 0.523088 0.218750
vt 0.531250 0.218750
vt 0.539850 0.219034
vt 0.447461 0.234117
vt 0.523438 0.227075
vt 0.509691 0.226563
vt 0.531250 0.226563
vt 0.540764 0.248228
vt 0.566021 0.234845
vt 0.507320 0.234375
vt 0.515625 0.234375
vt 0.499691 0.000000
vt 0.625000 0.011162
vt 0.624342 0.093557
vt 0.625000 0.101563
vt 0.625000 0.159404
vt 0.546596 0.265830
vt 0.506914 0.249706
vt 0.488656 0.255108
vt 0.471061 0.252979
vt 0.437674 0.277962
vt 0.376899 0.058418
vt 0.273799 0.507484
vt 0.280241 0.517992
vt 0.263514 0.507813
vt 0.296688 0.515194
vt 0.152230 0.505122
vt 0.176898 0.522076
vt 0.137898 0.542461
vt 0.249230 0.513768
vt 0.257813 0.516892
vt 0.250000 0.528642
vt 0.305432 0.523495
vt 0.319961 0.516277
vt 0.265605 0.535510
vt 0.348160 0.529933
vt 0.331222 0.531030
vt 0.325342 0.523168
vt 0.196209 0.514340
vt 0.219867 0.526404
vt 0.208237 0.551764
vt 0.328600 0.543668
vt 0.367327 0.538233
vt 0.356384 0.539062
vt 0.167482 0.552870
vt 0.232363 0.554818
vt 0.240750 0.534106
vt 0.296432 0.548353
vt 0.277849 0.568963
vt 0.208640 0.566610
vt 0.319869 0.562469
vt 0.147935 0.577127
vt 0.235908 0.566819
vt 0.226563 0.567057
vt 0.354678 0.568277
vt 0.341044 0.582069
vt 0.338320 0.566304
vt 0.218750 0.582400
vt 0.272693 0.580005
vt 0.286808 0.582739
vt 0.320598 0.582101
vt 0.204690 0.585915
vt 0.235395 0.578125
vt 0.238922 0.591340
vt 0.276909 0.593482
vt 0.314380 0.599923
vt 0.226563 0.590090
vt 0.226563 0.616137
vt 0.347673 0.595505
vt 0.332700 0.604978
vt 0.130619 0.582015
vt 0.145256 0.608122
vt 0.132813 0.609375
vt 0.217989 0.616945
vt 0.192760 0.616790
vt 0.359375 0.599359
vt 0.358791 0.615600
vt 0.367188 0.600430
vt 0.148922 0.616628
vt 0.137787 0.617784
vt 0.172289 0.616110
vt 0.244141 0.613007
vt 0.334574 0.632133
vt 0.224534 0.625000
vt 0.181422 0.625165
vt 0.242188 0.625000
vt 0.234375 0.625000
vt 0.252761 0.631982
vt 0.274081 0.632508
vt 0.164063 0.625000
vt 0.171875 0.625093
vt 0.168467 0.638823
vt 0.239912 0.632813
vt 0.232601 0.643741
vt 0.207005 0.654461
vt 0.174910 0.652076
vt 0.295429 0.640625
vt 0.274665 0.640437
vt 0.315867 0.631539
vt 0.313966 0.646176
vt 0.310603 0.640625
vt 0.342944 0.633860
vt 0.328125 0.640625
vt 0.161535 0.657860
vt 0.148153 0.645057
vt 0.265625 0.640625
vt 0.264112 0.652732
vt 0.296875 0.648438
vt 0.289063 0.648438
vt 0.331659 0.651780
vt 0.362983 0.643504
vt 0.127115 0.661285
vt 0.281250 0.649351
vt 0.309837 0.662436
vt 0.371219 0.659936
vt 0.346865 0.660114
vt 0.206396 0.668629
vt 0.251209 0.662977
vt 0.280558 0.664063
vt 0.289062 0.659291
vt 0.329678 0.676468
vt 0.172090 0.668105
vt 0.163112 0.672824
vt 0.281250 0.674473
vt 0.273438 0.671875
vt 0.174123 0.682776
vt 0.249832 0.675867
vt 0.207815 0.683038
vt 0.273438 0.679688
vt 0.300740 0.691514
vt 0.156385 0.692308
vt 0.239822 0.690846
vt 0.265625 0.680636
vt 0.257361 0.699241
vt 0.273438 0.688967
vt 0.178246 0.707070
vt 0.265625 0.696910
vt 0.290875 0.678623
vt 0.289894 0.711536
vt 0.346836 0.696230
vt 0.318175 0.698557
vt 0.127282 0.732930
vt 0.144909 0.689537
vt 0.227679 0.719224
vt 0.252167 0.718364
vt 0.245025 0.715913
vt 0.308739 0.717776
vt 0.329734 0.710938
vt 0.370010 0.709533
vt 0.165119 0.728872
vt 0.269281 0.733749
vt 0.236085 0.731688
vt 0.257813 0.734107
vt 0.153907 0.726410
vt 0.133281 0.743142
vt 0.218800 0.741614
vt 0.198821 0.723762
vt 0.243190 0.735644
vt 0.328639 0.721942
vt 0.354484 0.738107
vt 0.328430 0.748857
vt 0.163035 0.742188
vt 0.193412 0.742424
vt 0.254398 0.744893
vt 0.293811 0.740928
vt 0.176192 0.500000
vt 0.201025 0.500000
vt 0.218925 0.511213
vt 0.223249 0.500000
vt 0.234524 0.511211
vt 0.238832 0.500000
vt 0.257249 0.500000
vt 0.265625 0.500000
vt 0.286207 0.500000
vt 0.384587 0.682007
vt 0.369156 0.721742
vt 0.226562 0.743221
vt 0.218263 0.750000
vt 0.174261 0.750000
vt 0.126685 0.674034
vt 0.125000 0.625017
vt 0.125000 0.647428
vt 0.141322 0.558939
vt 0.125000 0.563866
vt 0.125000 0.513935
vt 0.125000 0.528219
vt 0.395880 0.478574
vt 0.393039 0.545204
vt 0.432511 0.477856
vt 0.465840 0.510853
vt 0.490770 0.498633
vt 0.468750 0.523794
vt 0.549415 0.502024
vt 0.567114 0.519424
vt 0.542915 0.505704
vt 0.428873 0.515799
vt 0.437711 0.515841
vt 0.421239 0.533126
vt 0.505558 0.529211
vt 0.482502 0.537941
vt 0.595540 0.517483
vt 0.583588 0.529354
vt 0.382290 0.547405
vt 0.411408 0.540431
vt 0.496074 0.543408
vt 0.568240 0.538527
vt 0.537688 0.546564
vt 0.547907 0.528949
vt 0.600996 0.542527
vt 0.585581 0.539941
vt 0.471376 0.552333
vt 0.566460 0.546875
vt 0.496088 0.554688
vt 0.538802 0.554824
vt 0.509892 0.546875
vt 0.571889 0.556639
vt 0.589204 0.564791
vt 0.506476 0.564744
vt 0.489533 0.565456
vt 0.555610 0.571677
vt 0.446492 0.589904
vt 0.422830 0.563455
vt 0.413553 0.563058
vt 0.445719 0.601970
vt 0.401812 0.582978
vt 0.505510 0.580901
vt 0.476754 0.573226
vt 0.528921 0.570853
vt 0.608496 0.556269
vt 0.581501 0.601468
vt 0.617189 0.557247
vt 0.615775 0.593756
vt 0.401140 0.597945
vt 0.380735 0.604819
vt 0.436520 0.606406
vt 0.456912 0.564895
vt 0.471400 0.600805
vt 0.452924 0.601908
vt 0.503998 0.601563
vt 0.486537 0.601563
vt 0.523920 0.601562
vt 0.597143 0.601563
vt 0.408701 0.613879
vt 0.475392 0.609375
vt 0.499967 0.611107
vt 0.521099 0.609375
vt 0.547783 0.597347
vt 0.535873 0.609382
vt 0.567906 0.610257
vt 0.425210 0.629478
vt 0.411183 0.632884
vt 0.436391 0.638003
vt 0.545301 0.622402
vt 0.392090 0.632634
vt 0.375866 0.632927
vt 0.526977 0.632461
vt 0.499678 0.631371
vt 0.403691 0.640641
vt 0.415853 0.649306
vt 0.467256 0.630751
vt 0.447265 0.648592
vt 0.412943 0.655206
vt 0.508360 0.656051
vt 0.497750 0.656026
vt 0.540970 0.646431
vt 0.395236 0.660327
vt 0.381141 0.641827
vt 0.466514 0.645851
vt 0.452851 0.659882
vt 0.486545 0.646579
vt 0.471946 0.656250
vt 0.546920 0.658668
vt 0.422075 0.664479
vt 0.429688 0.663924
vt 0.466910 0.664062
vt 0.535654 0.664062
vt 0.506317 0.667258
vt 0.565040 0.653391
vt 0.574554 0.674377
vt 0.559430 0.673386
vt 0.589579 0.672273
vt 0.578014 0.639117
vt 0.598046 0.641422
vt 0.437500 0.672663
vt 0.436499 0.679418
vt 0.458935 0.674060
vt 0.497937 0.664062
vt 0.488113 0.674053
vt 0.543971 0.674432
vt 0.531142 0.681982
vt 0.605683 0.694004
vt 0.613743 0.643359
vt 0.402733 0.695738
vt 0.445312 0.681054
vt 0.474223 0.687759
vt 0.425694 0.694272
vt 0.458433 0.693078
vt 0.460596 0.703340
vt 0.445312 0.687500
vt 0.513453 0.694688
vt 0.543932 0.695312
vt 0.573919 0.695313
vt 0.439656 0.705824
vt 0.425912 0.711855
vt 0.468750 0.702947
vt 0.529575 0.703058
vt 0.488910 0.702922
vt 0.559643 0.703351
vt 0.573435 0.704571
vt 0.590000 0.704833
vt 0.607303 0.703876
vt 0.407607 0.709425
vt 0.406382 0.722065
vt 0.460938 0.714983
vt 0.452982 0.719568
vt 0.495695 0.729727
vt 0.474730 0.723703
vt 0.539290 0.726429
vt 0.438349 0.725794
vt 0.421901 0.738372
vt 0.460922 0.738223
vt 0.483965 0.746841
vt 0.515121 0.741928
vt 0.443958 0.499890
vt 0.613720 0.479989
vt 0.582482 0.503666
vt 0.618469 0.545593
vt 0.615643 0.601563
vt 0.375000 0.581742
vt 0.367549 0.576190
vt 0.382812 0.565833
vt 0.471337 0.272305
vt 0.515625 0.250009
vt 0.526523 0.252784
vt 0.515625 0.276211
vt 0.498071 0.265200
vt 0.488271 0.273438
vt 0.507813 0.263735
vt 0.507485 0.273939
vt 0.418246 0.287908
vt 0.374906 0.263757
vt 0.448947 0.284247
vt 0.480978 0.288029
vt 0.496813 0.286125
vt 0.565972 0.276082
vt 0.546320 0.285272
vt 0.585253 0.249661
vt 0.622992 0.268271
vt 0.603754 0.316498
vt 0.526711 0.274437
vt 0.533834 0.290707
vt 0.518626 0.289743
vt 0.414666 0.303628
vt 0.475687 0.314823
vt 0.507812 0.292602
vt 0.495868 0.304475
vt 0.581643 0.304877
vt 0.562043 0.300698
vt 0.399419 0.302732
vt 0.390625 0.306880
vt 0.385764 0.287877
vt 0.448964 0.319342
vt 0.539357 0.308537
vt 0.508695 0.307678
vt 0.550526 0.308339
vt 0.379089 0.326001
vt 0.381508 0.298543
vt 0.500000 0.316205
vt 0.565341 0.320225
vt 0.402509 0.324676
vt 0.390625 0.330720
vt 0.487867 0.335371
vt 0.556896 0.326983
vt 0.532026 0.325189
vt 0.429449 0.348509
vt 0.466673 0.340575
vt 0.503107 0.334904
vt 0.492188 0.342180
vt 0.400063 0.351716
vt 0.390625 0.346615
vt 0.526312 0.347977
vt 0.504120 0.357665
vt 0.556138 0.347260
vt 0.570313 0.336225
vt 0.581944 0.327778
vt 0.605059 0.339793
vt 0.581431 0.342644
vt 0.390625 0.361306
vt 0.410510 0.363462
vt 0.543205 0.363798
vt 0.519429 0.363664
vt 0.569476 0.355640
vt 0.624348 0.364409
vt 0.601736 0.355543
vt 0.398525 0.373888
vt 0.448971 0.358234
vt 0.430205 0.371350
vt 0.484375 0.358765
vt 0.492188 0.359855
vt 0.484375 0.374039
vt 0.589146 0.359375
vt 0.597787 0.371119
vt 0.586340 0.381503
vt 0.613343 0.371097
vt 0.389929 0.375000
vt 0.379134 0.363802
vt 0.414811 0.381413
vt 0.531433 0.379144
vt 0.509134 0.379046
vt 0.566916 0.375480
vt 0.551005 0.383263
vt 0.405160 0.382813
vt 0.443110 0.382813
vt 0.427415 0.382812
vt 0.453670 0.371946
vt 0.474865 0.373967
vt 0.469874 0.383465
vt 0.453835 0.384070
vt 0.497791 0.382813
vt 0.492188 0.375000
vt 0.605567 0.382812
vt 0.622252 0.382812
vt 0.414850 0.390625
vt 0.385298 0.383979
vt 0.430254 0.391208
vt 0.506436 0.391336
vt 0.485579 0.384852
vt 0.533064 0.393590
vt 0.580690 0.389811
vt 0.563036 0.397086
vt 0.598984 0.390625
vt 0.412416 0.401973
vt 0.387002 0.409261
vt 0.438285 0.404674
vt 0.489460 0.401920
vt 0.462056 0.398214
vt 0.522111 0.398528
vt 0.515625 0.390625
vt 0.550090 0.398438
vt 0.573964 0.398438
vt 0.593544 0.402058
vt 0.610316 0.390625
vt 0.608631 0.399660
vt 0.538033 0.406365
vt 0.531250 0.398438
vt 0.562400 0.406250
vt 0.582182 0.413817
vt 0.409724 0.423700
vt 0.428694 0.414879
vt 0.469795 0.421631
vt 0.450998 0.412017
vt 0.492010 0.419212
vt 0.515212 0.414446
vt 0.550143 0.417772
vt 0.546875 0.406250
vt 0.566388 0.422830
vt 0.617188 0.403840
vt 0.616561 0.416158
vt 0.539062 0.419260
vt 0.526765 0.429620
vt 0.378536 0.444780
vt 0.437500 0.423856
vt 0.424163 0.438847
vt 0.446221 0.432448
vt 0.540806 0.429688
vt 0.597657 0.417853
vt 0.596093 0.436522
vt 0.444882 0.445061
vt 0.508510 0.432579
vt 0.493794 0.444803
vt 0.565780 0.441245
vt 0.457844 0.448666
vt 0.444548 0.453697
vt 0.543281 0.441234
vt 0.531635 0.456928
vt 0.524567 0.446034
vt 0.550928 0.459392
vt 0.584003 0.456452
vt 0.494929 0.467586
vt 0.479023 0.464210
vt 0.508371 0.459229
vt 0.454456 0.462269
vt 0.521628 0.478755
vt 0.562839 0.472803
vt 0.623793 0.457936
vt 0.513407 0.465919
vt 0.504475 0.480089
vt 0.532294 0.490310
vt 0.460172 0.476341
vt 0.457311 0.490139
vt 0.452281 0.483726
vt 0.486871 0.486635
vt 0.490603 0.476563
vt 0.469425 0.484375
vt 0.468011 0.495914
vt 0.510239 0.499580
vt 0.588528 0.224358
vt 0.375000 0.453125
vt 0.375000 0.398438
vt 0.644428 0.500974
vt 0.784694 0.503392
vt 0.750000 0.554031
vt 0.846106 0.570329
vt 0.695339 0.609266
vt 0.681340 0.607563
vt 0.867261 0.744581
vt 0.758039 0.716765
vt 0.825844 0.741466
vt 0.744972 0.734375
vt 0.730346 0.746733
vt 0.850804 0.748651
vt 0.875000 0.648438
vt 0.875000 0.694757
vt 0.542481 0.763456
vt 0.554169 0.832363
vt 0.543286 0.863087
vt 0.623698 0.876614
vt 0.436080 0.898438
vt 0.617956 0.945590
vt 0.462418 0.984375
vt 0.625000 0.824342
vt 0.625000 0.808843
vt 0.625000 0.840014
vt 0.498199 0.994967
vt 0.375000 0.925512
vt 0.432968 0.013862
vt 0.562948 0.057782
vt 0.379420 0.075966
vt 0.379453 0.088715
vt 0.381246 0.140585
vt 0.382897 0.130798
vt 0.623546 0.124873
vt 0.379086 0.185835
vt 0.591561 0.180371
vt 0.611260 0.213226
vt 0.379675 0.000000
vt 0.417058 0.000000
vt 0.625000 0.144655
vt 0.625000 0.237659
vt 0.375000 0.205607
vt 0.375000 0.169409
vt 0.374215 0.497553
vt 0.253055 0.559554
vt 0.175742 0.580792
vt 0.351563 0.625000
vt 0.361680 0.632813
vt 0.147248 0.749431
vt 0.164062 0.500000
vt 0.306685 0.750000
vt 0.238402 0.750000
vt 0.156250 0.750000
vt 0.137773 0.502238
vt 0.520410 0.535098
vt 0.447092 0.516288
vt 0.392629 0.555884
vt 0.560353 0.642357
vt 0.437500 0.687500
vt 0.473334 0.355839
vt 0.578125 0.356416
vt 0.578125 0.368572
vt 0.624852 0.433158
vt 0.625000 0.375000
vt 0.625000 0.390625
vt 0.375000 0.278571
vt 0.375000 0.382249
vt 0.816205 0.750000
vt 0.769295 0.750000
vt 0.569646 0.832423
vt 0.375000 0.762549
vt 0.577205 0.004117
vt 0.432913 0.000000
vt 0.456697 0.000000
vt 0.480056 0.000000
vt 0.271090 0.743049
vt 0.125000 0.609375
vt 0.125000 0.594879
vt 0.379115 0.348217
vt 0.469116 0.476563
vt 0.625000 0.401765
s 1
f 85/1/85 109/2/109 86/3/86
f 100/4/100 105/5/105 104/6/104
f 109/2/109 85/1/85 110/7/110
f 102/8/102 106/9/106 84/10/84
f 103/11/103 107/12/107 98/13/98
f 100/4/100 101/14/101 105/5/105
f 87/15/87 109/2/109 108/16/108
f 98/13/98 113/17/113 102/8/102
f 107/12/107 113/17/113 98/13/98
f 101/14/101 108/16/108 118/18/118
f 111/19/111 115/20/115 110/7/110
f 103/11/103 125/21/125 107/12/107
f 105/5/105 118/18/118 65/22/65
f 111/19/111 106/9/106 119/23/119
f 116/24/116 120/25/120 113/17/113
f 65/22/65 121/26/121 126/27/126
f 118/18/118 134/28/134 121/26/121
f 106/9/106 124/29/124 119/23/119
f 112/30/112 124/29/124 106/9/106
f 120/25/120 124/29/124 112/30/112
f 114/31/114 122/32/122 131/33/131
f 124/29/124 135/34/135 123/35/123
f 120/25/120 128/36/128 124/29/124
f 116/24/116 128/36/128 120/25/120
f 125/21/125 129/37/129 116/24/116
f 126/27/126 121/26/121 133/38/133
f 127/39/127 134/28/134 118/18/118
f 129/37/129 132/40/132 128/36/128
f 82/41/82 81/42/81 125/21/125
f 121/26/121 134/28/134 133/38/133
f 127/39/127 137/43/137 134/28/134
f 127/39/127 131/33/131 137/43/137
f 132/40/132 143/44/143 136/45/136
f 135/34/135 138/46/138 131/33/131
f 132/40/132 144/47/144 143/44/143
f 133/38/133 153/48/153 146/49/146
f 141/50/141 142/51/142 148/52/148
f 137/43/137 138/46/138 157/53/157
f 136/45/136 149/54/149 135/34/135
f 144/47/144 150/55/150 143/44/143
f 145/56/145 151/57/151 144/47/144
f 145/56/145 80/58/80 151/57/151
f 146/49/146 153/48/153 152/59/152
f 142/51/142 157/53/157 159/60/159
f 138/46/138 149/54/149 157/53/157
f 153/48/153 154/61/154 158/62/158
f 149/54/149 167/63/167 157/53/157
f 149/54/149 163/64/163 167/63/167
f 80/58/80 164/65/164 151/57/151
f 139/66/139 152/59/152 160/67/160
f 155/68/155 156/69/156 162/70/162
f 157/53/157 167/63/167 170/71/170
f 162/70/162 180/72/180 154/61/154
f 156/69/156 159/60/159 168/73/168
f 159/60/159 166/74/166 168/73/168
f 163/64/163 171/75/171 167/63/167
f 163/64/163 165/76/165 171/75/171
f 158/62/158 161/77/161 153/48/153
f 180/72/180 158/62/158 154/61/154
f 170/71/170 177/78/177 169/79/169
f 167/63/167 171/75/171 170/71/170
f 168/73/168 175/80/175 162/70/162
f 166/74/166 176/81/176 168/73/168
f 169/79/169 178/82/178 166/74/166
f 170/71/170 171/75/171 177/78/177
f 165/76/165 172/83/172 184/84/184
f 174/85/174 734/86/734 160/67/160
f 169/79/169 181/87/181 178/82/178
f 169/79/169 182/88/182 181/87/181
f 177/78/177 182/88/182 169/79/169
f 171/75/171 184/84/184 183/89/183
f 173/90/173 394/91/394 179/92/179
f 172/83/172 185/93/185 190/94/190
f 172/83/172 179/92/179 185/93/185
f 180/72/180 186/95/186 158/62/158
f 176/81/176 187/96/187 175/80/175
f 184/84/184 190/94/190 189/97/189
f 185/93/185 179/92/179 194/98/194
f 158/62/158 195/99/195 161/77/161
f 186/95/186 195/99/195 158/62/158
f 190/94/190 194/98/194 193/100/193
f 174/85/174 66/101/66 734/86/734
f 152/59/152 66/101/66 174/85/174
f 187/96/187 196/102/196 180/72/180
f 183/89/183 188/103/188 199/104/199
f 188/103/188 189/97/189 200/105/200
f 196/102/196 198/106/198 186/95/186
f 187/96/187 198/106/198 196/102/196
f 189/97/189 193/100/193 209/107/209
f 197/108/197 203/109/203 195/99/195
f 191/110/191 205/111/205 202/112/202
f 199/104/199 212/113/212 208/114/208
f 199/104/199 200/105/200 212/113/212
f 204/115/204 203/109/203 197/108/197
f 207/116/207 210/117/210 206/118/206
f 203/109/203 55/119/55 201/120/201
f 57/121/57 56/122/56 204/115/204
f 208/114/208 215/123/215 214/124/214
f 212/113/212 213/125/213 62/126/62
f 88/127/88 97/128/97 100/4/100
f 99/129/99 98/13/98 83/130/83
f 480/131/480 462/132/462 103/11/103
f 81/42/81 80/58/80 145/56/145
f 415/133/415 164/65/164 80/58/80
f 213/125/213 63/134/63 62/126/62
f 214/124/214 60/135/60 59/136/59
f 55/119/55 54/137/54 201/120/201
f 201/120/201 54/137/54 67/138/67
f 46/139/46 222/140/222 765/141/765
f 45/142/45 216/143/216 46/139/46
f 217/144/217 216/143/216 45/142/45
f 44/145/44 218/146/218 217/144/217
f 42/147/42 767/148/767 225/149/225
f 219/150/219 220/151/220 224/152/224
f 767/148/767 41/153/41 228/154/228
f 220/151/220 225/149/225 227/155/227
f 41/153/41 229/156/229 233/157/233
f 226/158/226 234/159/234 222/140/222
f 227/155/227 231/160/231 230/161/230
f 225/149/225 228/154/228 232/162/232
f 223/163/223 239/164/239 216/143/216
f 243/165/243 239/164/239 223/163/223
f 237/166/237 247/167/247 246/168/246
f 238/169/238 242/170/242 247/167/247
f 235/171/235 77/172/77 234/159/234
f 243/165/243 248/173/248 235/171/235
f 244/174/244 252/175/252 243/165/243
f 240/176/240 249/177/249 236/178/236
f 240/176/240 250/179/250 249/177/249
f 241/180/241 251/181/251 250/179/250
f 241/180/241 245/182/245 251/181/251
f 244/174/244 253/183/253 252/175/252
f 236/178/236 254/184/254 244/174/244
f 249/177/249 254/184/254 236/178/236
f 250/179/250 251/181/251 255/185/255
f 247/167/247 242/170/242 259/186/259
f 248/173/248 260/187/260 77/172/77
f 253/183/253 261/188/261 252/175/252
f 255/185/255 262/189/262 249/177/249
f 251/181/251 256/190/256 263/191/263
f 242/170/242 265/192/265 264/193/264
f 260/187/260 266/194/266 77/172/77
f 262/189/262 267/195/267 254/184/254
f 255/185/255 268/196/268 262/189/262
f 256/190/256 269/197/269 263/191/263
f 259/186/259 264/193/264 271/198/271
f 261/188/261 272/199/272 260/187/260
f 268/196/268 282/200/282 262/189/262
f 263/191/263 274/201/274 283/202/283
f 269/197/269 276/203/276 275/204/275
f 270/205/270 271/198/271 276/203/276
f 264/193/264 265/192/265 277/206/277
f 273/207/273 280/208/280 272/199/272
f 267/195/267 281/209/281 273/207/273
f 274/201/274 284/210/284 283/202/283
f 276/203/276 287/211/287 286/212/286
f 265/192/265 59/213/59 294/214/294
f 278/215/278 74/216/74 75/217/75
f 279/218/279 288/219/288 278/215/278
f 281/209/281 289/220/289 273/207/273
f 284/210/284 292/221/292 283/202/283
f 288/219/288 295/222/295 278/215/278
f 289/220/289 297/223/297 280/208/280
f 281/209/281 298/224/298 289/220/289
f 281/209/281 290/225/290 298/224/298
f 292/221/292 303/226/303 291/227/291
f 286/212/286 307/228/307 306/229/306
f 287/211/287 299/230/299 307/228/307
f 288/219/288 296/231/296 300/232/300
f 292/221/292 304/233/304 303/226/303
f 306/229/306 305/234/305 292/221/292
f 293/235/293 308/236/308 310/237/310
f 301/238/301 302/239/302 313/240/313
f 303/226/303 314/241/314 302/239/302
f 306/229/306 307/228/307 321/242/321
f 299/230/299 310/237/310 316/243/316
f 300/232/300 309/244/309 311/245/311
f 304/233/304 315/246/315 303/226/303
f 307/228/307 316/243/316 321/242/321
f 61/247/61 317/248/317 308/236/308
f 311/245/311 318/249/318 71/250/71
f 309/244/309 323/251/323 318/249/318
f 314/241/314 324/252/324 313/240/313
f 315/246/315 324/252/324 314/241/314
f 310/237/310 322/253/322 316/243/316
f 317/248/317 322/253/322 310/237/310
f 320/254/320 325/255/325 315/246/315
f 305/234/305 325/255/325 320/254/320
f 321/242/321 325/255/325 305/234/305
f 319/256/319 324/252/324 328/257/328
f 322/253/322 326/258/326 316/243/316
f 71/250/71 318/249/318 70/259/70
f 324/252/324 329/260/329 331/261/331
f 326/258/326 334/262/334 321/242/321
f 327/263/327 333/264/333 332/265/332
f 328/257/328 331/261/331 333/264/333
f 63/266/63 335/267/335 330/268/330
f 335/267/335 338/269/338 326/258/326
f 70/259/70 332/265/332 69/270/69
f 336/271/336 342/272/342 341/273/341
f 325/255/325 344/274/344 343/275/343
f 334/262/334 344/274/344 325/255/325
f 338/269/338 345/276/345 334/262/334
f 332/265/332 339/277/339 355/278/355
f 333/264/333 341/273/341 347/279/347
f 346/280/346 348/281/348 354/282/354
f 347/279/347 356/283/356 349/284/349
f 342/272/342 351/285/351 350/286/350
f 337/287/337 343/275/343 351/285/351
f 343/275/343 360/288/360 359/289/359
f 344/274/344 360/288/360 343/275/343
f 352/290/352 361/291/361 344/274/344
f 354/282/354 362/292/362 353/293/353
f 355/278/355 32/294/32 363/295/363
f 349/284/349 33/296/33 32/294/32
f 358/297/358 35/298/35 34/299/34
f 54/300/54 55/301/55 238/169/238
f 265/192/265 58/302/58 59/213/59
f 62/303/62 330/268/330 317/248/317
f 62/303/62 63/266/63 330/268/330
f 64/304/64 348/281/348 346/280/346
f 366/305/366 40/306/40 362/292/362
f 39/307/39 38/308/38 365/309/365
f 365/309/365 37/310/37 364/311/364
f 363/295/363 32/294/32 31/312/31
f 68/313/68 31/312/31 1/314/1
f 73/315/73 311/245/311 72/316/72
f 266/194/266 75/217/75 76/317/76
f 234/159/234 77/172/77 78/318/78
f 31/319/31 371/320/371 14/321/14
f 31/319/31 372/322/372 371/320/371
f 370/323/370 374/324/374 369/325/369
f 38/326/38 378/327/378 37/328/37
f 372/322/372 380/329/380 371/320/371
f 380/329/380 373/330/373 381/331/381
f 373/330/373 368/332/368 377/333/377
f 371/320/371 380/329/380 379/334/379
f 371/320/371 379/334/379 383/335/383
f 373/330/373 377/333/377 381/331/381
f 40/336/40 386/337/386 376/338/376
f 381/331/381 389/339/389 388/340/388
f 379/334/379 391/341/391 383/335/383
f 379/334/379 388/340/388 391/341/391
f 383/335/383 395/342/395 390/343/390
f 383/335/383 391/341/391 395/342/395
f 385/344/385 392/345/392 384/346/384
f 375/347/375 402/348/402 387/349/387
f 390/343/390 395/342/395 10/350/10
f 391/341/391 396/351/396 395/342/395
f 391/341/391 388/340/388 396/351/396
f 388/340/388 400/352/400 396/351/396
f 389/339/389 397/353/397 400/352/400
f 384/346/384 392/345/392 397/353/397
f 395/342/395 410/354/410 10/350/10
f 396/351/396 411/355/411 395/342/395
f 396/351/396 403/356/403 411/355/411
f 396/351/396 400/352/400 403/356/403
f 411/355/411 403/356/403 417/357/417
f 392/345/392 406/358/406 397/353/397
f 398/359/398 406/358/406 392/345/392
f 393/360/393 407/361/407 398/359/398
f 401/362/401 408/363/408 393/360/393
f 402/348/402 414/364/414 401/362/401
f 399/365/399 409/366/409 402/348/402
f 403/356/403 404/367/404 412/368/412
f 405/369/405 413/370/413 404/367/404
f 406/358/406 413/370/413 405/369/405
f 411/355/411 416/371/416 410/354/410
f 413/370/413 428/372/428 404/367/404
f 418/373/418 424/374/424 413/370/413
f 407/361/407 420/375/420 419/376/419
f 418/373/418 425/377/425 424/374/424
f 419/376/419 426/378/426 425/377/425
f 412/368/412 431/379/431 423/380/423
f 424/374/424 429/381/429 413/370/413
f 421/382/421 430/383/430 7/384/7
f 421/382/421 422/385/422 430/383/430
f 428/372/428 433/386/433 412/368/412
f 429/381/429 434/387/434 428/372/428
f 424/374/424 435/388/435 429/381/429
f 425/377/425 436/389/436 442/390/442
f 426/378/426 437/391/437 436/389/436
f 409/366/409 427/392/427 439/393/439
f 432/394/432 440/395/440 431/379/431
f 434/387/434 444/396/444 433/386/433
f 435/388/435 448/397/448 441/398/441
f 439/393/439 82/399/82 446/400/446
f 448/397/448 454/401/454 441/398/441
f 438/402/438 446/400/446 451/403/451
f 440/395/440 468/404/468 430/383/430
f 445/405/445 447/406/447 458/407/458
f 452/408/452 468/404/468 440/395/440
f 443/409/443 455/410/455 453/411/453
f 458/407/458 457/412/457 445/405/445
f 449/413/449 460/414/460 459/415/459
f 451/403/451 446/400/446 461/416/461
f 455/410/455 481/417/481 452/408/452
f 457/412/457 463/418/463 456/419/456
f 454/401/454 464/420/464 472/421/472
f 459/415/459 467/422/467 466/423/466
f 459/415/459 460/414/460 467/422/467
f 457/412/457 469/424/469 463/418/463
f 465/425/465 474/426/474 473/427/473
f 465/425/465 466/423/466 474/426/474
f 468/404/468 2/428/2 3/429/3
f 471/430/471 475/431/475 470/432/470
f 476/433/476 475/431/475 471/430/471
f 472/421/472 477/434/477 476/433/476
f 464/420/464 478/435/478 477/434/477
f 473/427/473 474/426/474 479/436/479
f 469/424/469 488/437/488 463/418/463
f 477/434/477 483/438/483 482/439/482
f 478/435/478 479/436/479 484/440/484
f 479/436/479 474/426/474 485/441/485
f 466/423/466 467/422/467 48/442/48
f 482/439/482 486/443/486 476/433/476
f 482/439/482 487/444/487 486/443/486
f 482/439/482 483/438/483 487/444/487
f 37/328/37 370/323/370 36/445/36
f 366/446/366 375/347/375 40/336/40
f 394/447/394 79/448/79 399/365/399
f 427/392/427 81/449/81 82/399/82
f 474/426/474 48/442/48 773/450/773
f 51/451/51 52/452/52 475/431/475
f 53/453/53 775/454/775 488/437/488
f 14/321/14 383/335/383 13/455/13
f 16/456/16 495/457/495 489/458/489
f 490/459/490 495/457/495 16/456/16
f 24/460/24 497/461/497 4/462/4
f 493/463/493 494/464/494 500/465/500
f 490/459/490 501/466/501 495/457/495
f 496/467/496 501/466/501 490/459/490
f 495/457/495 505/468/505 494/464/494
f 503/469/503 506/470/506 502/471/502
f 498/472/498 499/473/499 509/474/509
f 501/466/501 507/475/507 495/457/495
f 506/470/506 507/475/507 501/466/501
f 96/476/96 508/477/508 503/469/503
f 497/461/497 509/474/509 513/478/513
f 499/473/499 514/479/514 509/474/509
f 499/473/499 504/480/504 514/479/514
f 507/475/507 510/481/510 505/468/505
f 510/481/510 520/482/520 505/468/505
f 509/474/509 514/479/514 516/483/516
f 521/484/521 520/482/520 510/481/510
f 513/478/513 516/483/516 522/485/522
f 514/479/514 517/486/517 519/487/519
f 511/488/511 532/489/532 515/490/515
f 516/483/516 519/487/519 524/491/524
f 520/482/520 526/492/526 517/486/517
f 521/484/521 531/493/531 520/482/520
f 515/490/515 527/494/527 521/484/521
f 516/483/516 524/491/524 528/495/528
f 525/496/525 526/492/526 530/497/530
f 526/492/526 539/498/539 530/497/530
f 531/493/531 539/498/539 526/492/526
f 532/489/532 541/499/541 527/494/527
f 529/500/529 530/497/530 538/501/538
f 533/502/533 548/503/548 532/489/532
f 6/504/6 536/505/536 540/506/540
f 528/495/528 546/507/546 545/508/545
f 524/491/524 546/507/546 528/495/528
f 524/491/524 538/501/538 546/507/546
f 534/509/534 542/510/542 533/502/533
f 534/509/534 535/511/535 542/510/542
f 536/505/536 544/512/544 543/513/543
f 536/505/536 537/514/537 544/512/544
f 541/499/541 547/515/547 539/498/539
f 542/510/542 560/516/560 533/502/533
f 546/507/546 552/517/552 551/518/551
f 547/515/547 554/519/554 553/520/553
f 547/515/547 557/521/557 554/519/554
f 547/515/547 558/522/558 557/521/557
f 541/499/541 558/522/558 547/515/547
f 549/523/549 550/524/550 563/525/563
f 554/519/554 556/526/556 553/520/553
f 564/527/564 578/528/578 571/529/571
f 556/526/556 557/521/557 564/527/564
f 558/522/558 567/530/567 566/531/566
f 559/532/559 575/533/575 568/534/568
f 560/516/560 570/535/570 569/536/569
f 563/525/563 577/537/577 562/538/562
f 563/525/563 571/529/571 577/537/577
f 565/539/565 566/531/566 579/540/579
f 567/530/567 574/541/574 573/542/573
f 569/536/569 576/543/576 575/533/575
f 570/535/570 576/543/576 569/536/569
f 570/535/570 92/544/92 576/543/576
f 562/538/562 577/537/577 11/545/11
f 566/531/566 572/546/572 579/540/579
f 576/543/576 586/547/586 575/533/575
f 92/544/92 91/548/91 581/549/581
f 578/528/578 583/550/583 571/529/571
f 584/551/584 583/550/583 578/528/578
f 579/540/579 585/552/585 584/551/584
f 572/546/572 580/553/580 585/552/585
f 576/543/576 581/549/581 597/554/597
f 582/555/582 591/556/591 577/537/577
f 585/552/585 589/557/589 588/558/588
f 583/550/583 592/559/592 582/555/582
f 587/560/587 593/561/593 583/550/583
f 588/558/588 589/557/589 595/562/595
f 586/547/586 597/554/597 596/563/596
f 592/559/592 598/564/598 591/556/591
f 587/560/587 601/565/601 593/561/593
f 594/566/594 604/567/604 587/560/587
f 595/562/595 589/557/589 599/568/599
f 593/561/593 600/569/600 592/559/592
f 594/566/594 599/568/599 602/570/602
f 589/557/589 590/571/590 607/572/607
f 597/554/597 90/573/90 603/574/603
f 598/564/598 14/575/14 13/576/13
f 601/565/601 600/569/600 593/561/593
f 590/571/590 596/563/596 607/572/607
f 604/567/604 606/577/606 601/565/601
f 604/567/604 613/578/613 612/579/612
f 604/567/604 602/570/602 613/578/613
f 596/563/596 608/580/608 607/572/607
f 603/574/603 609/581/609 608/580/608
f 90/573/90 89/582/89 609/581/609
f 600/569/600 611/583/611 598/564/598
f 599/568/599 607/572/607 614/584/614
f 612/579/612 613/578/613 619/585/619
f 613/578/613 614/584/614 616/586/616
f 610/587/610 1/588/1 14/575/14
f 606/577/606 618/589/618 605/590/605
f 613/578/613 616/586/616 623/591/623
f 615/592/615 620/593/620 78/594/78
f 611/583/611 621/595/621 610/587/610
f 605/590/605 622/596/622 611/583/611
f 618/589/618 622/596/622 605/590/605
f 616/586/616 74/597/74 623/591/623
f 608/580/608 78/594/78 76/598/76
f 22/599/22 498/472/498 24/460/24
f 21/600/21 491/601/491 498/472/498
f 20/602/20 492/603/492 491/601/491
f 19/604/19 493/463/493 492/603/492
f 18/605/18 489/458/489 493/463/493
f 17/606/17 489/458/489 18/605/18
f 16/456/16 489/458/489 17/606/17
f 496/467/496 490/459/490 15/607/15
f 91/548/91 735/608/735 90/573/90
f 617/609/617 765/141/765 620/593/620
f 72/610/72 71/611/71 618/589/618
f 618/589/618 71/611/71 622/596/622
f 622/596/622 70/612/70 621/595/621
f 591/556/591 13/576/13 12/613/12
f 9/614/9 562/538/562 10/615/10
f 4/462/4 512/616/512 5/617/5
f 2/618/2 24/460/24 3/619/3
f 30/620/30 629/621/629 96/476/96
f 30/620/30 910/622/910 629/621/629
f 626/623/626 632/624/632 631/625/631
f 26/626/26 634/627/634 633/628/633
f 624/629/624 625/630/625 638/631/638
f 633/628/633 639/632/639 636/633/636
f 635/634/635 641/635/641 634/627/634
f 96/476/96 629/621/629 651/636/651
f 624/629/624 638/631/638 643/637/643
f 639/632/639 644/638/644 636/633/636
f 640/639/640 647/640/647 637/641/637
f 642/642/642 649/643/649 641/635/641
f 104/6/104 642/642/642 635/634/635
f 631/625/631 636/633/636 653/644/653
f 640/639/640 648/645/648 647/640/647
f 636/633/636 654/646/654 653/644/653
f 647/640/647 655/647/655 646/648/646
f 649/643/649 656/649/656 648/645/648
f 642/642/642 669/650/669 649/643/649
f 654/646/654 662/651/662 661/652/661
f 654/646/654 655/647/655 662/651/662
f 656/649/656 666/653/666 655/647/655
f 638/631/638 671/654/671 664/655/664
f 663/656/663 675/657/675 667/658/667
f 661/652/661 668/659/668 672/660/672
f 662/651/662 665/661/665 668/659/668
f 666/653/666 668/659/668 665/661/665
f 657/662/657 680/663/680 669/650/669
f 658/664/658 674/665/674 657/662/657
f 667/658/667 670/666/670 691/667/691
f 667/658/667 683/668/683 670/666/670
f 660/669/660 676/670/676 671/654/671
f 671/654/671 676/670/676 684/671/684
f 672/660/672 678/672/678 677/673/677
f 668/659/668 679/674/679 678/672/678
f 674/665/674 681/675/681 680/663/680
f 670/666/670 695/676/695 691/667/691
f 677/673/677 685/677/685 676/670/676
f 678/672/678 692/678/692 677/673/677
f 679/674/679 686/679/686 678/672/678
f 673/680/673 687/681/687 679/674/679
f 680/663/680 688/682/688 673/680/673
f 683/668/683 696/683/696 699/684/699
f 683/668/683 684/671/684 696/683/696
f 685/677/685 700/685/700 684/671/684
f 686/679/686 693/686/693 692/678/692
f 687/681/687 693/686/693 686/679/686
f 691/667/691 698/687/698 93/688/93
f 684/671/684 700/685/700 696/683/696
f 692/678/692 702/689/702 697/690/697
f 699/684/699 708/691/708 698/687/698
f 700/685/700 703/692/703 696/683/696
f 701/693/701 714/694/714 700/685/700
f 703/692/703 709/695/709 708/691/708
f 697/690/697 710/696/710 716/697/716
f 702/689/702 711/698/711 710/696/710
f 708/691/708 712/699/712 707/700/707
f 709/695/709 712/699/712 708/691/708
f 704/701/704 721/702/721 714/694/714
f 705/703/705 715/704/715 704/701/704
f 711/698/711 717/705/717 710/696/710
f 703/692/703 719/706/719 709/695/709
f 713/707/713 719/706/719 703/692/703
f 715/704/715 722/708/722 721/702/721
f 710/696/710 725/709/725 724/710/724
f 718/711/718 732/712/732 731/713/731
f 718/711/718 726/714/726 732/712/732
f 694/715/694 689/716/689 726/714/726
f 720/717/720 727/718/727 713/707/713
f 722/708/722 729/719/729 721/702/721
f 723/720/723 724/710/724 730/721/730
f 725/709/725 737/722/737 736/723/736
f 717/705/717 731/713/731 737/722/737
f 689/716/689 733/724/733 726/714/726
f 690/725/690 734/86/734 733/724/733
f 719/706/719 744/726/744 712/699/712
f 728/727/728 727/718/727 720/717/720
f 729/719/729 730/721/730 742/728/742
f 727/718/727 738/729/738 719/706/719
f 741/730/741 746/731/746 740/732/740
f 730/721/730 743/733/743 742/728/742
f 736/723/736 748/734/748 743/733/743
f 731/713/731 749/735/749 748/734/748
f 726/714/726 733/724/733 749/735/749
f 744/726/744 89/582/89 735/608/735
f 745/736/745 750/737/750 738/729/738
f 747/738/747 746/731/746 741/730/741
f 743/733/743 751/739/751 756/740/756
f 748/734/748 752/741/752 751/739/751
f 749/735/749 764/742/764 752/741/752
f 749/735/749 753/743/753 764/742/764
f 733/724/733 757/744/757 753/743/753
f 754/745/754 758/746/758 89/582/89
f 750/737/750 758/746/758 754/745/754
f 755/747/755 761/748/761 746/731/746
f 751/739/751 763/749/763 762/750/762
f 751/739/751 760/751/760 763/749/763
f 759/752/759 768/753/768 750/737/750
f 768/753/768 765/141/765 758/746/758
f 761/748/761 766/754/766 759/752/759
f 755/747/755 766/754/766 761/748/761
f 760/751/760 767/148/767 42/147/42
f 752/741/752 41/153/41 767/148/767
f 753/743/753 67/138/67 41/153/41
f 763/749/763 43/755/43 762/750/762
f 760/751/760 42/147/42 769/756/769
f 109/2/109 110/7/110 115/20/115 114/31/114
f 29/757/29 625/630/625 624/629/624
f 914/758/914 635/634/635 628/759/628
f 914/758/914 104/6/104 635/634/635
f 650/760/650 65/22/65 658/664/658
f 658/664/658 139/66/139 674/665/674
f 139/66/139 682/761/682 674/665/674
f 734/86/734 66/101/66 757/744/757
f 769/756/769 42/147/42 219/150/219
f 44/145/44 217/144/217 766/754/766
f 768/753/768 46/139/46 765/141/765
f 667/658/667 691/667/691 94/762/94
f 95/763/95 659/764/659 94/762/94
f 52/452/52 776/765/776 53/453/53
f 50/766/50 49/767/49 772/768/772
f 771/769/771 777/770/777 776/765/776
f 770/771/770 783/772/783 771/769/771
f 770/771/770 772/768/772 783/772/783
f 775/454/775 780/773/780 25/774/25
f 776/765/776 784/775/784 775/454/775
f 777/770/777 781/776/781 776/765/776
f 777/770/777 782/777/782 781/776/781
f 773/450/773 774/778/774 787/779/787
f 47/780/47 99/781/99 83/782/83
f 775/454/775 784/775/784 780/773/780
f 778/783/778 791/784/791 786/785/786
f 784/775/784 793/786/793 780/773/780
f 781/776/781 789/787/789 784/775/784
f 782/777/782 785/788/785 790/789/790
f 774/778/774 779/790/779 796/791/796
f 788/792/788 792/793/792 23/794/23
f 789/787/789 794/795/794 784/775/784
f 790/789/790 789/787/789 781/776/781
f 786/785/786 799/796/799 795/797/795
f 787/779/787 796/791/796 800/798/800
f 792/793/792 21/799/21 22/800/22
f 790/789/790 795/797/795 798/801/798
f 796/791/796 779/790/779 803/802/803
f 797/803/797 801/804/801 792/793/792
f 790/789/790 798/801/798 810/805/810
f 799/796/799 805/806/805 802/807/802
f 794/795/794 808/808/808 793/786/793
f 789/787/789 809/809/809 794/795/794
f 810/805/810 804/810/804 811/811/811
f 807/812/807 814/813/814 801/804/801
f 804/810/804 815/814/815 822/815/822
f 802/807/802 816/816/816 815/814/815
f 805/806/805 812/817/812 816/816/816
f 806/818/806 813/819/813 817/820/817
f 807/812/807 825/821/825 814/813/814
f 808/808/808 826/822/826 807/812/807
f 815/814/815 828/823/828 827/824/827
f 816/816/816 823/825/823 828/823/828
f 813/819/813 84/826/84 830/827/830
f 807/812/807 826/822/826 838/828/838
f 818/829/818 840/830/840 808/808/808
f 820/831/820 821/832/821 831/833/831
f 829/834/829 835/835/835 834/836/834
f 830/827/830 836/837/836 835/835/835
f 825/821/825 837/838/837 19/839/19
f 838/828/838 837/838/837 825/821/825
f 826/822/826 839/840/839 838/828/838
f 827/824/827 844/841/844 853/842/853
f 832/843/832 845/844/845 828/823/828
f 838/828/838 839/840/839 846/845/846
f 840/830/840 848/846/848 847/847/847
f 841/848/841 848/846/848 840/830/840
f 842/849/842 850/850/850 849/851/849
f 853/842/853 852/852/852 843/853/843
f 835/835/835 855/854/855 834/836/834
f 836/837/836 86/855/86 855/854/855
f 846/845/846 856/856/856 17/857/17
f 847/847/847 857/858/857 856/856/856
f 848/846/848 849/851/849 857/858/857
f 852/852/852 858/859/858 851/860/851
f 853/842/853 858/859/858 852/852/852
f 845/844/845 860/861/860 844/841/844
f 854/862/854 861/863/861 832/843/832
f 855/854/855 862/864/862 834/836/834
f 17/857/17 864/865/864 15/866/15
f 849/851/849 865/867/865 857/858/857
f 850/850/850 867/868/867 866/869/866
f 860/861/860 868/870/868 859/871/859
f 861/863/861 870/872/870 845/844/845
f 854/862/854 871/873/871 861/863/861
f 862/864/862 872/874/872 854/862/854
f 863/875/863 873/876/873 862/864/862
f 860/861/860 875/877/875 869/878/869
f 861/863/861 877/879/877 870/872/870
f 871/873/871 877/879/877 861/863/861
f 872/874/872 878/880/878 871/873/871
f 864/865/864 879/881/879 15/866/15
f 864/865/864 880/882/880 879/881/879
f 857/858/857 865/867/865 880/882/880
f 866/869/866 882/883/882 881/884/881
f 867/868/867 883/885/883 882/883/882
f 867/868/867 884/886/884 883/885/883
f 868/870/868 875/877/875 884/886/884
f 877/879/877 886/887/886 876/888/876
f 878/880/878 895/889/895 877/879/877
f 874/890/874 888/891/888 873/876/873
f 885/892/885 893/893/893 875/877/875
f 15/866/15 879/881/879 496/894/496
f 880/882/880 889/895/889 891/896/891
f 881/884/881 882/883/882 890/897/890
f 886/887/886 894/898/894 885/892/885
f 887/899/887 896/900/896 878/880/878
f 888/891/888 896/900/896 887/899/887
f 889/895/889 890/897/890 899/901/899
f 883/885/883 892/902/892 901/903/901
f 896/900/896 898/904/898 895/889/895
f 890/897/890 900/905/900 899/901/899
f 879/881/879 891/896/891 30/620/30
f 899/901/899 900/905/900 902/906/902
f 897/907/897 907/908/907 905/909/905
f 898/904/898 908/910/908 897/907/897
f 896/900/896 909/911/909 898/904/898
f 901/903/901 906/912/906 903/913/903
f 904/914/904 906/912/906 901/903/901
f 891/896/891 910/622/910 30/620/30
f 900/905/900 903/913/903 911/915/911
f 908/910/908 919/916/919 907/908/907
f 909/911/909 913/917/913 908/910/908
f 88/918/88 914/758/914 909/911/909
f 912/919/912 918/920/918 906/912/906
f 913/917/913 923/921/923 908/910/908
f 915/922/915 28/923/28 920/924/920
f 918/920/918 922/925/922 917/926/917
f 920/924/920 28/923/28 29/757/29
f 921/927/921 922/925/922 27/928/27
f 918/920/918 632/624/632 922/925/922
f 919/916/919 627/929/627 918/920/918
f 914/758/914 628/759/628 26/626/26
f 51/451/51 50/766/50 770/771/770
f 480/930/480 99/781/99 47/780/47
f 26/626/26 633/628/633 923/921/923
f 496/894/496 30/620/30 502/931/502
f 17/857/17 15/866/15 16/932/16
f 104/6/104 914/933/914 100/4/100
f 914/933/914 88/127/88 100/4/100
f 100/4/100 97/128/97 101/14/101
f 813/934/813 102/8/102 84/10/84
f 99/129/99 103/11/103 98/13/98
f 97/128/97 87/15/87 101/14/101
f 101/14/101 87/15/87 108/16/108
f 118/18/118 105/5/105 101/14/101
f 102/8/102 112/30/112 106/9/106
f 102/8/102 113/17/113 112/30/112
f 108/16/108 109/2/109 114/31/114
f 111/19/111 84/10/84 106/9/106
f 107/12/107 116/24/116 113/17/113
f 103/11/103 462/132/462 125/21/125
f 104/6/104 105/5/105 65/22/65
f 114/31/114 115/20/115 117/935/117
f 113/17/113 120/25/120 112/30/112
f 65/22/65 118/18/118 121/26/121
f 117/935/117 122/32/122 114/31/114
f 127/39/127 108/16/108 114/31/114
f 119/23/119 124/29/124 123/35/123
f 107/12/107 125/21/125 116/24/116
f 118/18/118 108/16/108 127/39/127
f 127/39/127 114/31/114 131/33/131
f 128/36/128 116/24/116 129/37/129
f 123/35/123 135/34/135 122/32/122
f 124/29/124 136/45/136 135/34/135
f 124/29/124 128/36/128 136/45/136
f 129/37/129 130/936/130 132/40/132
f 125/21/125 130/936/130 129/37/129
f 462/132/462 82/41/82 125/21/125
f 122/32/122 135/34/135 131/33/131
f 128/36/128 132/40/132 136/45/136
f 130/936/130 125/21/125 81/42/81
f 134/28/134 141/50/141 140/937/140
f 658/664/658 126/27/126 133/38/133
f 130/936/130 144/47/144 132/40/132
f 130/936/130 145/56/145 144/47/144
f 130/936/130 81/42/81 145/56/145
f 137/43/137 131/33/131 138/46/138
f 147/938/147 133/38/133 134/28/134
f 147/938/147 134/28/134 140/937/140
f 139/66/139 133/38/133 146/49/146
f 133/38/133 147/938/147 153/48/153
f 141/50/141 148/52/148 140/937/140
f 142/51/142 137/43/137 157/53/157
f 135/34/135 149/54/149 138/46/138
f 153/48/153 147/938/147 154/61/154
f 144/47/144 151/57/151 150/55/150
f 139/66/139 146/49/146 152/59/152
f 149/54/149 150/55/150 163/64/163
f 154/61/154 155/68/155 162/70/162
f 151/57/151 164/65/164 165/76/165
f 152/59/152 153/48/153 161/77/161
f 159/60/159 157/53/157 170/71/170
f 156/69/156 168/73/168 162/70/162
f 164/65/164 172/83/172 165/76/165
f 152/59/152 174/85/174 160/67/160
f 162/70/162 175/80/175 180/72/180
f 168/73/168 176/81/176 175/80/175
f 166/74/166 178/82/178 176/81/176
f 171/75/171 165/76/165 184/84/184
f 179/92/179 172/83/172 173/90/173
f 190/94/190 184/84/184 172/83/172
f 178/82/178 181/87/181 176/81/176
f 175/80/175 187/96/187 180/72/180
f 190/94/190 185/93/185 194/98/194
f 161/77/161 195/99/195 152/59/152
f 176/81/176 191/110/191 187/96/187
f 189/97/189 190/94/190 193/100/193
f 152/59/152 195/99/195 66/101/66
f 180/72/180 196/102/196 186/95/186
f 182/88/182 183/89/183 199/104/199
f 199/104/199 188/103/188 200/105/200
f 200/105/200 189/97/189 209/107/209
f 194/98/194 179/92/179 366/939/366
f 179/92/179 394/91/394 366/939/366
f 66/101/66 201/120/201 67/138/67
f 198/106/198 187/96/187 202/112/202
f 187/96/187 191/110/191 202/112/202
f 192/940/192 207/116/207 191/110/191
f 195/99/195 203/109/203 201/120/201
f 198/106/198 204/115/204 197/108/197
f 191/110/191 206/118/206 205/111/205
f 191/110/191 207/116/207 206/118/206
f 192/940/192 199/104/199 208/114/208
f 209/107/209 193/100/193 64/941/64
f 205/111/205 57/121/57 204/115/204
f 210/117/210 207/116/207 211/942/211
f 203/109/203 204/115/204 56/122/56
f 212/113/212 200/105/200 213/125/213
f 200/105/200 209/107/209 213/125/213
f 210/117/210 58/943/58 57/121/57
f 211/942/211 208/114/208 214/124/214
f 102/8/102 83/130/83 98/13/98
f 213/125/213 209/107/209 64/941/64
f 194/98/194 366/939/366 348/944/348
f 83/130/83 102/8/102 813/934/813
f 79/945/79 394/91/394 173/90/173
f 394/91/394 375/946/375 366/939/366
f 64/941/64 194/98/194 348/944/348
f 221/947/221 42/147/42 225/149/225
f 214/124/214 59/136/59 58/943/58
f 650/760/650 104/6/104 65/22/65
f 217/144/217 218/146/218 223/163/223
f 219/150/219 221/947/221 220/151/220
f 217/144/217 223/163/223 216/143/216
f 220/151/220 221/947/221 225/149/225
f 223/163/223 218/146/218 243/165/243
f 230/161/230 224/152/224 227/155/227
f 224/152/224 220/151/220 227/155/227
f 225/149/225 767/148/767 228/154/228
f 228/154/228 41/153/41 233/157/233
f 216/143/216 235/171/235 226/158/226
f 229/156/229 54/300/54 238/169/238
f 226/158/226 235/171/235 234/159/234
f 216/143/216 239/164/239 235/171/235
f 237/166/237 229/156/229 238/169/238
f 233/157/233 229/156/229 237/166/237
f 218/146/218 244/174/244 243/165/243
f 239/164/239 243/165/243 235/171/235
f 241/180/241 233/157/233 245/182/245
f 237/166/237 238/169/238 247/167/247
f 235/171/235 248/173/248 77/172/77
f 243/165/243 252/175/252 248/173/248
f 240/176/240 241/180/241 250/179/250
f 244/174/244 254/184/254 253/183/253
f 250/179/250 255/185/255 249/177/249
f 251/181/251 245/182/245 256/190/256
f 248/173/248 261/188/261 260/187/260
f 249/177/249 262/189/262 254/184/254
f 255/185/255 251/181/251 263/191/263
f 259/186/259 242/170/242 264/193/264
f 253/183/253 273/207/273 261/188/261
f 256/190/256 257/948/257 269/197/269
f 261/188/261 273/207/273 272/199/272
f 260/187/260 278/215/278 266/194/266
f 260/187/260 272/199/272 278/215/278
f 262/189/262 282/200/282 267/195/267
f 268/196/268 283/202/283 282/200/282
f 268/196/268 263/191/263 283/202/283
f 269/197/269 270/205/270 276/203/276
f 271/198/271 264/193/264 277/206/277
f 266/194/266 278/215/278 75/217/75
f 272/199/272 279/218/279 278/215/278
f 272/199/272 280/208/280 279/218/279
f 267/195/267 282/200/282 281/209/281
f 277/206/277 265/192/265 294/214/294
f 273/207/273 289/220/289 280/208/280
f 74/216/74 278/215/278 295/222/295
f 279/218/279 296/231/296 288/219/288
f 291/227/291 303/226/303 290/225/290
f 284/210/284 306/229/306 292/221/292
f 284/210/284 285/949/285 306/229/306
f 285/949/285 286/212/286 306/229/306
f 286/212/286 287/211/287 307/228/307
f 287/211/287 293/235/293 299/230/299
f 293/235/293 294/214/294 308/236/308
f 294/214/294 59/213/59 60/950/60
f 300/232/300 295/222/295 288/219/288
f 292/221/292 305/234/305 304/233/304
f 299/230/299 293/235/293 310/237/310
f 300/232/300 296/231/296 309/244/309
f 296/231/296 297/223/297 309/244/309
f 321/242/321 305/234/305 306/229/306
f 307/228/307 299/230/299 316/243/316
f 73/315/73 295/222/295 311/245/311
f 295/222/295 300/232/300 311/245/311
f 309/244/309 297/223/297 312/951/312
f 304/233/304 305/234/305 320/254/320
f 302/239/302 314/241/314 313/240/313
f 303/226/303 315/246/315 314/241/314
f 308/236/308 317/248/317 310/237/310
f 311/245/311 309/244/309 318/249/318
f 309/244/309 312/951/312 323/251/323
f 319/256/319 313/240/313 324/252/324
f 304/233/304 320/254/320 315/246/315
f 315/246/315 329/260/329 324/252/324
f 315/246/315 325/255/325 329/260/329
f 316/243/316 326/258/326 321/242/321
f 318/249/318 323/251/323 327/263/327
f 317/248/317 330/268/330 322/253/322
f 328/257/328 324/252/324 331/261/331
f 321/242/321 334/262/334 325/255/325
f 318/249/318 327/263/327 332/265/332
f 327/263/327 328/257/328 333/264/333
f 322/253/322 335/267/335 326/258/326
f 70/259/70 318/249/318 332/265/332
f 333/264/333 331/261/331 336/271/336
f 326/258/326 338/269/338 334/262/334
f 63/266/63 340/952/340 335/267/335
f 332/265/332 333/264/333 339/277/339
f 333/264/333 336/271/336 341/273/341
f 336/271/336 337/287/337 342/272/342
f 337/287/337 325/255/325 343/275/343
f 334/262/334 345/276/345 344/274/344
f 69/270/69 332/265/332 355/278/355
f 339/277/339 333/264/333 347/279/347
f 338/269/338 353/293/353 345/276/345
f 339/277/339 347/279/347 349/284/349
f 341/273/341 342/272/342 350/286/350
f 342/272/342 337/287/337 351/285/351
f 345/276/345 352/290/352 344/274/344
f 345/276/345 353/293/353 352/290/352
f 355/278/355 339/277/339 349/284/349
f 356/283/356 350/286/350 357/953/357
f 344/274/344 361/291/361 360/288/360
f 348/281/348 366/305/366 354/282/354
f 355/278/355 349/284/349 32/294/32
f 349/284/349 356/283/356 33/296/33
f 357/953/357 358/297/358 34/299/34
f 354/282/354 366/305/366 362/292/362
f 46/139/46 216/143/216 222/140/222
f 43/755/43 224/152/224 44/145/44
f 43/755/43 219/150/219 224/152/224
f 219/150/219 42/147/42 221/947/221
f 56/954/56 242/170/242 203/955/203
f 340/952/340 64/304/64 346/280/346
f 265/192/265 57/956/57 58/302/58
f 61/247/61 62/303/62 317/248/317
f 78/318/78 222/140/222 234/159/234
f 362/292/362 40/306/40 39/307/39
f 365/309/365 38/308/38 37/310/37
f 364/311/364 37/310/37 36/957/36
f 68/313/68 363/295/363 31/312/31
f 622/958/622 71/250/71 70/259/70
f 72/316/72 311/245/311 71/250/71
f 77/172/77 266/194/266 76/317/76
f 367/959/367 373/330/373 380/329/380
f 372/322/372 367/959/367 380/329/380
f 37/328/37 378/327/378 370/323/370
f 40/336/40 375/347/375 387/349/387
f 370/323/370 378/327/378 374/324/374
f 38/326/38 382/960/382 378/327/378
f 14/321/14 371/320/371 383/335/383
f 368/332/368 369/325/369 374/324/374
f 377/333/377 368/332/368 374/324/374
f 377/333/377 374/324/374 384/346/384
f 374/324/374 382/960/382 384/346/384
f 376/338/376 386/337/386 382/960/382
f 40/336/40 387/349/387 386/337/386
f 13/455/13 383/335/383 12/961/12
f 381/331/381 377/333/377 389/339/389
f 382/960/382 385/344/385 384/346/384
f 382/960/382 386/337/386 385/344/385
f 388/340/388 389/339/389 400/352/400
f 387/349/387 402/348/402 401/362/401
f 11/962/11 390/343/390 10/350/10
f 389/339/389 384/346/384 397/353/397
f 385/344/385 398/359/398 392/345/392
f 375/347/375 394/447/394 402/348/402
f 394/447/394 399/365/399 402/348/402
f 395/342/395 411/355/411 410/354/410
f 403/356/403 400/352/400 404/367/404
f 8/963/8 9/964/9 421/382/421
f 397/353/397 406/358/406 405/369/405
f 398/359/398 419/376/419 406/358/406
f 398/359/398 407/361/407 419/376/419
f 393/360/393 408/363/408 407/361/407
f 401/362/401 414/364/414 408/363/408
f 402/348/402 409/366/409 414/364/414
f 10/350/10 410/354/410 9/964/9
f 411/355/411 417/357/417 416/371/416
f 417/357/417 403/356/403 412/368/412
f 406/358/406 418/373/418 413/370/413
f 406/358/406 419/376/419 418/373/418
f 407/361/407 408/363/408 420/375/420
f 408/363/408 414/364/414 420/375/420
f 399/365/399 415/965/415 409/366/409
f 410/354/410 416/371/416 9/964/9
f 404/367/404 428/372/428 412/368/412
f 412/368/412 433/386/433 432/394/432
f 417/357/417 412/368/412 423/380/423
f 418/373/418 419/376/419 425/377/425
f 419/376/419 420/375/420 426/378/426
f 409/366/409 415/965/415 427/392/427
f 413/370/413 429/381/429 428/372/428
f 426/378/426 420/375/420 437/391/437
f 8/963/8 421/382/421 7/384/7
f 423/380/423 431/379/431 422/385/422
f 412/368/412 432/394/432 431/379/431
f 428/372/428 434/387/434 433/386/433
f 429/381/429 435/388/435 434/387/434
f 425/377/425 426/378/426 436/389/436
f 435/388/435 442/390/442 448/397/448
f 439/393/439 427/392/427 82/399/82
f 432/394/432 443/409/443 440/395/440
f 433/386/433 444/396/444 443/409/443
f 438/402/438 439/393/439 446/400/446
f 447/406/447 445/405/445 441/398/441
f 430/383/430 468/404/468 7/384/7
f 444/396/444 455/410/455 443/409/443
f 7/384/7 3/429/3 5/966/5
f 453/411/453 455/410/455 452/408/452
f 444/396/444 456/419/456 455/410/455
f 447/406/447 441/398/441 454/401/454
f 448/397/448 449/413/449 459/415/459
f 450/967/450 451/403/451 461/416/461
f 446/400/446 82/399/82 462/968/462
f 455/410/455 463/418/463 481/417/481
f 458/407/458 447/406/447 472/421/472
f 447/406/447 454/401/454 472/421/472
f 7/384/7 468/404/468 3/429/3
f 458/407/458 471/430/471 470/432/470
f 464/420/464 465/425/465 473/427/473
f 468/404/468 481/417/481 2/428/2
f 470/432/470 475/431/475 469/424/469
f 472/421/472 464/420/464 477/434/477
f 467/422/467 460/414/460 480/930/480
f 460/414/460 461/416/461 480/930/480
f 463/418/463 488/437/488 481/417/481
f 475/431/475 53/453/53 469/424/469
f 476/433/476 477/434/477 482/439/482
f 474/426/474 466/423/466 48/442/48
f 481/417/481 488/437/488 2/428/2
f 476/433/476 486/443/486 475/431/475
f 483/438/483 484/440/484 49/767/49
f 469/424/469 53/453/53 488/437/488
f 486/443/486 51/451/51 475/431/475
f 1/969/1 31/319/31 14/321/14
f 31/319/31 32/970/32 372/322/372
f 36/445/36 370/323/370 369/325/369
f 79/448/79 415/965/415 399/365/399
f 415/965/415 80/971/80 427/392/427
f 427/392/427 80/971/80 81/449/81
f 480/930/480 103/972/103 99/781/99
f 485/441/485 474/426/474 773/450/773
f 475/431/475 52/452/52 53/453/53
f 488/437/488 775/454/775 2/428/2
f 5/966/5 3/429/3 4/973/4
f 6/974/6 7/384/7 5/966/5
f 24/460/24 498/472/498 497/461/497
f 493/463/493 489/458/489 494/464/494
f 489/458/489 495/457/495 494/464/494
f 498/472/498 491/601/491 499/473/499
f 496/467/496 502/471/502 501/466/501
f 30/975/30 503/469/503 502/471/502
f 4/462/4 497/461/497 513/478/513
f 494/464/494 505/468/505 500/465/500
f 502/471/502 506/470/506 501/466/501
f 30/975/30 96/476/96 503/469/503
f 497/461/497 498/472/498 509/474/509
f 495/457/495 507/475/507 505/468/505
f 507/475/507 521/484/521 510/481/510
f 503/469/503 515/490/515 506/470/506
f 508/477/508 96/476/96 511/488/511
f 507/475/507 515/490/515 521/484/521
f 4/462/4 513/478/513 512/616/512
f 505/468/505 518/976/518 514/479/514
f 505/468/505 520/482/520 518/976/518
f 514/479/514 518/976/518 517/486/517
f 513/478/513 509/474/509 516/483/516
f 523/977/523 516/483/516 528/495/528
f 512/616/512 513/478/513 522/485/522
f 516/483/516 514/479/514 519/487/519
f 518/976/518 520/482/520 517/486/517
f 519/487/519 517/486/517 525/496/525
f 517/486/517 526/492/526 525/496/525
f 520/482/520 531/493/531 526/492/526
f 521/484/521 527/494/527 531/493/531
f 96/476/96 95/763/95 511/488/511
f 524/491/524 519/487/519 529/500/529
f 515/490/515 532/489/532 527/494/527
f 511/488/511 533/502/533 532/489/532
f 6/504/6 522/485/522 536/505/536
f 511/488/511 534/509/534 533/502/533
f 93/688/93 542/510/542 535/511/535
f 523/977/523 528/495/528 537/514/537
f 524/491/524 529/500/529 538/501/538
f 532/489/532 548/503/548 541/499/541
f 537/514/537 528/495/528 545/508/545
f 538/501/538 530/497/530 547/515/547
f 530/497/530 539/498/539 547/515/547
f 540/506/540 536/505/536 543/513/543
f 548/503/548 533/502/533 559/532/559
f 550/524/550 537/514/537 551/518/551
f 544/512/544 537/514/537 549/523/549
f 537/514/537 550/524/550 549/523/549
f 551/518/551 545/508/545 546/507/546
f 537/514/537 545/508/545 551/518/551
f 546/507/546 538/501/538 552/517/552
f 533/502/533 560/516/560 559/532/559
f 542/510/542 555/978/555 560/516/560
f 544/512/544 549/523/549 563/525/563
f 551/518/551 564/527/564 571/529/571
f 551/518/551 552/517/552 564/527/564
f 554/519/554 557/521/557 556/526/556
f 555/978/555 542/510/542 561/979/561
f 542/510/542 93/688/93 561/979/561
f 565/539/565 557/521/557 558/522/558
f 558/522/558 566/531/566 565/539/565
f 561/979/561 92/544/92 570/535/570
f 564/527/564 557/521/557 579/540/579
f 557/521/557 565/539/565 579/540/579
f 564/527/564 584/551/584 578/528/578
f 564/527/564 579/540/579 584/551/584
f 572/546/572 573/542/573 580/553/580
f 577/537/577 571/529/571 582/555/582
f 576/543/576 92/544/92 581/549/581
f 571/529/571 583/550/583 582/555/582
f 579/540/579 572/546/572 585/552/585
f 586/547/586 576/543/576 597/554/597
f 584/551/584 587/560/587 583/550/583
f 584/551/584 585/552/585 588/558/588
f 582/555/582 592/559/592 591/556/591
f 583/550/583 593/561/593 592/559/592
f 587/560/587 584/551/584 594/566/594
f 590/571/590 586/547/586 596/563/596
f 591/556/591 598/564/598 13/576/13
f 587/560/587 604/567/604 601/565/601
f 594/566/594 595/562/595 599/568/599
f 592/559/592 600/569/600 598/564/598
f 604/567/604 594/566/594 602/570/602
f 599/568/599 589/557/589 607/572/607
f 596/563/596 597/554/597 603/574/603
f 598/564/598 610/587/610 14/575/14
f 606/577/606 604/567/604 612/579/612
f 596/563/596 603/574/603 608/580/608
f 603/574/603 90/573/90 609/581/609
f 598/564/598 611/583/611 610/587/610
f 613/578/613 602/570/602 614/584/614
f 602/570/602 599/568/599 614/584/614
f 608/580/608 609/581/609 615/592/615
f 72/610/72 619/585/619 623/591/623
f 606/577/606 619/585/619 618/589/618
f 619/585/619 613/578/613 623/591/623
f 614/584/614 607/572/607 76/598/76
f 608/580/608 615/592/615 78/594/78
f 615/592/615 617/609/617 620/593/620
f 610/587/610 68/980/68 1/588/1
f 610/587/610 621/595/621 68/980/68
f 611/583/611 622/596/622 621/595/621
f 619/585/619 72/610/72 618/589/618
f 16/456/16 15/607/15 490/459/490
f 607/572/607 608/580/608 76/598/76
f 23/981/23 22/599/22 24/460/24
f 22/599/22 21/600/21 498/472/498
f 21/600/21 20/602/20 491/601/491
f 20/602/20 19/604/19 492/603/492
f 19/604/19 18/605/18 493/463/493
f 96/476/96 651/636/651 95/763/95
f 535/511/535 691/667/691 93/688/93
f 90/573/90 735/608/735 89/582/89
f 76/598/76 78/594/78 77/982/77
f 623/591/623 73/983/73 72/610/72
f 621/595/621 70/612/70 69/984/69
f 621/595/621 69/984/69 68/980/68
f 10/615/10 562/538/562 11/545/11
f 9/614/9 543/513/543 562/538/562
f 5/617/5 522/485/522 6/504/6
f 5/617/5 512/616/512 522/485/522
f 3/619/3 24/460/24 4/462/4
f 2/618/2 25/985/25 24/460/24
f 627/929/627 636/633/636 632/624/632
f 627/929/627 633/628/633 636/633/636
f 628/759/628 635/634/635 634/627/634
f 629/621/629 910/622/910 624/629/624
f 633/628/633 645/986/645 639/632/639
f 633/628/633 637/641/637 645/986/645
f 640/639/640 634/627/634 641/635/641
f 634/627/634 640/639/640 637/641/637
f 641/635/641 649/643/649 640/639/640
f 635/634/635 642/642/642 641/635/641
f 629/621/629 624/629/624 643/637/643
f 631/625/631 632/624/632 636/633/636
f 639/632/639 645/986/645 644/638/644
f 637/641/637 647/640/647 645/986/645
f 630/987/630 626/623/626 660/669/660
f 646/648/646 645/986/645 647/640/647
f 645/986/645 646/648/646 644/638/644
f 640/639/640 649/643/649 648/645/648
f 104/6/104 650/760/650 642/642/642
f 651/636/651 629/621/629 652/988/652
f 629/621/629 643/637/643 652/988/652
f 638/631/638 625/630/625 671/654/671
f 636/633/636 644/638/644 654/646/654
f 644/638/644 646/648/646 654/646/654
f 646/648/646 655/647/655 654/646/654
f 649/643/649 669/650/669 656/649/656
f 642/642/642 657/662/657 669/650/669
f 652/988/652 643/637/643 663/656/663
f 660/669/660 653/644/653 672/660/672
f 655/647/655 666/653/666 665/661/665
f 652/988/652 663/656/663 667/658/667
f 662/651/662 655/647/655 665/661/665
f 656/649/656 669/650/669 666/653/666
f 659/764/659 652/988/652 667/658/667
f 661/652/661 662/651/662 668/659/668
f 666/653/666 673/680/673 668/659/668
f 666/653/666 669/650/669 673/680/673
f 669/650/669 680/663/680 673/680/673
f 667/658/667 675/657/675 683/668/683
f 657/662/657 674/665/674 680/663/680
f 683/668/683 675/657/675 684/671/684
f 672/660/672 668/659/668 678/672/678
f 668/659/668 673/680/673 679/674/679
f 674/665/674 682/761/682 681/675/681
f 670/666/670 683/668/683 695/676/695
f 676/670/676 685/677/685 684/671/684
f 677/673/677 692/678/692 685/677/685
f 678/672/678 686/679/686 692/678/692
f 679/674/679 687/681/687 686/679/686
f 673/680/673 688/682/688 687/681/687
f 680/663/680 694/715/694 688/682/688
f 695/676/695 683/668/683 699/684/699
f 685/677/685 701/693/701 700/685/700
f 685/677/685 692/678/692 701/693/701
f 688/682/688 693/686/693 687/681/687
f 691/667/691 695/676/695 698/687/698
f 692/678/692 697/690/697 701/693/701
f 692/678/692 693/686/693 702/689/702
f 695/676/695 699/684/699 698/687/698
f 702/689/702 693/686/693 706/989/706
f 697/690/697 705/703/705 701/693/701
f 693/686/693 688/682/688 694/715/694
f 699/684/699 703/692/703 708/691/708
f 701/693/701 704/701/704 714/694/714
f 701/693/701 705/703/705 704/701/704
f 702/689/702 706/989/706 711/698/711
f 693/686/693 694/715/694 706/989/706
f 697/690/697 716/697/716 705/703/705
f 697/690/697 702/689/702 710/696/710
f 711/698/711 706/989/706 718/711/718
f 707/700/707 712/699/712 91/548/91
f 700/685/700 713/707/713 703/692/703
f 700/685/700 714/694/714 713/707/713
f 704/701/704 715/704/715 721/702/721
f 705/703/705 716/697/716 715/704/715
f 711/698/711 718/711/718 717/705/717
f 709/695/709 719/706/719 712/699/712
f 714/694/714 720/717/720 713/707/713
f 714/694/714 721/702/721 720/717/720
f 710/696/710 717/705/717 725/709/725
f 717/705/717 718/711/718 731/713/731
f 724/710/724 725/709/725 736/723/736
f 721/702/721 728/727/728 720/717/720
f 721/702/721 729/719/729 728/727/728
f 722/708/722 730/721/730 729/719/729
f 722/708/722 723/720/723 730/721/730
f 725/709/725 717/705/717 737/722/737
f 689/716/689 690/725/690 733/724/733
f 729/719/729 742/728/742 741/730/741
f 724/710/724 736/723/736 743/733/743
f 719/706/719 738/729/738 744/726/744
f 727/718/727 739/990/739 738/729/738
f 730/721/730 724/710/724 743/733/743
f 739/990/739 745/736/745 738/729/738
f 742/728/742 747/738/747 741/730/741
f 736/723/736 737/722/737 748/734/748
f 737/722/737 731/713/731 748/734/748
f 731/713/731 732/712/732 749/735/749
f 732/712/732 726/714/726 749/735/749
f 742/728/742 756/740/756 747/738/747
f 742/728/742 743/733/743 756/740/756
f 743/733/743 748/734/748 751/739/751
f 748/734/748 749/735/749 752/741/752
f 749/735/749 733/724/733 753/743/753
f 733/724/733 734/86/734 757/744/757
f 744/726/744 754/745/754 89/582/89
f 756/740/756 751/739/751 762/750/762
f 89/582/89 758/746/758 617/609/617
f 745/736/745 759/752/759 750/737/750
f 750/737/750 768/753/768 758/746/758
f 756/740/756 762/750/762 755/747/755
f 763/749/763 760/751/760 769/756/769
f 768/753/768 759/752/759 766/754/766
f 752/741/752 764/742/764 41/153/41
f 753/743/753 757/744/757 67/138/67
f 758/746/758 765/141/765 617/609/617
f 764/742/764 753/743/753 41/153/41
f 762/750/762 43/755/43 44/145/44
f 763/749/763 769/756/769 43/755/43
f 910/622/910 29/757/29 624/629/624
f 126/27/126 658/664/658 65/22/65
f 628/759/628 634/627/634 26/626/26
f 160/67/160 734/86/734 690/725/690
f 757/744/757 66/101/66 67/138/67
f 769/756/769 219/150/219 43/755/43
f 766/754/766 217/144/217 45/142/45
f 92/544/92 707/700/707 91/548/91
f 659/764/659 667/658/667 94/762/94
f 95/763/95 651/636/651 659/764/659
f 53/453/53 776/765/776 775/454/775
f 52/452/52 771/769/771 776/765/776
f 770/771/770 50/766/50 772/768/772
f 2/428/2 775/454/775 25/774/25
f 771/769/771 783/772/783 777/770/777
f 772/768/772 49/767/49 778/783/778
f 25/774/25 780/773/780 23/794/23
f 776/765/776 781/776/781 784/775/784
f 777/770/777 783/772/783 782/777/782
f 779/790/779 47/780/47 83/782/83
f 782/777/782 783/772/783 785/788/785
f 795/797/795 790/789/790 785/788/785
f 787/779/787 774/778/774 796/791/796
f 780/773/780 788/792/788 23/794/23
f 780/773/780 793/786/793 788/792/788
f 782/777/782 790/789/790 781/776/781
f 23/794/23 792/793/792 22/800/22
f 784/775/784 794/795/794 793/786/793
f 786/785/786 791/784/791 799/796/799
f 788/792/788 793/786/793 797/803/797
f 788/792/788 797/803/797 792/793/792
f 789/787/789 790/789/790 810/805/810
f 795/797/795 799/796/799 802/807/802
f 792/793/792 801/804/801 21/799/21
f 799/796/799 800/798/800 805/806/805
f 803/802/803 779/790/779 806/818/806
f 798/801/798 804/810/804 810/805/810
f 797/803/797 807/812/807 801/804/801
f 793/786/793 808/808/808 797/803/797
f 794/795/794 809/809/809 808/808/808
f 789/787/789 810/805/810 809/809/809
f 802/807/802 805/806/805 816/816/816
f 805/806/805 803/802/803 812/817/812
f 804/810/804 802/807/802 815/814/815
f 809/809/809 819/991/819 818/829/818
f 816/816/816 812/817/812 823/825/823
f 817/820/817 813/819/813 830/827/830
f 822/815/822 815/814/815 827/824/827
f 815/814/815 816/816/816 828/823/828
f 824/992/824 817/820/817 829/834/829
f 817/820/817 830/827/830 829/834/829
f 807/812/807 838/828/838 825/821/825
f 826/822/826 808/808/808 840/830/840
f 823/825/823 832/843/832 828/823/828
f 829/834/829 830/827/830 835/835/835
f 830/827/830 84/826/84 836/837/836
f 826/822/826 840/830/840 839/840/839
f 818/829/818 841/848/841 840/830/840
f 831/833/831 821/832/821 843/853/843
f 822/815/822 827/824/827 853/842/853
f 827/824/827 828/823/828 844/841/844
f 828/823/828 845/844/845 844/841/844
f 839/840/839 840/830/840 847/847/847
f 841/848/841 849/851/849 848/846/848
f 841/848/841 842/849/842 849/851/849
f 833/993/833 834/836/834 854/862/854
f 833/993/833 854/862/854 832/843/832
f 835/835/835 836/837/836 855/854/855
f 846/845/846 839/840/839 856/856/856
f 839/840/839 847/847/847 856/856/856
f 847/847/847 848/846/848 857/858/857
f 858/859/858 853/842/853 859/871/859
f 832/843/832 861/863/861 845/844/845
f 834/836/834 862/864/862 854/862/854
f 855/854/855 863/875/863 862/864/862
f 855/854/855 86/855/86 863/875/863
f 17/857/17 856/856/856 864/865/864
f 860/861/860 869/878/869 868/870/868
f 849/851/849 866/869/866 865/867/865
f 850/850/850 851/860/851 867/868/867
f 851/860/851 858/859/858 867/868/867
f 858/859/858 859/871/859 868/870/868
f 845/844/845 870/872/870 860/861/860
f 854/862/854 872/874/872 871/873/871
f 862/864/862 873/876/873 872/874/872
f 863/875/863 874/890/874 873/876/873
f 865/867/865 866/869/866 881/884/881
f 867/868/867 858/859/858 884/886/884
f 868/870/868 869/878/869 875/877/875
f 870/872/870 877/879/877 876/888/876
f 871/873/871 878/880/878 877/879/877
f 864/865/864 857/858/857 880/882/880
f 866/869/866 867/868/867 882/883/882
f 877/879/877 895/889/895 886/887/886
f 872/874/872 887/899/887 878/880/878
f 879/881/879 880/882/880 891/896/891
f 880/882/880 865/867/865 889/895/889
f 883/885/883 884/886/884 892/902/892
f 875/877/875 893/893/893 884/886/884
f 884/886/884 893/893/893 892/902/892
f 885/892/885 894/898/894 893/893/893
f 886/887/886 895/889/895 894/898/894
f 878/880/878 896/900/896 895/889/895
f 888/891/888 97/994/97 896/900/896
f 891/896/891 889/895/889 899/901/899
f 890/897/890 882/883/882 900/905/900
f 896/900/896 97/994/97 88/918/88
f 891/896/891 899/901/899 902/906/902
f 496/894/496 879/881/879 30/620/30
f 905/909/905 907/908/907 912/919/912
f 900/905/900 901/903/901 903/913/903
f 892/902/892 904/914/904 901/903/901
f 897/907/897 908/910/908 907/908/907
f 898/904/898 909/911/909 908/910/908
f 896/900/896 88/918/88 909/911/909
f 891/896/891 902/906/902 910/622/910
f 902/906/902 900/905/900 911/915/911
f 905/909/905 912/919/912 904/914/904
f 910/622/910 902/906/902 920/924/920
f 912/919/912 906/912/906 904/914/904
f 907/908/907 919/916/919 912/919/912
f 909/911/909 914/758/914 913/917/913
f 906/912/906 918/920/918 917/926/917
f 912/919/912 919/916/919 918/920/918
f 908/910/908 923/921/923 919/916/919
f 913/917/913 914/758/914 26/626/26
f 910/622/910 920/924/920 29/757/29
f 28/923/28 921/927/921 27/928/27
f 918/920/918 627/929/627 632/624/632
f 919/916/919 923/921/923 627/929/627
f 913/917/913 26/626/26 923/921/923
f 51/451/51 771/769/771 52/452/52
f 51/451/51 770/771/770 771/769/771
f 773/450/773 48/442/48 774/778/774
f 836/837/836 84/826/84 85/995/85
f 836/837/836 85/995/85 86/855/86
f 86/855/86 109/996/109 863/875/863
f 923/921/923 633/628/633 627/929/627
f 24/997/24 25/774/25 23/794/23
f 837/838/837 17/857/17 18/998/18
f 19/839/19 837/838/837 18/998/18
f 119/23/119 117/935/117 115/20/115 111/19/111
f 117/935/117 119/23/119 123/35/123 122/32/122
f 137/43/137 142/51/142 141/50/141 134/28/134
f 150/55/150 149/54/149 136/45/136 143/44/143
f 139/66/139 658/664/658 133/38/133
f 140/937/140 155/68/155 154/61/154 147/938/147
f 142/51/142 156/69/156 155/68/155 148/52/148
f 155/68/155 140/937/140 148/52/148
f 151/57/151 165/76/165 163/64/163 150/55/150
f 159/60/159 156/69/156 142/51/142
f 170/71/170 169/79/169 166/74/166 159/60/159
f 171/75/171 183/89/183 182/88/182 177/78/177
f 172/83/172 164/65/164 173/90/173
f 184/84/184 189/97/189 188/103/188 183/89/183
f 181/87/181 192/940/192 191/110/191 176/81/176
f 186/95/186 198/106/198 197/108/197 195/99/195
f 192/940/192 181/87/181 182/88/182
f 199/104/199 192/940/192 182/88/182
f 202/112/202 205/111/205 204/115/204 198/106/198
f 66/101/66 195/99/195 201/120/201
f 210/117/210 57/121/57 205/111/205 206/118/206
f 194/98/194 64/941/64 193/100/193
f 192/940/192 208/114/208 211/942/211 207/116/207
f 211/942/211 214/124/214 58/943/58 210/117/210
f 212/113/212 62/126/62 215/123/215 208/114/208
f 79/945/79 173/90/173 164/65/164 415/133/415
f 213/125/213 64/941/64 340/999/340 63/134/63
f 61/1000/61 60/135/60 214/124/214 215/123/215
f 62/126/62 61/1000/61 215/123/215
f 224/152/224 230/161/230 218/146/218 44/145/44
f 227/155/227 225/149/225 232/162/232 231/160/231
f 226/158/226 222/140/222 216/143/216
f 236/178/236 244/174/244 218/146/218 230/161/230
f 230/161/230 231/160/231 240/176/240 236/178/236
f 231/160/231 232/162/232 241/180/241 240/176/240
f 228/154/228 233/157/233 241/180/241 232/162/232
f 233/157/233 237/166/237 246/168/246 245/182/245
f 245/182/245 246/168/246 258/1001/258 257/948/257
f 257/948/257 256/190/256 245/182/245
f 246/168/246 247/167/247 259/186/259 258/1001/258
f 254/184/254 267/195/267 273/207/273 253/183/253
f 261/188/261 248/173/248 252/175/252
f 257/948/257 258/1001/258 270/205/270 269/197/269
f 268/196/268 255/185/255 263/191/263
f 258/1001/258 259/186/259 271/198/271 270/205/270
f 269/197/269 275/204/275 274/201/274 263/191/263
f 274/201/274 275/204/275 285/949/285 284/210/284
f 275/204/275 276/203/276 286/212/286 285/949/285
f 271/198/271 293/235/293 287/211/287 276/203/276
f 277/206/277 294/214/294 293/235/293 271/198/271
f 282/200/282 291/227/291 290/225/290 281/209/281
f 283/202/283 292/221/292 291/227/291 282/200/282
f 297/223/297 296/231/296 279/218/279 280/208/280
f 84/10/84 111/19/111 110/7/110 85/1/85
f 302/239/302 301/238/301 289/220/289 298/224/298
f 73/315/73 74/216/74 295/222/295
f 297/223/297 289/220/289 301/238/301
f 290/225/290 303/226/303 302/239/302 298/224/298
f 60/950/60 61/247/61 308/236/308 294/214/294
f 301/238/301 313/240/313 312/951/312 297/223/297
f 312/951/312 313/240/313 319/256/319 323/251/323
f 319/256/319 328/257/328 327/263/327 323/251/323
f 331/261/331 329/260/329 337/287/337 336/271/336
f 335/267/335 322/253/322 330/268/330
f 346/280/346 354/282/354 335/267/335 340/952/340
f 337/287/337 329/260/329 325/255/325
f 354/282/354 353/293/353 338/269/338 335/267/335
f 341/273/341 350/286/350 356/283/356 347/279/347
f 355/278/355 363/295/363 68/313/68 69/270/69
f 351/285/351 358/297/358 357/953/357 350/286/350
f 351/285/351 343/275/343 359/289/359 358/297/358
f 362/292/362 361/291/361 352/290/352 353/293/353
f 356/283/356 357/953/357 34/299/34 33/296/33
f 359/289/359 36/957/36 35/298/35 358/297/358
f 360/288/360 364/311/364 36/957/36 359/289/359
f 361/291/361 365/309/365 364/311/364 360/288/360
f 362/292/362 39/307/39 365/309/365 361/291/361
f 41/153/41 67/138/67 54/300/54 229/156/229
f 55/301/55 203/955/203 242/170/242 238/169/238
f 56/954/56 57/956/57 265/192/265 242/170/242
f 765/141/765 222/140/222 78/318/78 620/1002/620
f 376/338/376 382/960/382 38/326/38 39/1003/39
f 376/338/376 39/1003/39 40/336/40
f 380/329/380 381/331/381 388/340/388 379/334/379
f 374/324/374 378/327/378 382/960/382
f 12/961/12 383/335/383 390/343/390 11/962/11
f 389/339/389 377/333/377 384/346/384
f 393/360/393 398/359/398 385/344/385 386/337/386
f 401/362/401 393/360/393 386/337/386 387/349/387
f 405/369/405 404/367/404 400/352/400 397/353/397
f 416/371/416 422/385/422 421/382/421 9/964/9
f 423/380/423 422/385/422 416/371/416 417/357/417
f 425/377/425 442/390/442 435/388/435 424/374/424
f 420/375/420 414/364/414 438/402/438 437/391/437
f 414/364/414 409/366/409 439/393/439 438/402/438
f 431/379/431 440/395/440 430/383/430 422/385/422
f 435/388/435 441/398/441 445/405/445 434/387/434
f 436/389/436 449/413/449 448/397/448 442/390/442
f 443/409/443 432/394/432 433/386/433
f 436/389/436 437/391/437 450/967/450 449/413/449
f 444/396/444 434/387/434 445/405/445
f 437/391/437 438/402/438 451/403/451 450/967/450
f 453/411/453 452/408/452 440/395/440 443/409/443
f 445/405/445 457/412/457 456/419/456 444/396/444
f 449/413/449 450/967/450 461/416/461 460/414/460
f 454/401/454 448/397/448 465/425/465 464/420/464
f 468/404/468 452/408/452 481/417/481
f 463/418/463 455/410/455 456/419/456
f 459/415/459 466/423/466 465/425/465 448/397/448
f 458/407/458 470/432/470 469/424/469 457/412/457
f 472/421/472 476/433/476 471/430/471 458/407/458
f 461/416/461 446/400/446 462/968/462 480/930/480
f 464/420/464 473/427/473 479/436/479 478/435/478
f 477/434/477 478/435/478 484/440/484 483/438/483
f 484/440/484 479/436/479 485/441/485 49/767/49
f 480/930/480 47/780/47 48/442/48 467/422/467
f 486/443/486 487/444/487 50/766/50 51/451/51
f 487/444/487 483/438/483 49/767/49 50/766/50
f 32/970/32 33/1004/33 367/959/367 372/322/372
f 33/1004/33 34/1005/34 373/330/373 367/959/367
f 34/1005/34 35/1006/35 368/332/368 373/330/373
f 35/1006/35 36/445/36 369/325/369 368/332/368
f 492/603/492 504/480/504 499/473/499 491/601/491
f 493/463/493 500/465/500 504/480/504 492/603/492
f 505/468/505 514/479/514 504/480/504 500/465/500
f 508/477/508 511/488/511 515/490/515 503/469/503
f 525/496/525 530/497/530 529/500/529 519/487/519
f 507/475/507 506/470/506 515/490/515
f 523/977/523 522/485/522 516/483/516
f 541/499/541 539/498/539 531/493/531 527/494/527
f 95/763/95 535/511/535 534/509/534 511/488/511
f 523/977/523 537/514/537 536/505/536 522/485/522
f 538/501/538 547/515/547 553/520/553 552/517/552
f 559/532/559 558/522/558 541/499/541 548/503/548
f 544/512/544 563/525/563 562/538/562 543/513/543
f 552/517/552 553/520/553 556/526/556 564/527/564
f 555/978/555 561/979/561 570/535/570 560/516/560
f 551/518/551 571/529/571 563/525/563 550/524/550
f 559/532/559 568/534/568 567/530/567 558/522/558
f 559/532/559 560/516/560 569/536/569 575/533/575
f 566/531/566 567/530/567 573/542/573 572/546/572
f 568/534/568 575/533/575 574/541/574 567/530/567
f 574/541/574 590/571/590 580/553/580 573/542/573
f 586/547/586 590/571/590 574/541/574 575/533/575
f 591/556/591 12/613/12 11/545/11 577/537/577
f 590/571/590 589/557/589 585/552/585 580/553/580
f 581/549/581 91/548/91 90/573/90 597/554/597
f 588/558/588 595/562/595 594/566/594 584/551/584
f 601/565/601 606/577/606 605/590/605 600/569/600
f 609/581/609 89/582/89 617/609/617 615/592/615
f 614/584/614 75/1007/75 74/597/74 616/586/616
f 611/583/611 600/569/600 605/590/605
f 606/577/606 612/579/612 619/585/619
f 94/762/94 691/667/691 535/511/535 95/763/95
f 76/598/76 75/1007/75 614/584/614
f 93/688/93 707/700/707 92/544/92 561/979/561
f 540/506/540 543/513/543 9/614/9 8/1008/8
f 73/983/73 623/591/623 74/597/74
f 6/504/6 540/506/540 8/1008/8 7/1009/7
f 626/623/626 631/625/631 653/644/653 660/669/660
f 637/641/637 633/628/633 634/627/634
f 625/630/625 630/987/630 660/669/660 671/654/671
f 648/645/648 656/649/656 655/647/655 647/640/647
f 650/760/650 658/664/658 657/662/657 642/642/642
f 643/637/643 638/631/638 664/655/664 663/656/663
f 652/988/652 659/764/659 651/636/651
f 653/644/653 654/646/654 661/652/661 672/660/672
f 663/656/663 664/655/664 671/654/671 675/657/675
f 672/660/672 677/673/677 676/670/676 660/669/660
f 684/671/684 675/657/675 671/654/671
f 681/675/681 689/716/689 694/715/694 680/663/680
f 682/761/682 690/725/690 689/716/689 681/675/681
f 698/687/698 708/691/708 707/700/707 93/688/93
f 694/715/694 726/714/726 718/711/718 706/989/706
f 703/692/703 699/684/699 696/683/696
f 723/720/723 722/708/722 715/704/715 716/697/716
f 710/696/710 724/710/724 723/720/723 716/697/716
f 712/699/712 744/726/744 735/608/735 91/548/91
f 728/727/728 740/732/740 739/990/739 727/718/727
f 719/706/719 713/707/713 727/718/727
f 741/730/741 740/732/740 728/727/728 729/719/729
f 746/731/746 745/736/745 739/990/739 740/732/740
f 738/729/738 750/737/750 754/745/754 744/726/744
f 747/738/747 756/740/756 755/747/755 746/731/746
f 761/748/761 759/752/759 745/736/745 746/731/746
f 752/741/752 767/148/767 760/751/760 751/739/751
f 762/750/762 44/145/44 766/754/766 755/747/755
f 28/923/28 630/987/630 625/630/625 29/757/29
f 28/923/28 27/928/27 626/623/626 630/987/630
f 682/761/682 139/66/139 160/67/160 690/725/690
f 45/142/45 46/139/46 768/753/768 766/754/766
f 49/767/49 485/441/485 773/450/773 778/783/778
f 47/780/47 779/790/779 774/778/774 48/442/48
f 778/783/778 773/450/773 787/779/787 791/784/791
f 772/768/772 786/785/786 785/788/785 783/772/783
f 787/779/787 800/798/800 799/796/799 791/784/791
f 786/785/786 772/768/772 778/783/778
f 795/797/795 785/788/785 786/785/786
f 800/798/800 796/791/796 803/802/803 805/806/805
f 83/782/83 813/819/813 806/818/806 779/790/779
f 798/801/798 795/797/795 804/810/804
f 804/810/804 795/797/795 802/807/802
f 806/818/806 817/820/817 812/817/812 803/802/803
f 814/813/814 20/1010/20 21/799/21 801/804/801
f 810/805/810 820/831/820 819/991/819 809/809/809
f 807/812/807 797/803/797 808/808/808
f 808/808/808 809/809/809 818/829/818
f 811/811/811 821/832/821 820/831/820 810/805/810
f 811/811/811 804/810/804 822/815/822 821/832/821
f 817/820/817 824/992/824 823/825/823 812/817/812
f 825/821/825 19/839/19 20/1010/20 814/813/814
f 842/849/842 841/848/841 818/829/818 819/991/819
f 820/831/820 831/833/831 842/849/842 819/991/819
f 833/993/833 832/843/832 823/825/823 824/992/824
f 829/834/829 834/836/834 833/993/833 824/992/824
f 822/815/822 853/842/853 843/853/843 821/832/821
f 838/828/838 846/845/846 17/857/17 837/838/837
f 842/849/842 831/833/831 851/860/851 850/850/850
f 843/853/843 852/852/852 851/860/851 831/833/831
f 853/842/853 844/841/844 860/861/860 859/871/859
f 866/869/866 849/851/849 850/850/850
f 876/888/876 875/877/875 860/861/860 870/872/870
f 864/865/864 856/856/856 857/858/857
f 868/870/868 884/886/884 858/859/858
f 876/888/876 886/887/886 885/892/885 875/877/875
f 873/876/873 888/891/888 887/899/887 872/874/872
f 881/884/881 890/897/890 889/895/889 865/867/865
f 882/883/882 883/885/883 901/903/901 900/905/900
f 897/907/897 905/909/905 893/893/893 894/898/894
f 895/889/895 898/904/898 897/907/897 894/898/894
f 905/909/905 904/914/904 892/902/892 893/893/893
f 911/915/911 915/922/915 920/924/920 902/906/902
f 911/915/911 903/913/903 916/1011/916 915/922/915
f 903/913/903 906/912/906 917/926/917 916/1011/916
f 915/922/915 916/1011/916 921/927/921 28/923/28
f 916/1011/916 917/926/917 922/925/922 921/927/921
f 109/996/109 87/1012/87 874/890/874 863/875/863
f 87/1012/87 97/994/97 888/891/888 874/890/874
f 27/928/27 922/925/922 632/624/632 626/623/626
