# Blender 4.4.0
# www.blender.org
mtllib Meshy_AI_Mossy_Monolith_0313125952_texture.mtl
o Meshy_AI_Mossy_Monolith_0313125952_texture
v -0.138943 -0.953033 -0.722113
v -0.142857 -0.949119 -0.726027
v -0.138943 -0.949119 -0.726027
v -0.021526 -0.941292 -0.710372
v -0.021526 -0.941292 -0.706458
v -0.048924 -0.941292 -0.608611
v -0.185910 -0.941292 -0.632094
v -0.217221 -0.941292 -0.639922
v -0.146771 -0.949119 -0.722113
v -0.150685 -0.941292 -0.726027
v -0.221135 -0.933464 -0.639922
v -0.236791 -0.843444 -0.655577
v -0.166341 -0.851272 -0.733855
v -0.158513 -0.851272 -0.737769
v -0.142857 -0.941292 -0.729941
v -0.138943 -0.941292 -0.729941
v -0.154599 -0.851272 -0.741683
v -0.037182 -0.843444 -0.722113
v -0.021526 -0.933464 -0.714286
v 0.103718 -0.921722 -0.694716
v 0.095890 -0.831703 -0.698630
v 0.225049 -0.819961 -0.679061
v 0.228963 -0.909980 -0.671233
v 0.228963 -0.917808 -0.671233
v 0.103718 -0.929550 -0.690802
v 0.103718 -0.929550 -0.682975
v 0.228963 -0.917808 -0.663405
v 0.244618 -0.909980 -0.561644
v 0.095890 -0.925636 -0.585127
v -0.236791 -0.929550 -0.538160
v -0.084149 -0.921722 -0.510763
v -0.119374 -0.898239 -0.409002
v -0.291585 -0.913894 -0.440313
v -0.377691 -0.917808 -0.459883
v -0.295499 -0.929550 -0.549902
v -0.303327 -0.925636 -0.549902
v -0.385519 -0.913894 -0.459883
v -0.397260 -0.819961 -0.475538
v -0.318982 -0.831703 -0.565558
v 0.080235 -0.909980 -0.479452
v 0.244618 -0.894325 -0.452055
v 0.240705 -0.882583 -0.342466
v 0.060665 -0.882583 -0.377691
v 0.600783 -0.937378 0.338552
v 0.452055 -0.941292 0.393346
v 0.455969 -0.925636 0.272016
v 0.604697 -0.925636 0.232877
v 0.733855 -0.929550 0.201566
v 0.722113 -0.937378 0.291585
v 0.722113 -0.933464 0.295499
v 0.600783 -0.933464 0.342466
v 0.452055 -0.937378 0.397260
v 0.381605 -0.937378 0.491194
v 0.397260 -0.937378 0.491194
v 0.475538 -0.941292 0.585127
v 0.471624 -0.941292 0.589041
v 0.377691 -0.945205 0.636008
v 0.295499 -0.937378 0.561644
v 0.181996 -0.913894 0.491194
v 0.252446 -0.909980 0.397260
v 0.322896 -0.902153 0.299413
v 0.142857 -0.878669 0.318982
v 0.217221 -0.870842 0.221135
v 0.295499 -0.866928 0.127202
v 0.389432 -0.898239 0.197652
v 0.401174 -0.933464 0.491194
v 0.475538 -0.933464 0.581213
v 0.479452 -0.933464 0.585127
v 0.479452 -0.937378 0.589041
v 0.475538 -0.941292 0.592955
v 0.381605 -0.941292 0.639922
v 0.475538 -0.937378 0.596869
v 0.483366 -0.870842 0.604697
v 0.385519 -0.874755 0.647750
v 0.272016 -0.870842 0.698630
v 0.264188 -0.937378 0.682975
v 0.264188 -0.941292 0.679061
v 0.377691 -0.941292 0.639922
v 0.479452 -0.933464 0.592955
v 0.479452 -0.929550 0.585127
v 0.487280 -0.866928 0.596869
v 0.487280 -0.870842 0.600783
v 0.150685 -0.933464 0.729941
v 0.158513 -0.870842 0.749511
v 0.084149 -0.913894 0.776908
v 0.060665 -0.929550 0.741683
v 0.056752 -0.933464 0.737769
v 0.150685 -0.937378 0.726027
v 0.729941 -0.933464 0.287671
v 0.741683 -0.929550 0.197652
v 0.741683 -0.921722 0.197652
v 0.729941 -0.929550 0.287671
v 0.729941 -0.929550 0.291585
v 0.726027 -0.933464 0.291585
v 0.600783 -0.929550 0.342466
v 0.722113 -0.929550 0.299413
v 0.718200 -0.866928 0.303327
v 0.600783 -0.863014 0.342466
v 0.459883 -0.863014 0.397260
v 0.455969 -0.933464 0.397260
v 0.471624 -0.898239 0.506849
v 0.001957 -0.925636 0.667319
v 0.146771 -0.937378 0.718200
v 0.052838 -0.933464 0.733855
v -0.041096 -0.925636 0.741683
v -0.084149 -0.925636 0.690802
v -0.135029 -0.913894 0.628180
v -0.064579 -0.913894 0.596869
v 0.001957 -0.913894 0.561644
v 0.080235 -0.925636 0.639922
v 0.146771 -0.925636 0.600783
v 0.064579 -0.909980 0.530333
v -0.037182 -0.921722 0.749511
v -0.041096 -0.921722 0.745597
v 0.726027 -0.929550 0.295499
v 0.729941 -0.866928 0.295499
v 0.726027 -0.866928 0.299413
v 0.479452 -0.710372 0.514677
v 0.749511 -0.929550 0.107632
v 0.745597 -0.929550 0.103718
v 0.745597 -0.925636 0.099804
v 0.749511 -0.925636 0.103718
v 0.749511 -0.921722 0.103718
v 0.749511 -0.921722 0.107632
v 0.667319 -0.921722 0.064579
v 0.639922 -0.921722 0.154599
v 0.542074 -0.913894 0.099804
v 0.577299 -0.909980 0.009785
v 0.581213 -0.906067 0.005871
v 0.667319 -0.917808 0.056751
v 0.729941 -0.866928 0.291585
v 0.741683 -0.859100 0.201566
v 0.737769 -0.761252 0.205480
v 0.729941 -0.769080 0.299413
v 0.726027 -0.769080 0.307241
v 0.193738 -0.702544 0.784736
v 0.158513 -0.722113 0.796477
v 0.001957 -0.698630 0.780822
v -0.029354 -0.898239 0.761252
v 0.745597 -0.921722 0.099804
v 0.745597 -0.855186 0.099804
v 0.749511 -0.859100 0.103718
v 0.749511 -0.859100 0.111546
v 0.671233 -0.913894 0.056751
v 0.581213 -0.902153 0.001957
v 0.592955 -0.835616 0.005871
v 0.675147 -0.847358 0.056751
v 0.459883 -0.898239 0.045010
v 0.373777 -0.874755 -0.001957
v 0.416830 -0.878669 -0.084149
v 0.495108 -0.898239 -0.037182
v -0.174168 -0.917808 0.698630
v -0.142857 -0.906067 0.722113
v -0.232877 -0.894325 0.706458
v -0.256360 -0.902153 0.698630
v -0.272016 -0.902153 0.679061
v -0.209393 -0.909980 0.655577
v -0.138943 -0.906067 0.726027
v -0.138943 -0.902153 0.729941
v -0.232877 -0.886497 0.710372
v -0.232877 -0.890411 0.706458
v 0.749511 -0.757339 0.103718
v 0.749511 -0.757339 0.111546
v -0.135029 -0.874755 0.749511
v -0.131115 -0.679061 0.761252
v -0.240704 -0.659491 0.741683
v -0.232877 -0.855186 0.714286
v 0.342466 -0.898239 -0.655577
v 0.342466 -0.808219 -0.659491
v 0.369863 -0.808219 -0.651663
v 0.369863 -0.898239 -0.647750
v 0.369863 -0.902153 -0.647750
v 0.342466 -0.906067 -0.651663
v 0.342466 -0.909980 -0.647750
v 0.369863 -0.906067 -0.639922
v 0.436399 -0.882583 -0.545988
v 0.385519 -0.894325 -0.545988
v -0.354207 -0.890411 -0.346380
v -0.158513 -0.855186 -0.311155
v -0.193738 -0.831703 -0.209393
v -0.389432 -0.870842 -0.248532
v -0.561644 -0.878669 -0.275930
v -0.479452 -0.902153 -0.369863
v -0.487280 -0.898239 -0.373777
v -0.573385 -0.874755 -0.287671
v -0.585127 -0.808219 -0.299413
v -0.499022 -0.808219 -0.389432
v -0.009785 -0.894325 0.479452
v 0.001957 -0.913894 0.545988
v -0.048924 -0.894325 0.499022
v -0.076321 -0.886497 0.471624
v -0.029354 -0.882583 0.448141
v 0.029354 -0.882583 0.420744
v 0.052838 -0.890411 0.452055
v -0.115460 -0.902153 0.534247
v -0.181996 -0.906067 0.569472
v -0.209393 -0.894325 0.534247
v -0.142857 -0.890411 0.502935
v -0.244618 -0.906067 0.608611
v -0.291585 -0.898239 0.636008
v -0.307241 -0.890411 0.596869
v -0.264188 -0.894325 0.569472
v 0.409002 -0.882583 -0.436399
v 0.518591 -0.863014 -0.432485
v 0.526419 -0.855186 -0.322896
v 0.409002 -0.866928 -0.326810
v 0.499022 -0.894325 -0.045010
v 0.420744 -0.878669 -0.088063
v 0.424658 -0.874755 -0.088063
v 0.502935 -0.890411 -0.045010
v 0.373777 -0.902153 -0.639922
v 0.373777 -0.902153 -0.643836
v 0.373777 -0.898239 -0.643836
v 0.377691 -0.894325 -0.639922
v 0.444227 -0.874755 -0.545988
v 0.440313 -0.878669 -0.545988
v 0.373777 -0.804305 -0.647750
v 0.377691 -0.804305 -0.639922
v -0.295499 -0.902153 -0.052838
v -0.299413 -0.902153 -0.045010
v -0.409002 -0.894325 -0.131115
v -0.405088 -0.890411 -0.138943
v -0.401174 -0.886497 -0.142857
v -0.291585 -0.894325 -0.056752
v -0.205479 -0.878669 0.017612
v -0.209393 -0.882583 0.021526
v -0.213307 -0.882583 0.025440
v -0.330724 -0.898239 0.021526
v -0.240704 -0.874755 0.084149
v -0.272016 -0.863014 0.146771
v -0.362035 -0.890411 0.103718
v -0.459883 -0.882583 0.048924
v -0.432485 -0.886497 -0.048924
v 0.530333 -0.827789 -0.037182
v 0.463796 -0.831703 -0.068493
v 0.510763 -0.816047 -0.052838
v 0.534247 -0.710372 -0.037182
v 0.553816 -0.718200 -0.017613
v 0.608611 -0.729941 0.017613
v -0.279843 -0.894325 0.698630
v -0.268102 -0.886497 0.702544
v -0.275930 -0.882583 0.702544
v -0.287671 -0.890411 0.698630
v -0.299413 -0.894325 0.686888
v -0.291585 -0.898239 0.686888
v -0.307241 -0.894325 0.643836
v -0.311155 -0.890411 0.643836
v -0.318982 -0.882583 0.604697
v -0.315068 -0.886497 0.604697
v 0.029354 -0.843444 -0.275930
v 0.228963 -0.870842 -0.236791
v 0.193738 -0.839530 -0.138943
v -0.005871 -0.823875 -0.174168
v 0.373777 -0.639922 -0.647750
v 0.377691 -0.636008 -0.639922
v 0.448141 -0.632094 -0.542074
v 0.444227 -0.788650 -0.545988
v -0.526419 -0.878669 -0.119374
v -0.542074 -0.874755 -0.001957
v -0.561644 -0.874755 -0.013699
v -0.557730 -0.882583 -0.135029
v -0.565558 -0.878669 -0.264188
v -0.518591 -0.878669 -0.225049
v -0.514677 -0.878669 -0.232877
v -0.565558 -0.878669 -0.272016
v -0.510763 -0.874755 -0.236791
v -0.272016 -0.859100 -0.068493
v -0.369863 -0.863014 -0.150685
v -0.307241 -0.835616 -0.119374
v -0.244618 -0.827789 -0.084149
v -0.174168 -0.823875 -0.025440
v -0.189824 -0.851272 -0.001957
v -0.275930 -0.890411 0.553816
v -0.315068 -0.886497 0.581213
v -0.315068 -0.882583 0.573385
v -0.275930 -0.886497 0.545988
v -0.225049 -0.886497 0.514677
v -0.221135 -0.890411 0.522505
v -0.154599 -0.886497 0.491194
v -0.158513 -0.878669 0.483366
v -0.091977 -0.870842 0.455969
v -0.084149 -0.878669 0.459883
v -0.287671 -0.882583 0.698630
v -0.275930 -0.874755 0.702544
v -0.275930 -0.812133 0.710372
v -0.287671 -0.816047 0.706458
v -0.295499 -0.816047 0.694716
v -0.299413 -0.886497 0.686888
v -0.311155 -0.882583 0.647750
v -0.303327 -0.812133 0.651663
v -0.311155 -0.804305 0.608611
v -0.318982 -0.874755 0.604697
v -0.264188 -0.882583 0.702544
v -0.264188 -0.874755 0.706458
v -0.272016 -0.874755 0.702544
v -0.272016 -0.878669 0.702544
v -0.377691 -0.886497 0.142857
v -0.287671 -0.855186 0.178082
v -0.291585 -0.855186 0.185910
v -0.381605 -0.882583 0.154599
v -0.475538 -0.882583 0.107632
v -0.471624 -0.882583 0.095890
v -0.530333 -0.890411 0.401174
v -0.479452 -0.890411 0.397260
v -0.471624 -0.890411 0.491194
v -0.502935 -0.890411 0.491194
v -0.506849 -0.886497 0.491194
v -0.534247 -0.886497 0.401174
v -0.573385 -0.882583 0.291585
v -0.565558 -0.886497 0.291585
v -0.491194 -0.886497 0.291585
v -0.381605 -0.886497 0.397260
v -0.373777 -0.886497 0.295499
v -0.279843 -0.863014 0.303327
v -0.295499 -0.866928 0.397260
v -0.315068 -0.866928 0.483366
v -0.389432 -0.882583 0.487280
v -0.499022 -0.886497 0.506849
v -0.471624 -0.886497 0.510763
v -0.471624 -0.882583 0.514677
v -0.499022 -0.882583 0.510763
v -0.502935 -0.882583 0.510763
v -0.502935 -0.882583 0.506849
v -0.393346 -0.878669 0.510763
v -0.322896 -0.866928 0.510763
v -0.330724 -0.866928 0.522505
v -0.397260 -0.874755 0.518591
v -0.322896 -0.882583 0.589041
v -0.322896 -0.878669 0.589041
v -0.326810 -0.878669 0.581213
v -0.322896 -0.882583 0.581213
v -0.412916 -0.863014 -0.185910
v -0.628180 -0.886497 0.138943
v -0.600783 -0.886497 0.189824
v -0.608611 -0.882583 0.189824
v -0.632094 -0.882583 0.142857
v -0.632094 -0.882583 0.135029
v -0.628180 -0.882583 0.131115
v -0.600783 -0.878669 0.080235
v -0.592955 -0.882583 0.084149
v -0.549902 -0.882583 0.142857
v -0.561644 -0.874755 0.025440
v -0.502935 -0.878669 0.115460
v -0.401174 -0.882583 0.189824
v -0.491194 -0.886497 0.217221
v -0.581213 -0.886497 0.244618
v -0.287671 -0.859100 0.221135
v -0.589041 -0.882583 0.244618
v -0.538160 -0.882583 0.401174
v -0.510763 -0.882583 0.491194
v -0.522505 -0.819961 0.487280
v -0.557730 -0.819961 0.401174
v -0.600783 -0.816047 0.295499
v -0.577299 -0.878669 0.291585
v -0.037182 -0.874755 0.436399
v -0.045010 -0.866928 0.432485
v 0.013699 -0.866928 0.405088
v 0.021527 -0.874755 0.409002
v -0.502935 -0.878669 0.506849
v -0.502935 -0.874755 0.510763
v -0.518591 -0.816047 0.506849
v -0.518591 -0.816047 0.502935
v -0.283757 -0.874755 0.530333
v -0.318982 -0.874755 0.553816
v -0.322896 -0.870842 0.534247
v -0.291585 -0.863014 0.510763
v -0.248532 -0.855186 0.483366
v -0.236791 -0.870842 0.499022
v -0.178082 -0.859100 0.467710
v -0.193738 -0.843444 0.452055
v -0.142857 -0.831703 0.424658
v -0.115460 -0.851272 0.440313
v -0.264188 -0.839530 0.710372
v -0.272016 -0.651663 0.737769
v -0.279843 -0.647750 0.737769
v -0.272016 -0.839530 0.710372
v 0.526419 -0.859100 -0.432485
v 0.530333 -0.851272 -0.432485
v 0.534247 -0.843444 -0.322896
v 0.530333 -0.851272 -0.322896
v 0.397260 -0.859100 -0.221135
v 0.514677 -0.847358 -0.221135
v 0.499022 -0.835616 -0.135029
v 0.381605 -0.851272 -0.138943
v -0.565558 -0.878669 -0.138943
v -0.569472 -0.874755 -0.013699
v -0.573385 -0.866928 -0.017613
v -0.569472 -0.874755 -0.138943
v -0.577299 -0.870842 -0.272016
v -0.573385 -0.874755 -0.268102
v -0.158513 -0.843444 0.080235
v -0.154599 -0.839530 0.076321
v -0.123288 -0.823875 0.099804
v -0.127202 -0.823875 0.107632
v -0.131115 -0.823875 0.111546
v -0.162427 -0.843444 0.088063
v -0.181996 -0.839530 0.127202
v -0.146771 -0.823875 0.146771
v -0.166341 -0.823875 0.181996
v -0.201566 -0.835616 0.174168
v -0.553816 -0.874755 0.025440
v -0.565558 -0.874755 0.017612
v -0.632094 -0.878669 0.131115
v -0.604697 -0.874755 0.080235
v -0.577299 -0.866928 0.025440
v -0.573385 -0.874755 0.025440
v -0.636008 -0.878669 0.135029
v -0.655577 -0.819961 0.146771
v -0.651663 -0.819961 0.142857
v -0.612524 -0.812133 0.088063
v -0.636008 -0.878669 0.142857
v -0.612524 -0.878669 0.189824
v -0.636008 -0.819961 0.201566
v -0.655577 -0.819961 0.154599
v -0.592955 -0.878669 0.244618
v -0.616438 -0.816047 0.252446
v -0.499022 -0.874755 0.514677
v -0.471624 -0.874755 0.518591
v -0.487280 -0.812133 0.510763
v -0.514677 -0.812133 0.506849
v -0.405088 -0.866928 0.526419
v -0.346380 -0.866928 0.538160
v -0.354207 -0.804305 0.526419
v -0.416830 -0.808219 0.518591
v -0.326810 -0.874755 0.561644
v -0.330724 -0.870842 0.561644
v -0.334638 -0.866928 0.545988
v -0.330724 -0.870842 0.542074
v -0.322896 -0.870842 0.589041
v -0.315068 -0.804305 0.589041
v -0.315068 -0.800391 0.581213
v -0.326810 -0.870842 0.581213
v -0.577299 -0.874755 -0.279843
v -0.596869 -0.808219 -0.287671
v -0.592955 -0.808219 -0.291585
v 0.350294 -0.859100 -0.123288
v 0.346380 -0.859100 -0.119374
v 0.362035 -0.855186 -0.119374
v 0.291585 -0.847358 -0.045010
v 0.217221 -0.831703 0.076321
v 0.119374 -0.819961 0.037182
v 0.158513 -0.827789 -0.056752
v -0.142857 -0.827789 0.056751
v -0.131115 -0.819961 0.029354
v -0.107632 -0.819961 0.056751
v -0.115460 -0.819961 0.080235
v -0.330724 -0.863014 0.561644
v -0.322896 -0.796477 0.557730
v -0.330724 -0.788650 0.534247
v -0.334638 -0.859100 0.545988
v 0.545988 -0.788650 -0.405088
v 0.569472 -0.632094 -0.369863
v 0.569472 -0.632094 -0.283757
v 0.545988 -0.776908 -0.307241
v -0.589041 -0.812133 -0.142857
v -0.565558 -0.804305 -0.009785
v -0.581213 -0.706458 0.005871
v -0.604697 -0.718200 -0.142857
v -0.628180 -0.733855 -0.303327
v 0.436399 -0.835616 -0.084149
v -0.569472 -0.870842 0.013698
v -0.573385 -0.866928 0.013698
v -0.682975 -0.722113 0.158513
v -0.636008 -0.714286 0.103718
v -0.592955 -0.706458 0.045010
v -0.577299 -0.804305 0.033268
v 0.401174 -0.718200 0.667319
v 0.487280 -0.722113 0.628180
v 0.491194 -0.585127 0.643836
v 0.412916 -0.577299 0.686888
v 0.318982 -0.573385 0.745597
v 0.295499 -0.714286 0.722113
v -0.009785 -0.819961 -0.084149
v -0.158513 -0.827789 -0.107632
v -0.072407 -0.847358 0.420744
v -0.103718 -0.827789 0.405088
v -0.056752 -0.831703 0.377691
v -0.021526 -0.847358 0.393346
v -0.334638 -0.866928 0.538160
v -0.338552 -0.863014 0.538160
v -0.322896 -0.866928 0.526419
v -0.295499 -0.863014 0.502935
v -0.295499 -0.859100 0.499022
v -0.256360 -0.851272 0.471624
v -0.252446 -0.851272 0.475538
v 0.491194 -0.722113 0.620352
v 0.491194 -0.718200 0.616438
v 0.495108 -0.585127 0.632094
v 0.495108 -0.585127 0.639922
v 0.228963 -0.573385 0.796477
v -0.569472 -0.804305 0.021526
v -0.585127 -0.706458 0.033268
v 0.722113 -0.769080 0.311155
v 0.726027 -0.671233 0.318982
v 0.722113 -0.671233 0.322896
v 0.714286 -0.671233 0.326810
v 0.718200 -0.769080 0.315068
v 0.600783 -0.757339 0.342466
v 0.604697 -0.651663 0.350294
v 0.475538 -0.628180 0.389432
v 0.467710 -0.741683 0.393346
v -0.236791 -0.847358 0.397260
v -0.221135 -0.843444 0.311155
v -0.166341 -0.823875 0.311155
v -0.181996 -0.831703 0.389432
v -0.201566 -0.839530 0.444227
v -0.256360 -0.851272 0.459883
v -0.338552 -0.855186 0.538160
v -0.338552 -0.784736 0.526419
v 0.491194 -0.577299 0.530333
v -0.213307 -0.831703 0.197652
v -0.178082 -0.823875 0.201566
v -0.178082 -0.823875 0.209393
v -0.217221 -0.831703 0.205480
v -0.217221 -0.831703 0.236791
v -0.174168 -0.823875 0.240705
v 0.745597 -0.753425 0.099804
v 0.745597 -0.655577 0.099804
v 0.749511 -0.655577 0.103718
v 0.749511 -0.655577 0.111546
v 0.522505 -0.843444 -0.221135
v 0.526419 -0.835616 -0.221135
v 0.510763 -0.827789 -0.135029
v 0.506849 -0.831703 -0.135029
v 0.682975 -0.741683 0.064579
v 0.624266 -0.624266 0.033268
v 0.690802 -0.639922 0.072407
v -0.127202 -0.823875 0.373777
v -0.150685 -0.827789 0.416830
v -0.185910 -0.675147 -0.765166
v -0.193738 -0.675147 -0.765166
v -0.228963 -0.502935 -0.788650
v -0.221135 -0.502935 -0.788650
v -0.099804 -0.495108 -0.765166
v -0.064579 -0.667319 -0.741683
v -0.197652 -0.675147 -0.761252
v -0.268102 -0.659491 -0.686888
v -0.287671 -0.471624 -0.714286
v -0.232877 -0.502935 -0.784736
v 0.076321 -0.659491 -0.714286
v 0.060665 -0.589041 -0.733855
v 0.213307 -0.651663 -0.694716
v -0.326810 -0.639922 -0.589041
v -0.412916 -0.628180 -0.506849
v -0.432485 -0.424658 -0.542074
v -0.350294 -0.440313 -0.624266
v 0.542074 -0.769080 -0.213307
v 0.565558 -0.628180 -0.193738
v 0.553816 -0.624266 -0.107632
v 0.526419 -0.761252 -0.127202
v -0.009785 -0.819961 0.001957
v -0.131115 -0.823875 -0.041096
v -0.268102 -0.455969 0.765166
v -0.275930 -0.455969 0.765166
v -0.279843 -0.452055 0.761252
v -0.283757 -0.647750 0.733855
v 0.495108 -0.816047 -0.064579
v -0.119374 -0.823875 0.303327
v -0.056752 -0.819961 0.287671
v -0.072407 -0.823875 0.354207
v -0.111546 -0.823875 0.397260
v 0.514677 -0.753425 -0.056752
v 0.542074 -0.624266 -0.033268
v -0.017613 -0.819961 0.076321
v 0.084149 -0.819961 0.107632
v 0.056752 -0.819961 0.162427
v -0.041096 -0.819961 0.131115
v -0.064579 -0.819961 0.170254
v 0.029354 -0.819961 0.197652
v 0.005871 -0.819961 0.228963
v -0.084149 -0.819961 0.201566
v -0.103718 -0.823875 0.232877
v -0.021526 -0.819961 0.252446
v 0.342466 -0.643836 -0.659491
v 0.201566 -0.483366 -0.698630
v 0.334638 -0.471624 -0.659491
v 0.358121 -0.467710 -0.647750
v 0.369863 -0.639922 -0.651663
v -0.514677 -0.616438 -0.416830
v -0.620352 -0.733855 -0.318982
v -0.632094 -0.624266 -0.326810
v -0.655577 -0.420744 -0.350294
v -0.534247 -0.416830 -0.444227
v -0.686888 -0.722113 0.162427
v -0.722113 -0.620352 0.178082
v -0.718200 -0.620352 0.174168
v -0.659491 -0.612524 0.115460
v -0.686888 -0.722113 0.170254
v -0.667319 -0.718200 0.213307
v -0.702544 -0.616438 0.225049
v -0.722113 -0.620352 0.185910
v -0.651663 -0.718200 0.260274
v -0.636008 -0.714286 0.303327
v -0.671233 -0.608611 0.307241
v -0.686888 -0.612524 0.272016
v -0.592955 -0.706458 0.397260
v -0.553816 -0.702544 0.475538
v -0.592955 -0.585127 0.459883
v -0.628180 -0.596869 0.389432
v -0.549902 -0.698630 0.487280
v -0.549902 -0.698630 0.491194
v -0.585127 -0.585127 0.475538
v -0.589041 -0.585127 0.471624
v -0.545988 -0.698630 0.495108
v -0.514677 -0.694716 0.495108
v -0.545988 -0.577299 0.475538
v -0.581213 -0.581213 0.475538
v -0.291585 -0.647750 0.729941
v -0.279843 -0.448141 0.749511
v -0.279843 -0.436399 0.729941
v -0.291585 -0.643836 0.710372
v -0.291585 -0.632094 0.663405
v -0.275930 -0.409002 0.679061
v -0.272016 -0.381605 0.628180
v -0.295499 -0.620352 0.616438
v -0.436399 -0.686888 0.499022
v -0.365949 -0.675147 0.502935
v -0.381605 -0.549902 0.483366
v -0.459883 -0.565558 0.475538
v 0.362035 -0.467710 -0.643836
v 0.365949 -0.467710 -0.636008
v -0.628180 -0.733855 -0.311155
v -0.643836 -0.624266 -0.311155
v -0.639922 -0.624266 -0.318982
v -0.350294 -0.639922 0.506849
v -0.346380 -0.636008 0.518591
v -0.362035 -0.436399 0.495108
v -0.365949 -0.487280 0.487280
v -0.299413 -0.616438 0.600783
v -0.272016 -0.373777 0.612525
v -0.279843 -0.377691 0.600783
v -0.303327 -0.616438 0.592955
v -0.326810 -0.624266 0.557730
v -0.318982 -0.405088 0.545988
v 0.726027 -0.671233 0.311155
v 0.737769 -0.663405 0.213307
v 0.733855 -0.624266 0.213307
v 0.726027 -0.636008 0.315068
v 0.726027 -0.636008 0.322896
v 0.749511 -0.616438 0.103718
v 0.749511 -0.616438 0.111546
v -0.628180 -0.608611 -0.142857
v -0.596869 -0.600783 0.017613
v -0.608611 -0.502935 0.025440
v -0.647750 -0.455969 -0.150685
v -0.675147 -0.420744 -0.330724
v 0.573385 -0.612524 0.001957
v 0.553816 -0.604697 -0.013699
v 0.561644 -0.553816 0.041096
v 0.577299 -0.561644 0.045010
v 0.624266 -0.573385 0.060665
v 0.228963 -0.569472 0.796477
v 0.068493 -0.534247 0.800391
v 0.068493 -0.538160 0.800391
v -0.741683 -0.534247 0.181996
v -0.679061 -0.522505 0.123288
v -0.620352 -0.510763 0.068493
v -0.608611 -0.604697 0.056751
v 0.565558 -0.491194 -0.017613
v -0.596869 -0.600783 0.045010
v -0.604697 -0.506849 0.052838
v -0.103718 -0.502935 0.796477
v -0.103718 -0.495108 0.796477
v -0.228963 -0.463796 0.776908
v -0.228963 -0.471624 0.776908
v 0.722113 -0.636008 0.326810
v 0.722113 -0.632094 0.322896
v 0.714286 -0.628180 0.326810
v 0.714286 -0.636008 0.326810
v 0.604697 -0.612524 0.350294
v 0.608611 -0.604697 0.350294
v 0.479452 -0.577299 0.385519
v 0.479452 -0.585127 0.389432
v -0.268102 -0.448141 0.765166
v -0.275930 -0.448141 0.765166
v 0.690802 -0.596869 0.080235
v 0.624266 -0.569472 0.064579
v 0.690802 -0.592955 0.084149
v 0.745597 -0.608611 0.103718
v 0.745597 -0.616438 0.099804
v 0.749511 -0.612524 0.107632
v 0.749511 -0.612524 0.111546
v 0.048924 -0.499022 -0.737769
v 0.037182 -0.401174 -0.745597
v 0.189824 -0.358121 -0.702544
v 0.318982 -0.326810 -0.655577
v 0.342466 -0.326810 -0.636008
v 0.350294 -0.326810 -0.628180
v 0.436399 -0.365949 -0.538160
v 0.444227 -0.487280 -0.542074
v 0.726027 -0.632094 0.315068
v 0.733855 -0.620352 0.213307
v 0.729941 -0.616438 0.213307
v 0.718200 -0.628180 0.318982
v 0.581213 -0.506849 -0.354207
v 0.592955 -0.420744 -0.350294
v 0.612525 -0.420744 -0.260274
v 0.600783 -0.506849 -0.268102
v 0.589041 -0.502935 -0.178082
v 0.604697 -0.416830 -0.170254
v 0.581213 -0.409002 -0.084149
v 0.573385 -0.495108 -0.091977
v 0.608611 -0.600783 0.342466
v 0.647750 -0.585127 0.221135
v 0.565558 -0.553816 0.225049
v 0.479452 -0.569472 0.377691
v 0.487280 -0.573385 0.530333
v 0.495108 -0.577299 0.632094
v -0.671233 -0.420744 -0.338552
v -0.694716 -0.275930 -0.346380
v -0.690802 -0.275930 -0.354207
v -0.679061 -0.275930 -0.362035
v 0.585127 -0.409002 -0.013699
v 0.585127 -0.409002 0.017613
v 0.573385 -0.491194 0.017613
v 0.745597 -0.608611 0.111546
v -0.745597 -0.534247 0.189824
v -0.749511 -0.522505 0.189824
v -0.745597 -0.522505 0.185910
v -0.682975 -0.506849 0.127202
v -0.745597 -0.534247 0.193738
v -0.729941 -0.530333 0.232877
v -0.729941 -0.518591 0.232877
v -0.749511 -0.522505 0.193738
v 0.690802 -0.589041 0.091976
v 0.624266 -0.565558 0.072407
v -0.710372 -0.526419 0.275930
v -0.690802 -0.522505 0.311155
v -0.686888 -0.514677 0.311155
v -0.710372 -0.518591 0.275930
v -0.651663 -0.514677 0.385519
v -0.620352 -0.510763 0.448141
v -0.616438 -0.502935 0.448141
v -0.651663 -0.506849 0.385519
v -0.232877 -0.452055 -0.800391
v -0.111546 -0.428571 -0.780822
v -0.612524 -0.510763 0.459883
v -0.608611 -0.510763 0.463796
v -0.608611 -0.502935 0.459883
v -0.612524 -0.502935 0.455969
v -0.604697 -0.506849 0.463796
v -0.565558 -0.502935 0.463796
v -0.569472 -0.495108 0.459883
v -0.604697 -0.502935 0.459883
v 0.495108 -0.581213 0.639922
v 0.491194 -0.573385 0.636008
v 0.491194 -0.577299 0.643836
v 0.412916 -0.573385 0.686888
v 0.412916 -0.565558 0.682975
v 0.318982 -0.565558 0.737769
v 0.318982 -0.569472 0.745597
v 0.440313 -0.549902 0.381605
v 0.530333 -0.542074 0.225049
v 0.506849 -0.538160 0.221135
v 0.436399 -0.538160 0.385519
v 0.483366 -0.569472 0.530333
v 0.428571 -0.530333 0.526419
v -0.475538 -0.483366 0.463796
v -0.389432 -0.463796 0.471624
v -0.393346 -0.455969 0.467710
v -0.479452 -0.475538 0.463796
v 0.577299 -0.557730 0.048924
v 0.561644 -0.549902 0.045010
v 0.561644 -0.545988 0.052838
v 0.577299 -0.553816 0.060665
v 0.412916 -0.530333 0.624266
v 0.354207 -0.479452 0.604697
v 0.346380 -0.522505 0.651663
v 0.225049 -0.565558 0.792564
v 0.291585 -0.467710 0.620352
v 0.264188 -0.506849 0.682975
v 0.217221 -0.452055 0.632094
v 0.174168 -0.495108 0.706458
v 0.068493 -0.530333 0.796477
v 0.037182 -0.463796 0.722113
v -0.103718 -0.487280 0.792564
v 0.569472 -0.491194 0.048924
v -0.373777 -0.444227 0.479452
v 0.581213 -0.412916 0.052838
v 0.553816 -0.416830 0.127202
v 0.545988 -0.495108 0.127202
v 0.506849 -0.495108 0.217221
v 0.510763 -0.420744 0.213307
v 0.467710 -0.420744 0.315068
v 0.467710 -0.495108 0.315068
v 0.424658 -0.491194 0.412916
v 0.385519 -0.487280 0.510763
v -0.107632 -0.428571 0.726027
v -0.228963 -0.455969 0.772994
v 0.377691 -0.420744 0.510763
v 0.338552 -0.420744 0.600783
v 0.275930 -0.412916 0.612525
v -0.745597 -0.518591 0.189824
v -0.682975 -0.502935 0.131115
v -0.624266 -0.487280 0.076321
v -0.624266 -0.491194 0.072407
v -0.726027 -0.514677 0.228963
v -0.675147 -0.491194 0.166340
v -0.706458 -0.510763 0.272016
v -0.682975 -0.510763 0.307241
v -0.639922 -0.483366 0.240705
v -0.659491 -0.487280 0.205480
v -0.643836 -0.502935 0.381605
v -0.612524 -0.499022 0.444227
v -0.565558 -0.471624 0.416830
v -0.604697 -0.475538 0.330724
v -0.608611 -0.487280 0.056751
v -0.608611 -0.483366 0.060665
v -0.628180 -0.416830 0.025440
v -0.244618 -0.448141 -0.796477
v -0.303327 -0.381605 -0.729941
v -0.299413 -0.373777 -0.729941
v -0.244618 -0.444227 -0.796477
v -0.240704 -0.448141 -0.800391
v -0.240704 -0.452055 -0.800391
v -0.232877 -0.444227 -0.800391
v -0.111546 -0.424658 -0.780822
v -0.663405 -0.362035 -0.154599
v -0.643836 -0.322896 0.021526
v -0.675147 -0.268102 -0.154599
v -0.698630 -0.248532 -0.315068
v -0.604697 -0.475538 0.138943
v -0.620352 -0.479452 0.103718
v -0.608611 -0.499022 0.455969
v -0.569472 -0.491194 0.455969
v 0.510763 -0.330724 0.217221
v 0.467710 -0.330724 0.315068
v 0.424658 -0.330724 0.412916
v 0.424658 -0.420744 0.412916
v -0.483366 -0.471624 0.455969
v -0.401174 -0.452055 0.459883
v -0.448141 -0.440313 0.412916
v -0.502935 -0.455969 0.416830
v 0.138943 -0.432485 0.639922
v 0.209393 -0.401174 0.620352
v 0.135029 -0.389432 0.628180
v 0.009785 -0.362035 0.643836
v 0.009785 -0.397260 0.647750
v 0.377691 -0.330724 0.510763
v 0.338552 -0.330724 0.596869
v -0.604697 -0.475538 0.088063
v -0.589041 -0.471624 0.119374
v -0.596869 -0.424658 0.119374
v -0.616438 -0.420744 0.084149
v -0.569472 -0.444227 0.275930
v -0.589041 -0.471624 0.170254
v -0.569472 -0.467710 0.142857
v -0.549902 -0.440313 0.256360
v -0.553816 -0.459883 0.150685
v -0.553816 -0.424658 0.146771
v -0.573385 -0.424658 0.138943
v -0.530333 -0.440313 0.362035
v -0.365949 -0.311155 -0.651663
v -0.448141 -0.252446 -0.569472
v -0.448141 -0.225049 -0.573385
v -0.365949 -0.295499 -0.651663
v 0.189824 -0.338552 -0.702544
v 0.330724 -0.283757 -0.667319
v 0.346380 -0.279843 -0.655577
v 0.338552 -0.326810 -0.639922
v 0.350294 -0.279843 -0.651663
v 0.358121 -0.283757 -0.643836
v 0.275930 -0.326810 0.604697
v 0.213307 -0.318982 0.608611
v -0.377691 -0.405088 0.475538
v -0.111546 -0.365949 0.647750
v -0.217221 -0.401174 0.714286
v -0.268102 -0.444227 0.761252
v -0.252446 -0.397260 0.706458
v -0.275930 -0.444227 0.761252
v -0.534247 -0.440313 0.158513
v -0.530333 -0.428571 0.248532
v -0.499022 -0.397260 0.240705
v -0.491194 -0.393346 0.170254
v -0.436399 -0.401174 0.416830
v -0.522505 -0.397260 0.318982
v -0.526419 -0.428571 0.322896
v -0.236791 -0.440313 -0.796477
v -0.295499 -0.369863 -0.729941
v -0.189824 -0.346380 -0.714286
v -0.115460 -0.416830 -0.776908
v -0.311155 -0.373777 0.538160
v -0.256360 -0.350294 0.596869
v -0.248532 -0.322896 0.589041
v -0.303327 -0.330724 0.530333
v -0.373777 -0.334638 0.467710
v 0.029354 -0.381605 -0.741683
v 0.033268 -0.389432 -0.745597
v -0.510763 -0.326810 0.318982
v -0.487280 -0.326810 0.244618
v -0.467710 -0.330724 0.181996
v -0.557730 -0.197652 -0.475538
v -0.663405 -0.146771 -0.389432
v -0.659491 -0.088063 -0.397260
v -0.557730 -0.154599 -0.479452
v -0.585127 -0.358121 0.138943
v -0.542074 -0.365949 0.150685
v -0.530333 -0.307241 0.154599
v -0.585127 -0.295499 0.138943
v -0.624266 -0.283757 0.127202
v -0.612524 -0.350294 0.123288
v -0.632094 -0.342466 0.088063
v -0.639922 -0.272016 0.091976
v -0.655577 -0.240704 0.017613
v 0.596869 -0.389432 -0.350294
v 0.440313 -0.334638 -0.545988
v 0.440313 -0.326810 -0.545988
v 0.596869 -0.381605 -0.350294
v 0.534247 -0.338552 -0.405088
v 0.545988 -0.303327 -0.393346
v 0.604697 -0.326810 -0.346380
v 0.596869 -0.315068 -0.260274
v 0.604697 -0.377691 -0.260274
v 0.600783 -0.369863 -0.170254
v 0.596869 -0.307241 -0.170254
v 0.592955 -0.299413 -0.084149
v 0.585127 -0.362035 -0.084149
v 0.553816 -0.330724 0.131115
v 0.553816 -0.256360 0.131115
v 0.510763 -0.248532 0.217221
v 0.467710 -0.236791 0.315068
v -0.362035 -0.287671 -0.651663
v -0.311155 -0.264188 -0.643836
v -0.225049 -0.236791 -0.624266
v -0.068493 -0.315068 -0.686888
v 0.585127 -0.338552 0.056751
v 0.589041 -0.342466 0.021526
v 0.592955 -0.279843 0.021526
v 0.585127 -0.268102 0.060665
v 0.592955 -0.350294 -0.009785
v 0.596869 -0.287671 -0.009785
v -0.201566 -0.346380 0.643836
v -0.225049 -0.346380 0.624266
v -0.299413 -0.279843 0.522505
v -0.365949 -0.279843 0.459883
v -0.428571 -0.275930 0.401174
v -0.432485 -0.330724 0.409002
v 0.185910 -0.330724 -0.702544
v 0.326810 -0.275930 -0.663405
v -0.499022 -0.272016 0.322896
v -0.479452 -0.275930 0.248532
v 0.138943 -0.311155 0.620352
v 0.142857 -0.228963 0.608611
v 0.021527 -0.228963 0.624266
v 0.013699 -0.299413 0.632094
v -0.111546 -0.338552 0.639922
v -0.197652 -0.322896 0.639922
v 0.076321 -0.275930 -0.655577
v -0.107632 -0.205479 -0.596869
v 0.013699 -0.178082 -0.569472
v 0.232877 -0.232877 -0.624266
v -0.221135 -0.322896 0.620352
v -0.444227 -0.217221 -0.569472
v -0.412916 -0.201566 -0.561644
v 0.350294 -0.272016 -0.651663
v 0.358121 -0.275930 -0.643836
v -0.107632 -0.291585 0.636008
v -0.103718 -0.232877 0.628180
v -0.189824 -0.236791 0.636008
v -0.193738 -0.283757 0.639922
v 0.428571 -0.295499 -0.534247
v 0.346380 -0.248532 -0.628180
v 0.412916 -0.244618 -0.510763
v 0.322896 -0.197652 -0.592955
v 0.318982 -0.174168 -0.581213
v 0.409002 -0.213307 -0.499022
v -0.491194 -0.240704 0.326810
v -0.463796 -0.244618 0.244618
v -0.448141 -0.256360 0.170254
v -0.459883 -0.279843 0.181996
v -0.522505 -0.252446 0.150685
v -0.526419 -0.268102 0.158513
v 0.510763 -0.166341 0.217221
v 0.471624 -0.142857 0.315068
v 0.424658 -0.142857 0.412916
v 0.424658 -0.236791 0.412916
v 0.381605 -0.240704 0.510763
v 0.381605 -0.158513 0.510763
v 0.346380 -0.174168 0.589041
v 0.342466 -0.248532 0.592955
v -0.244618 -0.279843 0.585127
v -0.240704 -0.236791 0.585127
v -0.295499 -0.236791 0.522505
v -0.362035 -0.236791 0.455969
v 0.279843 -0.240704 0.600783
v 0.287671 -0.158513 0.592955
v 0.225049 -0.146771 0.596869
v 0.217221 -0.232877 0.604697
v 0.338552 -0.244618 -0.636008
v 0.315068 -0.193738 -0.596869
v 0.620352 -0.248532 -0.342466
v 0.561644 -0.236791 -0.393346
v 0.573385 -0.131115 -0.381605
v 0.643836 -0.142857 -0.334638
v 0.632094 -0.135029 -0.260274
v 0.604697 -0.240704 -0.260274
v -0.690802 -0.181996 -0.150685
v -0.659491 -0.217221 0.013699
v -0.694716 -0.158513 -0.150685
v -0.706458 -0.135029 -0.217221
v -0.706458 -0.162427 -0.225049
v -0.217221 -0.279843 0.620352
v -0.213307 -0.236791 0.616438
v 0.150685 -0.135029 0.604697
v 0.029354 -0.127202 0.612525
v 0.600783 -0.232877 -0.174168
v 0.624266 -0.131115 -0.178082
v 0.608611 -0.170254 -0.084149
v 0.600783 -0.228963 -0.084149
v -0.585127 -0.260274 0.138943
v -0.581213 -0.248532 0.131115
v -0.624266 -0.240704 0.119374
v -0.628180 -0.256360 0.127202
v 0.412916 -0.178082 -0.499022
v 0.596869 -0.221135 -0.009785
v 0.596869 -0.174168 -0.013699
v 0.589041 -0.174168 0.021526
v 0.592955 -0.217221 0.021526
v 0.330724 -0.244618 -0.639922
v 0.346380 -0.272016 -0.655577
v -0.643836 -0.244618 0.091976
v -0.639922 -0.232877 0.088063
v -0.655577 -0.205479 0.009785
v 0.585127 -0.209393 0.060665
v 0.581213 -0.170254 0.060665
v 0.549902 -0.154599 0.131115
v 0.553816 -0.189824 0.131115
v -0.291585 -0.138943 0.522505
v -0.350294 -0.107632 0.448141
v -0.409002 -0.099804 0.385519
v -0.424658 -0.236791 0.397260
v -0.675147 -0.142857 -0.377691
v -0.682975 -0.142857 -0.365949
v -0.682975 -0.084149 -0.373777
v -0.675147 -0.084149 -0.385519
v -0.694716 -0.154599 -0.295499
v -0.694716 -0.111546 -0.295499
v -0.452055 -0.099804 0.342466
v -0.455969 -0.099804 0.334638
v -0.409002 -0.076321 0.236791
v -0.553816 -0.146771 -0.475538
v -0.526419 -0.131115 -0.463796
v -0.475538 -0.103718 -0.440313
v -0.350294 -0.178082 -0.542074
v 0.510763 -0.135029 0.217221
v 0.467710 -0.123288 0.315068
v -0.412916 -0.205479 0.127202
v -0.420744 -0.181996 0.201566
v -0.354207 -0.127202 0.095890
v -0.393346 -0.146771 0.084149
v -0.479452 -0.123288 0.048924
v -0.499022 -0.189824 0.099804
v -0.561644 -0.181996 0.080235
v -0.538160 -0.107632 0.025440
v -0.565558 -0.103718 0.013699
v -0.596869 -0.174168 0.068493
v 0.307241 -0.193738 -0.596869
v 0.303327 -0.170254 -0.589041
v -0.354207 0.001957 0.228963
v -0.354207 -0.060665 0.138943
v -0.604697 -0.170254 0.048924
v -0.569472 -0.103718 0.001957
v -0.573385 -0.095890 -0.048924
v -0.616438 -0.154599 -0.017613
v -0.268102 -0.146771 -0.518591
v -0.409002 -0.068493 -0.409002
v -0.346380 -0.037182 -0.377691
v -0.256360 -0.123288 -0.506849
v 0.322896 -0.150685 -0.581213
v 0.338552 -0.064579 -0.589041
v 0.428571 -0.084149 -0.502935
v 0.518591 -0.127202 -0.444227
v -0.232877 -0.142857 0.581213
v -0.209393 0.029354 0.530333
v -0.264188 0.017613 0.479452
v -0.318982 0.009785 0.416830
v -0.201566 -0.142857 0.608611
v -0.178082 -0.142857 0.628180
v -0.178082 0.037182 0.561644
v -0.193738 0.033268 0.549902
v -0.091977 -0.135029 0.620352
v -0.655577 -0.080235 -0.393346
v -0.624266 -0.064579 -0.373777
v -0.690802 -0.150685 -0.150685
v -0.647750 -0.115460 -0.158513
v -0.702544 -0.127202 -0.213307
v 0.311155 -0.170254 -0.585127
v 0.315068 -0.146771 -0.589041
v 0.021527 -0.154599 -0.557730
v 0.025440 -0.123288 -0.557730
v 0.307241 -0.146771 -0.589041
v -0.330724 -0.017612 -0.373777
v -0.326810 0.009785 -0.377691
v -0.256360 -0.088063 -0.510763
v 0.585127 -0.080235 -0.013699
v 0.616438 -0.080235 -0.088063
v 0.616438 0.048924 -0.088063
v 0.589041 0.048924 -0.013699
v 0.577299 0.048924 0.021527
v 0.577299 -0.080235 0.021526
v 0.569472 -0.080235 0.060665
v 0.561644 0.048924 0.056752
v 0.530333 0.048924 0.127202
v 0.542074 -0.080235 0.131115
v 0.381605 -0.138943 0.506849
v 0.424658 -0.123288 0.409002
v 0.416830 -0.037182 0.401174
v 0.373777 -0.041096 0.487280
v 0.342466 -0.048924 0.553816
v 0.346380 -0.158513 0.585127
v 0.287671 -0.142857 0.589041
v 0.287671 -0.037182 0.561644
v 0.228963 -0.025440 0.565558
v 0.225049 -0.127202 0.592955
v 0.636008 -0.080235 -0.178082
v 0.647750 -0.080235 -0.260274
v 0.655577 0.045010 -0.256360
v 0.647750 0.045010 -0.174168
v -0.530333 -0.025440 -0.052838
v -0.538160 -0.029354 -0.084149
v -0.561644 -0.029354 -0.162427
v -0.596869 -0.080235 -0.162427
v -0.604697 -0.052838 -0.279843
v -0.643836 -0.076321 -0.291585
v -0.690802 -0.099804 -0.295499
v 0.506849 -0.080235 0.217221
v 0.495108 0.048924 0.217221
v 0.455969 0.048924 0.307241
v 0.467710 -0.080235 0.311155
v 0.330724 -0.060665 -0.592955
v 0.350294 0.025440 -0.596869
v 0.358121 0.025440 -0.592955
v 0.444227 0.009785 -0.506849
v 0.322896 -0.060665 -0.592955
v 0.033268 -0.037182 -0.557730
v 0.041096 0.052838 -0.557730
v 0.342466 0.025440 -0.596869
v -0.381605 -0.068493 0.021526
v -0.350294 -0.068493 0.041096
v -0.350294 -0.001957 -0.017613
v -0.373777 0.001957 -0.033268
v -0.432485 0.029354 -0.068493
v -0.455969 -0.045010 -0.013699
v 0.150685 -0.115460 0.600783
v 0.158513 -0.017613 0.573385
v 0.099804 -0.013699 0.577299
v 0.655577 -0.080235 -0.330724
v 0.585127 -0.072407 -0.381605
v 0.600783 0.048924 -0.377691
v 0.675147 0.041096 -0.326810
v -0.088063 0.041096 0.557730
v 0.021527 0.045010 0.561644
v -0.088063 0.189824 0.510763
v -0.643836 -0.052838 -0.350294
v -0.679061 -0.072407 -0.369863
v -0.671233 -0.072407 -0.381605
v -0.639922 -0.052838 -0.358121
v -0.604697 -0.025440 -0.334638
v -0.585127 -0.037182 -0.350294
v 0.373777 0.142857 -0.592955
v 0.459883 0.127202 -0.506849
v -0.315068 -0.048924 0.080235
v -0.283757 0.009785 0.103718
v -0.283757 0.068493 0.033268
v -0.318982 0.025440 0.005871
v 0.162427 0.072407 0.549902
v 0.099804 0.072407 0.553816
v -0.252446 -0.001957 -0.526419
v -0.322896 0.084149 -0.389432
v -0.315068 0.162427 -0.401174
v -0.248532 0.088063 -0.538160
v -0.510763 -0.025440 -0.037182
v -0.479452 0.048924 -0.091977
v -0.491194 0.048924 -0.095890
v -0.526419 -0.021526 -0.045010
v -0.236791 0.162427 0.440313
v -0.283757 0.150685 0.385519
v -0.326810 0.138943 0.334638
v -0.369863 0.005871 0.362035
v -0.553816 0.017613 -0.303327
v -0.561644 0.021527 -0.295499
v -0.499022 0.072407 -0.240704
v -0.491194 0.068493 -0.248532
v -0.455969 -0.001957 -0.322896
v -0.440313 0.135029 -0.201566
v -0.397260 0.052838 -0.287671
v -0.495108 0.045010 -0.099804
v -0.502935 0.037182 -0.119374
v -0.401174 0.005871 0.326810
v -0.342466 0.131115 0.311155
v -0.342466 0.131115 0.303327
v -0.401174 0.005871 0.318982
v -0.299413 0.119374 0.228963
v -0.252446 0.107632 0.158513
v -0.311155 0.005871 0.146771
v -0.522505 0.017613 -0.166341
v -0.506849 0.052838 -0.201566
v -0.573385 -0.005871 -0.248532
v 0.440313 0.201566 0.307241
v 0.405088 0.193738 0.385519
v 0.412916 0.048924 0.393346
v -0.565558 0.021527 -0.287671
v -0.604697 -0.029354 -0.326810
v -0.232877 0.107632 0.127202
v 0.373777 0.048924 0.471624
v 0.369863 0.185910 0.455969
v 0.346380 0.181996 0.502935
v 0.342466 0.048924 0.530333
v 0.287671 0.056751 0.538160
v 0.295499 0.185910 0.506849
v 0.240705 0.193738 0.510763
v 0.232877 0.064579 0.542074
v -0.381605 0.072407 -0.279843
v -0.432485 0.158513 -0.193738
v -0.432485 0.174168 -0.193738
v -0.381605 0.095890 -0.279843
v 0.170254 0.201566 0.514677
v 0.103718 0.201566 0.514677
v -0.471624 0.091977 -0.154599
v -0.452055 0.131115 -0.185910
v -0.502935 0.072407 -0.232877
v -0.322896 0.088063 -0.056751
v -0.291585 0.127202 -0.037182
v -0.295499 0.154599 -0.064579
v -0.326810 0.115460 -0.080235
v -0.354207 0.088063 -0.088063
v -0.350294 0.060665 -0.072407
v -0.369863 0.060665 -0.084149
v -0.369863 0.084149 -0.099804
v -0.401174 0.111546 -0.131115
v -0.412916 0.088063 -0.115460
v -0.377691 0.158513 -0.287671
v -0.428571 0.228963 -0.197652
v -0.428571 0.287671 -0.205479
v -0.373777 0.228963 -0.299413
v -0.193738 0.174168 0.487280
v -0.189824 0.178082 0.487280
v -0.228963 0.170254 0.440313
v -0.275930 0.158513 0.381605
v -0.448141 0.138943 -0.193738
v 0.358121 0.146771 -0.596869
v 0.052838 0.170254 -0.557730
v 0.056752 0.201566 -0.557730
v 0.365949 0.181996 -0.596869
v 0.373777 0.181996 -0.596869
v 0.365949 0.142857 -0.596869
v 0.381605 0.181996 -0.592955
v 0.471624 0.197652 -0.506849
v -0.448141 0.111546 -0.138943
v -0.432485 0.142857 -0.162427
v -0.440313 0.146771 -0.170254
v -0.459883 0.111546 -0.142857
v -0.181996 0.178082 0.502935
v -0.170254 0.181996 0.506849
v -0.170254 0.185910 0.502935
v -0.178082 0.181996 0.499022
v -0.463796 0.107632 -0.142857
v -0.444227 0.146771 -0.174168
v 0.013699 0.197652 0.510763
v 0.013699 0.201566 0.506849
v -0.088063 0.193738 0.506849
v 0.628180 0.166340 -0.377691
v 0.643836 0.240705 -0.373777
v 0.694716 0.154599 -0.322896
v 0.706458 0.228963 -0.315068
v 0.686888 0.232877 -0.248532
v 0.671233 0.158513 -0.252446
v 0.659491 0.158513 -0.170254
v 0.667319 0.232877 -0.170254
v 0.667319 0.232877 -0.135029
v 0.659491 0.221135 -0.119374
v 0.636008 0.158513 -0.084149
v 0.604697 0.158513 -0.009785
v 0.604697 0.228963 -0.009785
v 0.581213 0.232877 0.021527
v 0.585127 0.158513 0.021527
v 0.565558 0.158513 0.056752
v 0.561644 0.236791 0.056752
v 0.518591 0.248532 0.127202
v 0.518591 0.162427 0.127202
v 0.455969 0.197652 0.232877
v 0.467710 0.268102 0.201566
v 0.448141 0.205480 0.236791
v -0.240704 0.201566 -0.549902
v -0.311155 0.272016 -0.424658
v -0.299413 0.365949 -0.444227
v -0.236791 0.287671 -0.557730
v -0.225049 0.115460 0.131115
v -0.225049 0.158513 0.076321
v -0.232877 0.150685 0.072407
v -0.236791 0.209393 -0.005871
v -0.232877 0.217221 -0.001957
v -0.232877 0.240705 -0.033268
v -0.240704 0.232877 -0.037182
v -0.373777 0.095890 -0.103718
v -0.358121 0.099804 -0.095890
v -0.389432 0.131115 -0.131115
v -0.397260 0.119374 -0.135029
v -0.334638 0.127202 -0.088063
v -0.303327 0.166340 -0.076321
v -0.342466 0.201566 -0.119374
v -0.369863 0.162427 -0.127202
v -0.244618 0.115460 0.162427
v -0.291585 0.127202 0.232877
v -0.236791 0.123288 0.170254
v -0.334638 0.138943 0.303327
v -0.318982 0.146771 0.326810
v -0.275930 0.135029 0.248532
v -0.428571 0.150685 -0.170254
v -0.420744 0.166340 -0.170254
v -0.432485 0.178082 -0.181996
v -0.436399 0.158513 -0.178082
v -0.217221 0.123288 0.138943
v -0.174168 0.162427 0.185910
v -0.162427 0.217221 0.127202
v -0.213307 0.170254 0.084149
v -0.225049 0.154599 0.303327
v -0.268102 0.162427 0.381605
v -0.221135 0.174168 0.436399
v -0.170254 0.170254 0.358121
v -0.119374 0.178082 0.275930
v -0.185910 0.158513 0.221135
v -0.127202 0.197652 0.228963
v -0.111546 0.264188 0.174168
v -0.436399 0.158513 -0.181996
v -0.432485 0.178082 -0.185910
v -0.405088 0.201566 -0.170254
v -0.389432 0.244618 -0.170254
v -0.424658 0.287671 -0.193738
v -0.428571 0.228963 -0.185910
v -0.338552 0.138943 0.311155
v -0.322896 0.146771 0.330724
v -0.244618 0.248532 -0.052838
v -0.236791 0.256360 -0.048924
v -0.256360 0.342466 -0.095890
v -0.307241 0.256360 -0.107632
v -0.217221 0.228963 0.005871
v -0.154599 0.283757 0.056752
v -0.154599 0.307241 0.029354
v -0.221135 0.252446 -0.025440
v -0.365949 0.334638 -0.322896
v -0.416830 0.389432 -0.228963
v -0.397260 0.491194 -0.256360
v -0.350294 0.436399 -0.346380
v -0.107632 0.185910 0.412916
v -0.174168 0.181996 0.487280
v -0.009785 0.197652 0.416830
v -0.029354 0.201566 0.318982
v -0.428571 0.232877 -0.189824
v -0.428571 0.291585 -0.197652
v -0.115460 0.201566 0.236791
v -0.107632 0.193738 0.244618
v -0.103718 0.205480 0.240705
v -0.072407 0.275930 0.228963
v -0.080235 0.275930 0.225049
v -0.033268 0.201566 0.260274
v 0.060665 0.217221 0.330724
v 0.048924 0.217221 0.272016
v 0.048924 0.221135 0.260274
v -0.033268 0.209393 0.252446
v 0.373777 0.272016 -0.577299
v 0.072407 0.275930 -0.549902
v 0.377691 0.346380 -0.557730
v 0.385519 0.346380 -0.557730
v 0.381605 0.272016 -0.577299
v 0.389432 0.272016 -0.573385
v 0.393346 0.346380 -0.549902
v 0.487280 0.342466 -0.475538
v 0.479452 0.272016 -0.491194
v 0.365949 0.193738 0.452055
v 0.401174 0.197652 0.381605
v 0.354207 0.205480 0.373777
v 0.326810 0.197652 0.448141
v 0.299413 0.193738 0.499022
v 0.342466 0.189824 0.499022
v 0.256360 0.205480 0.444227
v 0.240705 0.201566 0.502935
v 0.436399 0.209393 0.307241
v 0.385519 0.213307 0.299413
v 0.170254 0.209393 0.506849
v 0.178082 0.217221 0.440313
v 0.111546 0.217221 0.440313
v 0.103718 0.209393 0.506849
v 0.647750 0.307241 -0.369863
v 0.718200 0.299413 -0.311155
v 0.080235 0.209393 0.416830
v 0.119374 0.228963 0.354207
v 0.295499 0.221135 0.295499
v 0.275930 0.213307 0.365949
v -0.228963 0.303327 -0.561644
v -0.291585 0.389432 -0.452055
v -0.272016 0.424658 -0.448141
v -0.201566 0.350294 -0.549902
v -0.342466 0.279843 -0.146771
v -0.311155 0.365949 -0.158513
v -0.365949 0.393346 -0.189824
v -0.381605 0.307241 -0.174168
v 0.459883 0.272016 0.205480
v 0.409002 0.279843 0.209393
v 0.401174 0.213307 0.240705
v -0.025440 0.272016 0.236791
v -0.037182 0.350294 0.213307
v -0.045010 0.350294 0.209393
v 0.189824 0.225049 0.362035
v 0.201566 0.228963 0.295499
v 0.127202 0.236791 0.295499
v 0.045010 0.275930 0.244618
v 0.127202 0.236791 0.268102
v 0.123288 0.279843 0.252446
v 0.115460 0.358121 0.221135
v 0.041096 0.354207 0.217221
v 0.307241 0.221135 0.244618
v 0.311155 0.291585 0.221135
v 0.205480 0.303327 0.236791
v 0.209393 0.236791 0.260274
v -0.088063 0.342466 0.115460
v -0.033268 0.393346 0.162427
v -0.025440 0.416830 0.146771
v -0.084149 0.369863 0.091977
v 0.671233 0.291585 -0.138943
v 0.675147 0.291585 -0.170254
v 0.682975 0.326810 -0.170254
v 0.675147 0.326810 -0.138943
v 0.655577 0.330724 -0.103718
v 0.655577 0.295499 -0.103718
v 0.604697 0.307241 -0.009785
v 0.604697 0.346380 -0.009785
v 0.581213 0.358121 0.025440
v 0.581213 0.315068 0.025440
v 0.643836 0.326810 -0.369863
v 0.718200 0.315068 -0.315068
v 0.698630 0.311155 -0.244618
v 0.694716 0.295499 -0.244618
v 0.561644 0.322896 0.056752
v 0.557730 0.373777 0.056752
v 0.522505 0.405088 0.103718
v 0.518591 0.342466 0.111546
v 0.311155 0.377691 0.189824
v 0.201566 0.385519 0.209393
v -0.221135 0.264188 -0.041096
v -0.146771 0.315068 0.017613
v -0.111546 0.326810 0.013699
v -0.142857 0.307241 -0.013699
v -0.146771 0.338552 -0.029354
v -0.217221 0.346380 -0.072407
v -0.412916 0.393346 -0.213307
v -0.416830 0.393346 -0.221135
v 0.483366 0.365949 0.166340
v 0.491194 0.428571 0.138943
v 0.475538 0.365949 0.170254
v 0.483366 0.432485 0.142857
v 0.420744 0.440313 0.150685
v 0.412916 0.373777 0.174168
v 0.088063 0.342466 -0.545988
v 0.095890 0.381605 -0.542074
v 0.311155 0.452055 0.166340
v 0.197652 0.463796 0.185910
v -0.393346 0.495108 -0.240704
v -0.397260 0.495108 -0.248532
v 0.487280 0.362035 -0.471624
v 0.479452 0.385519 -0.467710
v 0.632094 0.350294 -0.369863
v 0.706458 0.338552 -0.315068
v -0.287671 0.471624 -0.178082
v -0.350294 0.491194 -0.213307
v -0.072407 0.346380 0.009785
v -0.060665 0.350294 0.021527
v -0.005871 0.381605 0.037182
v -0.005871 0.385519 0.033268
v -0.009785 0.393346 0.029354
v -0.072407 0.358121 0.005871
v -0.076321 0.373777 0.084149
v -0.017613 0.420744 0.135029
v 0.001957 0.409002 0.107632
v -0.052838 0.373777 0.064579
v 0.600783 0.412916 -0.373777
v 0.667319 0.405088 -0.318982
v 0.628180 0.412916 -0.252446
v 0.663405 0.346380 -0.244618
v 0.698630 0.318982 -0.244618
v 0.679061 0.334638 -0.170254
v 0.628180 0.362035 -0.181996
v 0.604697 0.365949 -0.150685
v 0.671233 0.338552 -0.138943
v 0.651663 0.342466 -0.103718
v 0.577299 0.365949 -0.115460
v 0.545988 0.369863 -0.029354
v 0.600783 0.358121 -0.009785
v -0.021526 0.373777 0.048924
v 0.025440 0.405088 0.080235
v 0.041096 0.412916 0.060665
v 0.001957 0.389432 0.045010
v -0.072407 0.393346 -0.005871
v -0.017613 0.420744 0.021527
v -0.029354 0.475538 -0.013699
v -0.080235 0.455969 -0.037182
v -0.138943 0.459883 -0.068493
v -0.138943 0.397260 -0.045010
v -0.205479 0.416830 -0.091976
v -0.197652 0.475538 -0.107632
v -0.228963 0.491194 -0.135029
v -0.240704 0.436399 -0.123288
v 0.393346 0.373777 -0.545988
v 0.385519 0.373777 -0.549902
v 0.377691 0.401174 -0.545988
v 0.385519 0.401174 -0.542074
v -0.279843 0.518591 -0.189824
v -0.342466 0.538160 -0.225049
v 0.377691 0.377691 -0.553816
v 0.369863 0.401174 -0.549902
v 0.620352 0.495108 -0.326810
v 0.581213 0.499022 -0.264188
v 0.534247 0.502935 -0.201566
v 0.577299 0.420744 -0.185910
v 0.577299 0.369863 0.025440
v 0.530333 0.381605 0.005871
v 0.514677 0.397260 0.037182
v 0.557730 0.385519 0.052838
v -0.178082 0.397260 -0.542074
v -0.248532 0.459883 -0.440313
v -0.228963 0.499022 -0.432485
v -0.162427 0.444227 -0.530333
v 0.455969 0.440313 -0.467710
v 0.424658 0.510763 -0.463796
v 0.557730 0.495108 -0.377691
v 0.001957 0.424658 0.189824
v 0.041096 0.428571 0.189824
v 0.013699 0.444227 0.181996
v -0.001957 0.420744 0.185910
v 0.009785 0.444227 0.178082
v 0.107632 0.436399 0.189824
v 0.103718 0.459883 0.181996
v 0.041096 0.448141 0.181996
v 0.311155 0.459883 0.162427
v 0.197652 0.471624 0.178082
v 0.549902 0.424658 -0.154599
v 0.506849 0.506849 -0.170254
v 0.483366 0.506849 -0.142857
v 0.522505 0.424658 -0.123288
v -0.346380 0.467710 -0.354207
v -0.393346 0.530333 -0.264188
v -0.381605 0.553816 -0.268102
v -0.330724 0.499022 -0.354207
v 0.502935 0.385519 -0.052838
v 0.467710 0.440313 -0.064579
v 0.444227 0.401174 -0.013699
v 0.506849 0.377691 -0.033268
v 0.487280 0.389432 -0.001957
v 0.444227 0.397260 -0.005871
v 0.436399 0.405088 0.013699
v 0.432485 0.412916 0.041096
v 0.475538 0.405088 0.029354
v 0.522505 0.416830 0.099804
v 0.495108 0.420744 0.084149
v 0.491194 0.440313 0.135029
v 0.424658 0.455969 -0.025440
v 0.350294 0.471624 0.001957
v 0.362035 0.424658 0.017613
v 0.362035 0.420744 0.025440
v 0.095890 0.420744 -0.534247
v 0.091977 0.471624 -0.526419
v 0.072407 0.432485 0.107632
v 0.088063 0.440313 0.080235
v 0.091977 0.444227 0.072407
v 0.045010 0.416830 0.052838
v 0.045010 0.420744 0.052838
v 0.091977 0.448141 0.068493
v 0.091977 0.455969 0.068493
v 0.041096 0.428571 0.048924
v 0.365949 0.455969 -0.538160
v 0.358121 0.455969 -0.542074
v 0.334638 0.522505 -0.534247
v 0.342466 0.522505 -0.530333
v -0.389432 0.538160 -0.252446
v -0.393346 0.534247 -0.256360
v 0.033268 0.452055 0.041096
v 0.088063 0.475538 0.060665
v 0.084149 0.514677 0.037182
v 0.025440 0.499022 0.009785
v 0.362035 0.420744 0.041096
v 0.275930 0.448141 0.056752
v 0.275930 0.444227 0.072407
v 0.279843 0.444227 0.095890
v 0.362035 0.424658 0.064579
v 0.463796 0.424658 0.080235
v 0.428571 0.428571 0.088063
v 0.420744 0.448141 0.142857
v 0.350294 0.455969 -0.542074
v 0.326810 0.522505 -0.534247
v 0.048924 0.436399 0.142857
v 0.111546 0.455969 0.158513
v 0.131115 0.463796 0.123288
v 0.142857 0.471624 0.095890
v 0.021527 0.448141 0.178082
v 0.358121 0.436399 0.107632
v 0.279843 0.448141 0.127202
v 0.272016 0.452055 0.048924
v 0.268102 0.491194 0.033268
v 0.166340 0.510763 0.072407
v 0.166340 0.487280 0.080235
v 0.166340 0.483366 0.088063
v -0.311155 0.526419 -0.350294
v -0.358121 0.577299 -0.264188
v -0.326810 0.604697 -0.256360
v -0.287671 0.557730 -0.342466
v 0.467710 0.592955 -0.189824
v 0.444227 0.592955 -0.162427
v 0.401174 0.596869 -0.115460
v 0.436399 0.514677 -0.088063
v 0.181996 0.471624 0.154599
v 0.397260 0.526419 -0.045010
v 0.362035 0.600783 -0.060665
v 0.322896 0.608611 -0.037182
v 0.338552 0.538160 -0.017612
v 0.178082 0.475538 0.127202
v 0.166340 0.479452 0.103718
v 0.162427 0.483366 0.091977
v 0.142857 0.475538 0.088063
v -0.142857 0.491194 -0.522505
v -0.209393 0.542074 -0.428571
v -0.181996 0.596869 -0.420744
v -0.119374 0.549902 -0.510763
v 0.142857 0.479452 0.084149
v 0.158513 0.487280 0.084149
v 0.158513 0.495108 0.084149
v 0.142857 0.491194 0.080235
v 0.174168 0.479452 0.099804
v 0.185910 0.471624 0.123288
v 0.197652 0.467710 0.150685
v -0.091977 0.530333 -0.064579
v -0.045010 0.542074 -0.041096
v -0.056752 0.604697 -0.068493
v -0.103718 0.596869 -0.091976
v -0.146771 0.589041 -0.115460
v -0.142857 0.526419 -0.091976
v -0.189824 0.530333 -0.123288
v -0.185910 0.589041 -0.138943
v -0.209393 0.592955 -0.158513
v -0.221135 0.538160 -0.146771
v 0.091977 0.534247 -0.518591
v 0.091977 0.596869 -0.506849
v 0.264188 0.545988 0.013699
v 0.260274 0.612525 -0.009785
v 0.170254 0.616438 0.037182
v 0.170254 0.557730 0.060665
v 0.013699 0.557730 -0.017612
v 0.080235 0.565558 0.013699
v 0.076321 0.616438 -0.005871
v 0.005871 0.612525 -0.041096
v 0.150685 0.514677 0.072407
v 0.158513 0.514677 0.076321
v 0.162427 0.557730 0.060665
v 0.154599 0.557730 0.056752
v -0.377691 0.557730 -0.256360
v -0.381605 0.557730 -0.260274
v -0.272016 0.557730 -0.197652
v -0.256360 0.600783 -0.201566
v -0.315068 0.600783 -0.236791
v -0.334638 0.561644 -0.232877
v 0.510763 0.581213 -0.377691
v 0.389432 0.589041 -0.459883
v 0.354207 0.671233 -0.452055
v 0.455969 0.667319 -0.377691
v 0.510763 0.671233 -0.334638
v 0.569472 0.581213 -0.334638
v 0.534247 0.585127 -0.275930
v 0.483366 0.675147 -0.283757
v 0.448141 0.679061 -0.228963
v 0.491194 0.589041 -0.217221
v -0.256360 0.596869 -0.334638
v -0.283757 0.639922 -0.248532
v -0.244618 0.686888 -0.240704
v -0.217221 0.639922 -0.322896
v 0.424658 0.679061 -0.201566
v 0.405088 0.679061 -0.178082
v 0.311155 0.592955 -0.522505
v 0.303327 0.592955 -0.526419
v 0.279843 0.671233 -0.510763
v 0.287671 0.671233 -0.506849
v 0.299413 0.592955 -0.526419
v 0.272016 0.671233 -0.510763
v -0.354207 0.581213 -0.252446
v -0.358121 0.581213 -0.256360
v -0.091977 0.608611 -0.499022
v -0.150685 0.651663 -0.409002
v -0.123288 0.710372 -0.393346
v -0.076321 0.679061 -0.483366
v -0.326810 0.608611 -0.248532
v -0.326810 0.608611 -0.252446
v 0.154599 0.616438 0.037182
v 0.162427 0.616438 0.037182
v 0.166340 0.679061 0.013699
v 0.158513 0.679061 0.009785
v 0.076321 0.675147 -0.033268
v 0.252446 0.682975 -0.029354
v 0.174168 0.679061 0.013699
v -0.236791 0.651663 -0.205479
v -0.283757 0.639922 -0.236791
v -0.178082 0.651663 -0.158513
v -0.146771 0.651663 -0.138943
v -0.146771 0.710372 -0.158513
v -0.174168 0.710372 -0.174168
v -0.189824 0.706458 -0.185910
v -0.197652 0.651663 -0.174168
v -0.107632 0.655577 -0.115460
v -0.060665 0.659491 -0.095890
v -0.064579 0.722113 -0.119374
v -0.111546 0.714286 -0.138943
v 0.381605 0.769080 -0.213307
v 0.362035 0.769080 -0.189824
v 0.326810 0.765166 -0.146771
v 0.362035 0.679061 -0.131115
v -0.217221 0.702544 -0.205479
v -0.240704 0.690802 -0.225049
v 0.088063 0.671233 -0.491194
v 0.088063 0.737769 -0.475538
v -0.193738 0.698630 -0.318982
v -0.201566 0.737769 -0.232877
v -0.174168 0.776908 -0.225049
v -0.166341 0.749511 -0.311155
v 0.318982 0.682975 -0.060665
v 0.283757 0.761252 -0.088063
v 0.240705 0.757339 -0.052838
v -0.283757 0.643836 -0.240704
v -0.244618 0.690802 -0.232877
v 0.001957 0.667319 -0.068493
v 0.076321 0.737769 -0.056751
v -0.001957 0.729941 -0.095890
v -0.213307 0.745597 -0.221135
v 0.409002 0.757339 -0.377691
v 0.326810 0.749511 -0.444227
v 0.295499 0.804305 -0.432485
v 0.358121 0.827789 -0.369863
v 0.397260 0.843444 -0.330724
v 0.455969 0.761252 -0.338552
v 0.256360 0.737769 -0.495108
v 0.244618 0.784736 -0.483366
v 0.248532 0.784736 -0.483366
v 0.264188 0.737769 -0.495108
v 0.268102 0.737769 -0.491194
v 0.256360 0.784736 -0.479452
v 0.432485 0.765166 -0.287671
v 0.377691 0.847358 -0.287671
v 0.354207 0.851272 -0.244618
v 0.401174 0.769080 -0.236791
v 0.162427 0.745597 -0.013699
v 0.170254 0.745597 -0.009785
v 0.170254 0.819961 -0.037182
v 0.162427 0.819961 -0.041096
v 0.072407 0.808219 -0.080235
v -0.060665 0.737769 -0.467710
v -0.103718 0.761252 -0.385519
v -0.091977 0.796477 -0.377691
v -0.048924 0.780822 -0.459883
v 0.338552 0.851272 -0.225049
v 0.322896 0.847358 -0.201566
v 0.178082 0.745597 -0.013699
v 0.178082 0.819961 -0.041096
v -0.209393 0.745597 -0.217221
v -0.185910 0.788650 -0.209393
v -0.185910 0.788650 -0.213307
v -0.197652 0.749511 -0.205479
v -0.181996 0.753425 -0.193738
v -0.174168 0.792564 -0.201566
v -0.181996 0.788650 -0.205479
v -0.170254 0.757339 -0.185910
v -0.146771 0.761252 -0.174168
v -0.150685 0.800391 -0.189824
v -0.166341 0.796477 -0.197652
v -0.142857 0.788650 -0.303327
v -0.162427 0.804305 -0.225049
v -0.154599 0.816047 -0.221135
v -0.127202 0.808219 -0.299413
v -0.115460 0.769080 -0.162427
v -0.068493 0.776908 -0.142857
v -0.076321 0.823875 -0.162427
v -0.123288 0.808219 -0.178082
v -0.005871 0.792564 -0.115460
v 0.072407 0.870842 -0.103718
v -0.009785 0.847358 -0.135029
v 0.088063 0.780822 -0.463796
v 0.088063 0.804305 -0.459883
v 0.252446 0.835616 -0.111546
v 0.291585 0.843444 -0.158513
v 0.264188 0.902153 -0.166341
v 0.232877 0.898239 -0.127202
v 0.209393 0.894325 -0.095890
v 0.225049 0.827789 -0.076321
v 0.178082 0.894325 -0.068493
v 0.307241 0.902153 -0.228963
v 0.291585 0.902153 -0.205479
v -0.170254 0.812133 -0.209393
v -0.170254 0.812133 -0.205479
v -0.166341 0.816047 -0.205479
v -0.162427 0.816047 -0.209393
v -0.045010 0.796477 -0.455969
v -0.088063 0.808219 -0.377691
v -0.084149 0.812133 -0.373777
v -0.045010 0.800391 -0.452055
v 0.236791 0.804305 -0.475538
v 0.236791 0.808219 -0.475538
v 0.240705 0.808219 -0.475538
v 0.244618 0.804305 -0.475538
v 0.248532 0.808219 -0.471624
v 0.244618 0.812133 -0.471624
v 0.275930 0.839530 -0.424658
v 0.279843 0.835616 -0.424658
v -0.162427 0.816047 -0.201566
v -0.150685 0.819961 -0.197652
v -0.150685 0.823875 -0.201566
v -0.162427 0.819961 -0.205479
v -0.123288 0.816047 -0.295499
v -0.150685 0.816047 -0.221135
v -0.146771 0.819961 -0.217221
v -0.119374 0.819961 -0.295499
v -0.021526 0.819961 -0.401174
v 0.107632 0.827789 -0.416830
v 0.088063 0.808219 -0.455969
v -0.127202 0.827789 -0.189824
v -0.080235 0.847358 -0.174168
v -0.080235 0.851272 -0.178082
v -0.127202 0.831703 -0.193738
v 0.240705 0.812133 -0.471624
v 0.326810 0.870842 -0.362035
v 0.322896 0.874755 -0.362035
v 0.354207 0.898239 -0.318982
v 0.362035 0.894325 -0.318982
v 0.189824 0.839530 -0.412916
v 0.272016 0.839530 -0.420744
v 0.162427 0.890411 -0.068493
v 0.170254 0.890411 -0.064579
v 0.174168 0.945205 -0.088062
v 0.166340 0.945205 -0.088062
v 0.072407 0.909980 -0.123288
v -0.084149 0.827789 -0.279843
v -0.119374 0.827789 -0.209393
v -0.072407 0.847358 -0.193738
v -0.033268 0.843444 -0.256360
v 0.001957 0.843444 -0.318982
v -0.052838 0.827789 -0.346380
v 0.033268 0.839530 -0.369863
v -0.158513 0.819961 -0.205479
v -0.150685 0.823875 -0.205479
v -0.127202 0.831703 -0.197652
v -0.080235 0.851272 -0.181996
v 0.181996 0.945205 -0.088062
v -0.013699 0.874755 -0.150685
v 0.072407 0.913894 -0.127202
v -0.013699 0.878669 -0.154599
v 0.091977 0.859100 -0.338552
v 0.064579 0.863014 -0.291585
v 0.131115 0.882583 -0.264188
v 0.154599 0.874755 -0.311155
v 0.178082 0.866928 -0.350294
v 0.131115 0.851272 -0.377691
v 0.221135 0.855186 -0.385519
v 0.318982 0.874755 -0.358121
v 0.275930 0.882583 -0.342466
v 0.350294 0.902153 -0.315068
v 0.248532 0.890411 -0.311155
v 0.322896 0.913894 -0.272016
v 0.346380 0.898239 -0.287671
v 0.342466 0.906067 -0.287671
v 0.318982 0.909980 -0.248532
v 0.322896 0.902153 -0.248532
v 0.029354 0.866928 -0.232877
v -0.005871 0.874755 -0.170254
v 0.076321 0.906067 -0.142857
v 0.103718 0.894325 -0.205479
v -0.013699 0.878669 -0.158513
v 0.072407 0.913894 -0.131115
v 0.299413 0.913894 -0.228963
v 0.283757 0.917808 -0.205479
v 0.225049 0.894325 -0.272016
v 0.205480 0.902153 -0.232877
v 0.272016 0.925636 -0.209393
v 0.295499 0.917808 -0.240704
v 0.178082 0.917808 -0.178082
v 0.178082 0.949119 -0.103718
v 0.232877 0.937378 -0.162427
v 0.217221 0.937378 -0.135029
v 0.248532 0.929550 -0.166341
v 0.244618 0.933464 -0.166341
v 0.213307 0.941292 -0.135029
v 0.193738 0.945205 -0.111546
v 0.197652 0.941292 -0.111546
v 0.178082 0.949119 -0.091976
v 0.334638 0.909980 -0.287671
v 0.311155 0.917808 -0.248532
v 0.295499 0.921722 -0.228963
v 0.275930 0.925636 -0.205479
v 0.170254 0.949119 -0.095890
v 0.166340 0.949119 -0.091976
v -0.316047 -0.864971 0.503914
v 0.559687 -0.141879 -0.400196
v 0.074084 -0.854254 0.297549
vn -0.0704 -0.9351 -0.3474
vn -0.2836 -0.6398 -0.7143
vn 0.0725 -0.5822 -0.8098
vn 0.1524 -0.8390 -0.5224
vn 0.0941 -0.9955 0.0127
vn 0.0477 -0.9921 0.1161
vn -0.0239 -0.9932 0.1141
vn -0.4590 -0.8402 -0.2888
vn -0.5290 -0.7260 -0.4394
vn -0.5987 -0.3589 -0.7161
vn -0.7332 -0.2992 -0.6107
vn -0.7503 -0.2094 -0.6271
vn -0.6013 -0.1996 -0.7737
vn -0.5654 -0.1990 -0.8005
vn -0.2036 -0.2771 -0.9390
vn 0.0744 -0.2734 -0.9590
vn -0.2926 -0.1754 -0.9400
vn 0.1702 -0.0722 -0.9828
vn 0.1590 -0.2569 -0.9533
vn 0.1775 -0.2423 -0.9538
vn 0.1658 -0.0495 -0.9849
vn 0.1726 -0.0575 -0.9833
vn 0.1637 -0.0390 -0.9857
vn 0.1720 -0.7027 -0.6904
vn 0.1595 -0.8417 -0.5159
vn 0.0936 -0.9953 0.0232
vn 0.0768 -0.9965 0.0328
vn 0.0776 -0.9914 0.1053
vn 0.0892 -0.9907 0.1029
vn 0.0022 -0.9886 0.1508
vn 0.0197 -0.9760 0.2170
vn 0.0285 -0.9514 0.3065
vn 0.0236 -0.9764 0.2146
vn -0.2121 -0.9764 -0.0395
vn -0.2348 -0.9687 -0.0809
vn -0.6368 -0.5881 -0.4986
vn -0.6049 -0.5789 -0.5467
vn -0.6963 -0.1790 -0.6951
vn -0.7468 -0.1699 -0.6430
vn 0.0409 -0.9796 0.1969
vn 0.0661 -0.9900 0.1246
vn 0.0079 -0.9901 0.1400
vn -0.0165 -0.9520 0.3057
vn 0.1309 -0.9377 0.3217
vn 0.1043 -0.9684 0.2264
vn -0.1255 -0.9840 -0.1266
vn -0.0399 -0.9949 -0.0927
vn -0.0313 -0.9984 -0.0464
vn 0.3070 -0.9024 0.3023
vn 0.4239 -0.6382 0.6427
vn 0.3336 -0.3630 0.8700
vn 0.5561 -0.6032 0.5718
vn -0.0665 -0.9948 -0.0771
vn 0.2438 -0.9691 -0.0377
vn 0.5071 -0.8090 -0.2971
vn 0.0008 -0.9999 -0.0109
vn -0.1047 -0.8794 0.4644
vn -0.0821 -0.9929 -0.0857
vn -0.1236 -0.9781 -0.1674
vn -0.1429 -0.9773 -0.1562
vn -0.1684 -0.9725 -0.1609
vn -0.2865 -0.9564 -0.0560
vn -0.1960 -0.9576 -0.2111
vn -0.2454 -0.9571 -0.1541
vn -0.2279 -0.9635 -0.1408
vn 0.6920 -0.7110 -0.1251
vn 0.5984 -0.5860 -0.5463
vn 0.9278 -0.2450 -0.2812
vn 0.9187 -0.3951 -0.0000
vn 0.4719 -0.8315 0.2929
vn 0.2628 -0.7507 0.6061
vn 0.5904 -0.4039 0.6988
vn 0.5708 -0.1476 0.8077
vn 0.4021 -0.1414 0.9046
vn 0.3945 -0.2265 0.8906
vn 0.3046 -0.4856 0.8194
vn 0.0973 -0.9364 0.3371
vn -0.0339 -0.9719 0.2329
vn 0.9258 -0.1937 0.3247
vn 0.9954 -0.0549 -0.0780
vn 0.9942 -0.0505 -0.0947
vn 0.9343 -0.1252 0.3339
vn 0.2742 -0.5648 0.7784
vn 0.4342 -0.2909 0.8525
vn 0.0889 -0.5418 0.8358
vn 0.0087 -0.8289 0.5593
vn -0.0153 -0.9161 0.4006
vn 0.0832 -0.9074 0.4120
vn 0.8050 -0.5558 0.2074
vn 0.7105 -0.7004 0.0677
vn 0.9942 -0.0034 0.1074
vn 0.9978 -0.0020 0.0659
vn 0.8738 -0.2370 0.4247
vn 0.5773 -0.5773 0.5774
vn 0.3472 -0.0101 0.9377
vn 0.4914 -0.3441 0.8001
vn 0.3789 -0.0579 0.9236
vn 0.3394 -0.0000 0.9406
vn 0.8039 -0.1327 0.5798
vn 0.5732 -0.2769 0.7712
vn 0.8387 -0.4688 -0.2772
vn -0.0483 -0.9950 -0.0869
vn -0.0456 -0.9983 -0.0375
vn -0.0648 -0.9979 0.0002
vn -0.1076 -0.9049 0.4119
vn -0.0562 -0.9976 -0.0411
vn -0.0603 -0.9920 -0.1113
vn -0.0597 -0.9906 -0.1230
vn -0.0694 -0.9898 -0.1243
vn -0.0483 -0.9934 -0.1045
vn -0.0745 -0.9909 -0.1119
vn -0.0499 -0.9784 -0.2008
vn -0.1725 -0.7940 0.5829
vn -0.1655 -0.8842 0.4368
vn 0.6660 -0.3149 0.6762
vn 0.9270 -0.0149 0.3748
vn 0.5864 -0.0618 0.8077
vn 0.9940 -0.0491 -0.0977
vn 0.7123 -0.6928 -0.1129
vn 0.2493 -0.8922 -0.3766
vn 0.5306 -0.3549 -0.7697
vn 0.8727 -0.2257 -0.4330
vn 0.9239 -0.0000 -0.3827
vn 0.9991 -0.0013 0.0425
vn 0.0362 -0.9692 -0.2434
vn -0.0572 -0.9973 -0.0460
vn -0.0842 -0.9929 -0.0845
vn 0.0679 -0.9407 -0.3324
vn 0.2783 -0.7358 -0.6174
vn 0.2951 -0.6912 -0.6597
vn 0.9978 0.0100 0.0659
vn 0.9940 0.0149 0.1087
vn 0.9941 0.0087 0.1086
vn 0.9635 -0.0077 0.2676
vn 0.8146 -0.0481 0.5780
vn 0.4430 -0.2179 0.8697
vn 0.1628 -0.1224 0.9790
vn -0.1077 -0.0801 0.9910
vn -0.1622 -0.2404 0.9570
vn 0.6092 -0.0000 -0.7930
vn 0.6132 0.0002 -0.7899
vn 0.9988 0.0032 0.0488
vn 0.4732 -0.2242 -0.8520
vn 0.4483 -0.3864 -0.8061
vn 0.5450 -0.0150 -0.8383
vn 0.5236 -0.0035 -0.8520
vn -0.1778 -0.9800 -0.0890
vn -0.2457 -0.9655 -0.0864
vn -0.1940 -0.9735 -0.1208
vn -0.0458 -0.9682 -0.2461
vn -0.1670 -0.9420 0.2911
vn -0.2196 -0.8692 0.4429
vn -0.1514 -0.2892 0.9452
vn -0.2007 -0.7927 0.5756
vn -0.1829 -0.9782 0.0978
vn -0.1063 -0.9932 -0.0475
vn -0.2455 -0.8464 0.4725
vn -0.2595 -0.6121 0.7470
vn -0.2763 -0.4490 0.8497
vn -0.2226 -0.3576 0.9070
vn 0.9981 -0.0000 0.0621
vn -0.2426 -0.2896 0.9259
vn -0.1779 -0.1100 0.9779
vn -0.1943 -0.1361 0.9715
vn -0.2748 -0.1309 0.9526
vn 0.2099 -0.2276 -0.9509
vn 0.2207 -0.0205 -0.9751
vn 0.5113 -0.0212 -0.8591
vn 0.5086 -0.0187 -0.8608
vn 0.4791 -0.4565 -0.7497
vn 0.1960 -0.5753 -0.7941
vn 0.1653 -0.9336 -0.3179
vn 0.3689 -0.9163 -0.1561
vn 0.4630 -0.8742 -0.1459
vn 0.1662 -0.9833 0.0736
vn 0.0614 -0.9650 0.2550
vn 0.0530 -0.9420 0.3314
vn 0.0781 -0.9854 0.1511
vn 0.0834 -0.9787 0.1877
vn -0.1078 -0.9941 -0.0122
vn -0.1763 -0.9839 0.0301
vn -0.5945 -0.6393 -0.4877
vn -0.6449 -0.6595 -0.3863
vn -0.6547 -0.3070 -0.6907
vn -0.6797 -0.1835 -0.7102
vn -0.0837 -0.9652 -0.2478
vn -0.4412 -0.8939 -0.0796
vn -0.0647 -0.9707 -0.2315
vn -0.0994 -0.9262 -0.3636
vn -0.1449 -0.9143 -0.3781
vn -0.1266 -0.9456 -0.2996
vn -0.0430 -0.9720 -0.2308
vn -0.0555 -0.9736 -0.2216
vn -0.0708 -0.9822 -0.1742
vn -0.0981 -0.9667 -0.2365
vn -0.0719 -0.9594 -0.2727
vn -0.1404 -0.9845 -0.1049
vn -0.2268 -0.9730 -0.0435
vn -0.3230 -0.9424 -0.0873
vn -0.1532 -0.9727 -0.1741
vn 0.1222 -0.9880 0.0947
vn 0.3370 -0.9410 -0.0297
vn 0.4425 -0.8929 0.0833
vn 0.0887 -0.9898 0.1118
vn 0.2472 -0.7015 -0.6684
vn 0.1230 -0.7919 -0.5981
vn 0.4158 -0.2138 -0.8840
vn 0.4493 -0.2595 -0.8549
vn 0.7542 -0.5745 -0.3181
vn 0.7173 -0.6303 -0.2971
vn 0.8121 -0.1124 -0.5726
vn 0.7900 -0.1742 -0.5878
vn 0.7897 -0.3449 -0.5074
vn 0.6635 -0.6635 -0.3459
vn 0.8120 -0.0092 -0.5835
vn 0.8559 -0.0053 -0.5172
vn 0.3150 -0.8906 -0.3281
vn 0.0367 -0.9982 0.0475
vn 0.0270 -0.9869 -0.1590
vn 0.2584 -0.8668 -0.4266
vn 0.3732 -0.7721 -0.5143
vn 0.5460 -0.5512 -0.6309
vn 0.6078 -0.7290 -0.3149
vn 0.4145 -0.9100 -0.0052
vn 0.2179 -0.9525 0.2126
vn 0.0130 -0.9952 0.0969
vn 0.2168 -0.9423 0.2551
vn 0.2136 -0.9375 0.2747
vn 0.0512 -0.9918 0.1167
vn -0.0886 -0.9961 0.0056
vn -0.1217 -0.9920 0.0322
vn 0.5391 -0.0724 -0.8391
vn 0.4964 -0.6408 -0.5856
vn 0.5471 -0.2367 -0.8029
vn 0.7287 -0.0259 -0.6844
vn 0.6287 0.0155 -0.7775
vn 0.5427 0.0332 -0.8393
vn -0.2103 -0.6489 0.7313
vn -0.0979 -0.1221 0.9877
vn -0.1560 -0.0918 0.9835
vn -0.4568 -0.3304 0.8260
vn -0.7461 -0.4965 0.4437
vn -0.2875 -0.9078 0.3053
vn -0.5006 -0.8653 0.0234
vn -0.8893 -0.4364 0.1368
vn -0.9155 -0.3647 0.1699
vn -0.5919 -0.8060 0.0070
vn -0.0539 -0.9651 0.2562
vn -0.0705 -0.9821 0.1746
vn -0.1155 -0.9826 0.1453
vn -0.0325 -0.9936 0.1080
vn 0.8081 0.0295 -0.5882
vn 0.8492 0.0402 -0.5265
vn 0.8084 0.0157 -0.5885
vn 0.8135 -0.0030 -0.5815
vn -0.0180 -0.9996 0.0216
vn -0.0542 -0.9985 0.0044
vn -0.0280 -0.9985 0.0465
vn -0.1645 -0.9863 0.0129
vn -0.2209 -0.9752 0.0123
vn -0.0487 -0.9987 -0.0158
vn 0.1698 -0.9526 -0.2525
vn -0.1644 -0.9849 -0.0549
vn 0.2897 -0.8990 -0.3285
vn 0.5123 -0.6137 -0.6008
vn 0.5005 -0.6317 -0.5920
vn 0.3667 -0.8851 -0.2867
vn 0.2613 -0.9389 -0.2240
vn 0.2889 -0.9406 -0.1786
vn 0.6074 -0.6751 -0.4187
vn -0.2433 -0.9257 -0.2896
vn -0.4548 -0.8602 -0.2307
vn -0.3464 -0.8731 -0.3431
vn -0.3211 -0.8395 -0.4383
vn -0.2099 -0.8443 -0.4930
vn -0.1328 -0.9439 -0.3023
vn -0.1360 -0.8739 -0.4668
vn -0.1982 -0.7335 -0.6501
vn -0.2421 -0.6928 -0.6793
vn -0.2152 -0.7649 -0.6072
vn -0.5237 -0.0322 0.8513
vn -0.1346 -0.0730 0.9882
vn -0.5693 -0.1297 0.8118
vn -0.5879 -0.1089 0.8016
vn -0.9256 -0.0080 0.3785
vn -0.8622 -0.0026 0.5066
vn -0.9741 -0.0156 0.2256
vn -0.9792 0.0756 0.1884
vn -0.9777 0.0824 0.1931
vn -0.9742 0.0467 0.2208
vn -0.1697 -0.1619 0.9721
vn -0.3200 -0.2453 0.9151
vn -0.1678 -0.1202 0.9785
vn -0.0000 -0.0000 1.0000
vn 0.0333 -0.9758 0.2159
vn 0.2372 -0.9437 0.2305
vn 0.2803 -0.9596 0.0234
vn 0.0784 -0.9774 0.1963
vn -0.0823 -0.9959 0.0370
vn -0.0555 -0.9983 -0.0165
vn -0.3704 -0.9231 0.1034
vn 0.0195 -0.9996 -0.0209
vn 0.0379 -0.9934 0.1087
vn -0.3531 -0.9137 0.2012
vn -0.6900 -0.6568 0.3041
vn -0.6905 -0.6904 0.2160
vn -0.5771 -0.7960 0.1827
vn -0.2283 -0.9719 0.0575
vn 0.0094 -0.9998 -0.0194
vn 0.1329 -0.9910 0.0164
vn 0.1368 -0.9900 -0.0335
vn 0.2889 -0.9564 -0.0430
vn 0.2698 -0.9624 0.0332
vn 0.2480 -0.9657 0.0771
vn 0.1564 -0.9801 0.1223
vn -0.2909 -0.8550 0.4294
vn 0.0090 -0.8783 0.4781
vn -0.0485 -0.5963 0.8013
vn -0.0576 -0.5872 0.8074
vn -0.6867 -0.4777 0.5479
vn -0.9184 -0.3613 0.1612
vn 0.1140 -0.9406 0.3198
vn 0.3985 -0.8870 0.2335
vn 0.0834 -0.9953 0.0494
vn 0.0545 -0.7931 0.6066
vn -0.8096 -0.5678 0.1491
vn -0.9379 -0.0000 0.3469
vn -0.9140 -0.3748 0.1551
vn -0.3934 -0.9156 -0.0832
vn 0.2637 -0.9426 -0.2046
vn -0.3796 -0.9242 -0.0421
vn -0.1882 -0.9789 0.0799
vn -0.5636 -0.7887 0.2455
vn -0.6544 -0.7339 0.1821
vn -0.6151 -0.7236 -0.3130
vn -0.5784 -0.6993 -0.4201
vn -0.4930 -0.7967 -0.3495
vn -0.1124 -0.9787 -0.1719
vn 0.0392 -0.9977 -0.0554
vn -0.0376 -0.9967 -0.0715
vn -0.0358 -0.9992 -0.0192
vn 0.0965 -0.9953 -0.0123
vn 0.0173 -0.9994 -0.0297
vn -0.2226 -0.9725 0.0688
vn 0.3053 -0.9464 -0.1057
vn -0.5715 -0.7966 0.1972
vn -0.8199 -0.4969 0.2842
vn -0.8206 -0.4360 0.3694
vn -0.9198 -0.2123 0.3299
vn -0.8927 -0.2719 0.3594
vn -0.8818 -0.3307 0.3364
vn -0.8052 -0.5285 0.2690
vn -0.2519 -0.7714 -0.5843
vn -0.2880 -0.7011 -0.6523
vn -0.3953 -0.7712 -0.4990
vn -0.3630 -0.8192 -0.4440
vn -0.9702 -0.1052 0.2183
vn -0.8692 -0.1290 0.4773
vn -0.7270 -0.1087 0.6780
vn -0.9617 -0.2347 0.1418
vn -0.2381 -0.8626 -0.4464
vn -0.1938 -0.9517 -0.2381
vn -0.2413 -0.9162 -0.3200
vn 0.0153 -0.9605 -0.2780
vn -0.1267 -0.8573 -0.4989
vn -0.2423 -0.7709 -0.5891
vn -0.1849 -0.7530 -0.6315
vn -0.0992 -0.8485 -0.5198
vn -0.1243 -0.8530 -0.5070
vn -0.1973 -0.7559 -0.6243
vn -0.1109 -0.1533 0.9819
vn -0.1138 -0.1420 0.9833
vn -0.4179 -0.1320 0.8989
vn -0.4638 -0.1698 0.8695
vn 0.7202 -0.6649 -0.1981
vn 0.9113 -0.2266 -0.3438
vn 0.9443 -0.3262 0.0436
vn 0.8117 -0.5811 0.0593
vn 0.0881 -0.9905 0.1057
vn 0.2770 -0.9503 0.1420
vn 0.2925 -0.9352 0.1996
vn 0.1202 -0.9908 0.0623
vn -0.5822 -0.8128 0.0183
vn -0.5268 -0.8471 0.0702
vn -0.9757 -0.2167 0.0318
vn -0.8506 -0.5254 0.0201
vn -0.8977 -0.4200 0.1333
vn -0.6185 -0.7791 0.1020
vn 0.5202 -0.8523 0.0552
vn 0.6047 -0.7837 -0.1418
vn 0.2223 -0.9750 -0.0022
vn 0.1849 -0.9728 0.1398
vn 0.2059 -0.9667 0.1519
vn 0.3830 -0.8922 0.2394
vn 0.3208 -0.9186 0.2310
vn 0.1814 -0.9792 0.0908
vn 0.1456 -0.9850 0.0926
vn 0.2642 -0.9343 0.2393
vn -0.0238 -0.9987 -0.0443
vn -0.5200 -0.8357 0.1766
vn -0.7208 -0.3809 -0.5790
vn -0.8056 -0.3753 -0.4584
vn -0.8827 -0.1983 -0.4260
vn -0.4413 -0.8337 -0.3319
vn -0.8210 -0.4369 -0.3675
vn -0.8980 -0.2269 -0.3770
vn -0.7502 -0.1277 -0.6487
vn -0.8290 -0.0749 -0.5542
vn -0.8327 -0.5262 0.1723
vn -0.7655 -0.5513 0.3318
vn -0.8619 -0.3579 0.3592
vn -0.9238 -0.3349 0.1854
vn -0.7928 -0.5400 0.2827
vn -0.8713 -0.3546 0.3393
vn -0.3549 -0.1611 0.9209
vn -0.1137 -0.1940 0.9744
vn -0.1199 0.1003 0.9877
vn -0.1141 0.0801 0.9902
vn -0.0659 -0.3276 0.9425
vn -0.1090 -0.6456 0.7559
vn -0.1714 0.1450 0.9745
vn -0.1234 0.1227 0.9847
vn -0.5050 -0.8451 -0.1755
vn -0.9230 -0.3733 0.0928
vn -0.8946 -0.4157 0.1640
vn -0.4643 -0.8695 -0.1683
vn -0.9367 0.0651 0.3439
vn -0.9876 0.0984 0.1225
vn -0.9754 0.0799 0.2056
vn -0.9404 0.0675 0.3332
vn -0.7367 -0.6655 -0.1198
vn -0.8662 -0.3874 -0.3157
vn -0.6562 -0.3726 -0.6562
vn -0.0229 -0.9327 -0.3599
vn -0.1693 -0.9827 -0.0754
vn 0.4151 -0.7569 -0.5047
vn -0.2103 -0.9775 -0.0145
vn -0.2056 -0.9726 -0.1085
vn -0.0782 -0.9967 -0.0200
vn -0.1050 -0.9922 0.0671
vn 0.4601 -0.8773 -0.1369
vn 0.1354 -0.9888 -0.0636
vn 0.0735 -0.9972 -0.0113
vn 0.1364 -0.9883 -0.0686
vn -0.9652 0.0703 0.2519
vn -0.9424 0.0578 0.3296
vn -0.8431 0.0613 0.5342
vn -0.9323 0.0518 0.3579
vn 0.9514 -0.1007 -0.2910
vn 0.9538 -0.0670 -0.2928
vn 0.9855 -0.1690 0.0130
vn 0.9839 -0.1743 0.0385
vn -0.9707 -0.2204 0.0959
vn -0.9993 -0.0236 0.0279
vn -0.9881 -0.1521 0.0246
vn -0.9691 -0.1846 0.1637
vn -0.9660 -0.2535 0.0513
vn 0.4164 -0.7530 -0.5095
vn -0.6443 -0.7565 -0.1123
vn -0.9225 -0.3562 -0.1488
vn -0.7238 -0.1155 -0.6803
vn -0.7730 -0.0955 -0.6271
vn -0.8108 -0.0657 -0.5817
vn -0.8366 -0.0022 -0.5479
vn 0.4332 -0.1644 0.8862
vn 0.6855 -0.1167 0.7187
vn 0.5918 -0.0684 0.8032
vn 0.5004 -0.0790 0.8622
vn 0.5014 -0.0994 0.8595
vn 0.4695 -0.2098 0.8576
vn -0.0080 -0.9994 0.0333
vn 0.0392 -0.9984 0.0398
vn -0.2558 -0.7992 -0.5439
vn -0.2094 -0.8849 -0.4162
vn -0.2524 -0.9305 -0.2655
vn -0.2977 -0.8760 -0.3795
vn -0.4083 -0.9125 0.0242
vn -0.4508 -0.1240 0.8840
vn -0.1331 -0.9586 -0.2516
vn -0.0888 -0.9074 -0.4108
vn -0.0225 -0.9464 -0.3221
vn 0.1953 -0.9780 -0.0731
vn 0.0546 -0.9545 -0.2930
vn 0.9737 -0.0570 0.2204
vn 0.9973 -0.0194 -0.0704
vn 0.9994 -0.0210 -0.0274
vn 0.9176 -0.0417 0.3953
vn 0.2789 -0.0774 0.9572
vn -0.9443 -0.0066 -0.3290
vn -0.9300 -0.0847 -0.3578
vn 0.6990 -0.0723 0.7115
vn 0.9229 -0.0443 0.3826
vn 0.5821 -0.0933 0.8077
vn 0.3143 -0.0746 0.9464
vn 0.4821 -0.0946 0.8710
vn 0.2886 -0.0451 0.9564
vn 0.2427 -0.0403 0.9693
vn 0.8271 -0.0672 0.5580
vn 0.8450 -0.0384 0.5334
vn 0.2850 -0.9585 0.0052
vn 0.3295 -0.9426 -0.0541
vn 0.1497 -0.9882 -0.0321
vn 0.1889 -0.9796 -0.0687
vn 0.0964 -0.9692 -0.2265
vn 0.2393 -0.9709 0.0090
vn -0.5885 0.1148 0.8003
vn -0.4494 0.1034 0.8873
vn 0.9374 0.3437 -0.0569
vn 0.2298 -0.9562 0.1814
vn 0.1232 -0.9916 0.0388
vn 0.1036 -0.9946 -0.0007
vn 0.2452 -0.9679 0.0557
vn 0.2797 -0.9585 -0.0556
vn 0.0903 -0.9959 -0.0106
vn 0.6043 -0.0000 -0.7968
vn 0.5810 0.0200 -0.8137
vn 0.9978 0.0048 0.0665
vn 0.6998 -0.6957 0.1619
vn 0.9278 -0.3434 0.1460
vn 0.8246 -0.5026 0.2598
vn 0.5727 -0.7665 0.2907
vn 0.5106 0.0198 -0.8596
vn 0.5204 0.2096 -0.8278
vn 0.4941 0.0937 -0.8643
vn 0.0628 -0.9974 -0.0342
vn 0.0868 -0.9777 -0.1910
vn 0.0932 -0.1188 -0.9885
vn -0.3696 -0.2064 -0.9060
vn -0.3726 -0.2424 -0.8958
vn 0.0999 -0.1576 -0.9824
vn 0.1989 -0.1275 -0.9717
vn 0.1947 -0.0859 -0.9771
vn -0.7140 -0.2270 -0.6623
vn -0.7999 -0.1989 -0.5662
vn -0.8278 -0.2161 -0.5178
vn -0.7538 -0.2610 -0.6030
vn 0.1558 -0.1400 -0.9778
vn 0.1464 -0.1385 -0.9795
vn 0.2239 -0.0568 -0.9730
vn -0.7766 -0.1746 -0.6053
vn -0.6778 -0.1801 -0.7129
vn -0.7022 -0.1867 -0.6871
vn -0.7767 -0.2085 -0.5944
vn 0.9697 -0.2100 0.1251
vn 0.9778 -0.1859 0.0962
vn 0.9677 -0.1985 0.1556
vn 0.9539 -0.2324 0.1897
vn 0.0076 -1.0000 0.0050
vn 0.0256 -0.9989 0.0399
vn -0.1543 -0.0658 0.9858
vn -0.3912 -0.0689 0.9177
vn -0.9127 0.1528 0.3791
vn -0.5783 -0.1225 0.8066
vn 0.7028 -0.6580 -0.2704
vn 0.0313 -0.9995 0.0048
vn -0.0742 -0.9956 -0.0565
vn -0.1443 -0.9833 -0.1111
vn -0.0675 -0.9807 -0.1833
vn 0.9542 -0.1844 -0.2355
vn 0.9737 -0.1448 -0.1759
vn 0.0058 -1.0000 -0.0031
vn -0.1883 -0.9776 -0.0941
vn -0.1855 -0.9773 -0.1025
vn 0.0188 -0.9998 0.0093
vn 0.0200 -0.9997 0.0115
vn -0.1342 -0.9856 -0.1031
vn -0.1268 -0.9841 -0.1244
vn 0.0351 -0.9986 -0.0391
vn 0.0356 -0.9990 -0.0274
vn -0.0927 -0.9909 -0.0974
vn 0.2654 -0.0006 -0.9641
vn 0.2741 0.0025 -0.9617
vn 0.3626 0.0397 -0.9311
vn 0.5823 0.0777 -0.8092
vn 0.5088 0.0279 -0.8604
vn -0.6324 -0.1762 -0.7543
vn -0.5664 -0.3120 -0.7628
vn -0.6482 -0.1449 -0.7476
vn -0.5959 -0.1610 -0.7868
vn -0.6476 -0.1688 -0.7431
vn -0.8937 -0.2386 -0.3801
vn -0.8990 -0.2333 -0.3706
vn -0.6971 -0.1295 -0.7052
vn -0.7221 -0.0839 -0.6867
vn -0.9196 -0.3311 0.2114
vn -0.8746 -0.3273 0.3577
vn -0.8683 -0.3124 0.3854
vn -0.9207 -0.3125 0.2339
vn -0.8849 -0.3270 0.3318
vn -0.8675 -0.3164 0.3838
vn -0.8581 -0.2644 0.4401
vn -0.8805 -0.2954 0.3707
vn -0.8685 -0.2562 0.4243
vn -0.8862 -0.2158 0.4100
vn -0.8878 -0.2447 0.3898
vn -0.8513 -0.2304 0.4715
vn -0.9471 -0.2574 0.1920
vn -0.9002 -0.2082 0.3825
vn -0.4451 -0.0063 0.8955
vn -0.8321 -0.1976 0.5182
vn -0.3837 0.0238 0.9231
vn -0.0406 0.1384 0.9896
vn -0.0246 0.1559 0.9875
vn -0.0690 0.1380 0.9880
vn -0.8488 -0.0551 0.5259
vn -0.9745 0.1996 0.1031
vn -0.9198 0.3687 0.1343
vn -0.9992 0.0386 0.0086
vn -0.9962 0.0633 0.0604
vn -0.9069 0.3961 0.1435
vn -0.8560 0.4754 0.2029
vn -0.9798 0.0816 0.1828
vn -0.0813 0.1497 0.9854
vn -0.2812 0.1362 0.9499
vn -0.2991 0.1047 0.9485
vn -0.0743 0.1518 0.9856
vn 0.8071 0.1058 -0.5809
vn 0.8335 0.0910 -0.5449
vn -0.8782 -0.2931 -0.3780
vn -0.9740 -0.1508 -0.1689
vn -0.8014 -0.1533 -0.5781
vn -0.7391 0.0233 0.6732
vn -0.9185 -0.0396 0.3933
vn -0.7826 0.0438 0.6210
vn -0.6929 0.0241 0.7206
vn -0.9344 0.0655 0.3501
vn -0.7476 0.6133 0.2547
vn -0.7906 0.3796 0.4804
vn -0.8661 0.0476 0.4976
vn -0.8635 0.0091 0.5043
vn -0.8247 0.1963 0.5304
vn 0.9985 0.0062 0.0536
vn 0.9917 0.0448 0.1203
vn 0.9924 0.0373 0.1172
vn 0.9993 -0.0021 0.0368
vn 0.8715 0.2520 0.4207
vn 0.9000 0.1394 -0.4130
vn 0.9971 -0.0000 0.0763
vn -0.9755 -0.1551 0.1560
vn -0.9851 -0.1412 0.0978
vn -0.9775 -0.1599 0.1375
vn -0.9789 -0.1377 0.1512
vn -0.9726 -0.1584 -0.1700
vn 0.5975 0.2789 -0.7518
vn 0.8516 0.0565 -0.5211
vn 0.8747 0.2800 -0.3955
vn 0.4220 0.6022 -0.6777
vn 0.4170 0.5653 -0.7118
vn 0.2865 0.4010 0.8701
vn 0.0882 0.3742 0.9232
vn -0.0082 -0.0561 0.9984
vn -0.7781 -0.1113 -0.6182
vn -0.6790 -0.0356 -0.7333
vn -0.7028 -0.0108 -0.7113
vn -0.7298 -0.0202 -0.6834
vn 0.9846 -0.1690 -0.0457
vn -0.9202 -0.0742 -0.3843
vn -0.9466 -0.0891 -0.3098
vn -0.1145 -0.0758 0.9905
vn -0.0335 0.2267 0.9734
vn -0.1560 0.2247 0.9619
vn -0.2442 -0.0834 0.9661
vn 0.4474 0.2016 0.8713
vn 0.5887 0.6924 0.4172
vn 0.3479 0.6279 0.6962
vn 0.1054 -0.0000 0.9944
vn 0.2397 -0.0499 0.9696
vn 0.3038 0.4546 0.8373
vn 0.6126 0.6293 0.4781
vn 0.8787 0.0791 0.4708
vn -0.0347 0.4344 0.9000
vn -0.4093 0.3662 0.8357
vn 0.4528 0.4272 -0.7826
vn 0.3917 0.7492 -0.5341
vn 0.4106 0.7378 -0.5357
vn 0.5845 0.7037 -0.4039
vn 0.5403 0.1677 -0.8246
vn 0.9154 0.3862 -0.1132
vn 0.9201 0.3827 0.0832
vn 0.2157 -0.0325 -0.9759
vn 0.2328 0.0055 -0.9725
vn 0.3058 -0.0003 -0.9521
vn 0.4730 -0.1460 -0.8689
vn 0.7016 -0.1127 -0.7036
vn 0.6854 -0.1510 -0.7123
vn 0.7476 -0.0906 -0.6580
vn 0.7910 0.0454 -0.6101
vn 0.8509 0.5018 0.1552
vn 0.9116 0.3852 0.1434
vn 0.5234 0.8393 0.1470
vn 0.4158 0.8893 0.1906
vn 0.9129 -0.0833 -0.3997
vn 0.8907 -0.1060 -0.4420
vn 0.9992 -0.0102 -0.0398
vn 0.9820 -0.1847 -0.0405
vn 0.9710 -0.1822 0.1548
vn 0.9819 -0.0573 0.1803
vn 0.9890 -0.1143 0.0939
vn 0.9796 -0.1342 0.1498
vn 0.3051 0.8941 0.3279
vn 0.3616 0.9178 0.1639
vn 0.3303 0.9313 0.1534
vn 0.3927 0.7648 0.5108
vn 0.7063 0.7066 -0.0419
vn 0.9175 0.3956 0.0411
vn -0.7576 -0.1699 -0.6302
vn -0.9707 -0.0892 -0.2233
vn -0.7580 -0.0950 -0.6452
vn -0.5878 -0.1298 -0.7985
vn 0.9832 -0.1804 -0.0275
vn 0.9901 -0.1319 0.0484
vn 0.9823 -0.1760 -0.0649
vn 0.5285 0.8453 0.0782
vn -0.9381 -0.2720 -0.2147
vn -0.9235 0.2287 -0.3081
vn -0.6911 0.2765 -0.6678
vn -0.6930 0.2862 -0.6617
vn -0.9320 -0.2866 0.2220
vn -0.9030 -0.1565 0.4001
vn -0.8372 0.4290 0.3391
vn -0.9440 0.2432 0.2230
vn 0.3736 0.9129 -0.1646
vn 0.3425 0.9193 -0.1937
vn -0.8808 -0.1193 0.4582
vn -0.8791 0.1032 0.4653
vn -0.7095 0.6115 0.3502
vn -0.8439 0.2805 0.4573
vn -0.8801 -0.0982 0.4646
vn -0.8677 0.0930 0.4883
vn -0.7250 0.5929 0.3505
vn -0.7637 0.5426 0.3499
vn 0.0832 -0.1093 -0.9905
vn 0.2085 -0.0926 -0.9736
vn -0.7819 0.0758 0.6188
vn -0.4864 0.1424 0.8620
vn -0.3722 0.5726 0.7305
vn -0.7424 0.4551 0.4916
vn -0.1704 0.4099 0.8961
vn -0.0463 0.2821 0.9583
vn -0.1106 0.5726 0.8123
vn -0.0879 0.6814 0.7266
vn 0.9128 0.1770 0.3680
vn 0.6013 0.7613 0.2425
vn 0.5995 0.4727 0.6458
vn 0.5025 0.2158 0.8372
vn 0.4172 0.6274 0.6575
vn 0.3024 0.8238 0.4795
vn 0.4468 0.4981 0.7432
vn 0.8091 0.5653 0.1606
vn 0.2409 0.9643 0.1102
vn 0.7092 0.6399 0.2960
vn 0.9477 0.2456 0.2037
vn 0.6494 0.7598 -0.0321
vn 0.6198 0.7837 0.0410
vn -0.0598 0.0694 0.9958
vn -0.3701 0.1594 0.9152
vn -0.4523 0.2805 0.8466
vn -0.1427 0.4646 0.8739
vn 0.4359 0.7521 -0.4942
vn 0.9267 0.3086 -0.2146
vn 0.9109 0.4115 0.0290
vn 0.3750 0.9187 -0.1239
vn 0.4531 0.8265 0.3340
vn 0.5922 0.5522 0.5869
vn 0.3266 0.7500 0.5752
vn 0.2355 0.7983 0.5542
vn 0.2902 0.4941 0.8196
vn 0.2957 0.7753 0.5580
vn 0.2224 0.5337 0.8159
vn 0.2366 0.7875 0.5691
vn 0.1871 0.7411 0.6448
vn 0.2172 0.7659 0.6051
vn 0.0833 0.6100 0.7880
vn 0.9682 -0.1347 0.2106
vn -0.6668 0.0143 0.7451
vn 0.9695 -0.1098 0.2190
vn 0.9210 -0.0635 0.3843
vn 0.9357 -0.1620 0.3134
vn 0.9188 0.0002 0.3946
vn 0.9077 -0.0220 0.4191
vn 0.9186 -0.0046 0.3952
vn 0.9209 -0.0069 0.3898
vn 0.9192 0.0139 0.3936
vn 0.8787 0.4116 0.2417
vn 0.1531 0.7564 0.6359
vn -0.0183 0.5941 0.8042
vn 0.9179 0.0611 0.3921
vn 0.5986 0.1255 0.7912
vn 0.1720 0.1420 0.9748
vn -0.5803 0.7964 -0.1703
vn -0.5523 0.7390 -0.3857
vn -0.5542 0.7418 -0.3777
vn -0.7037 0.2827 -0.6518
vn -0.4668 0.8733 0.1396
vn -0.3413 0.9374 -0.0695
vn -0.5532 0.7900 0.2641
vn -0.4459 0.8696 0.2122
vn -0.3745 0.9264 0.0392
vn -0.2922 0.9557 0.0358
vn -0.4170 0.8987 0.1355
vn -0.5007 0.8460 0.1834
vn -0.3227 0.8969 0.3023
vn -0.4773 0.8667 0.1447
vn -0.9734 -0.0258 -0.2276
vn -0.9673 0.2330 -0.1000
vn -0.9705 -0.1927 0.1452
vn -0.7809 -0.1368 -0.6095
vn -0.7501 0.0327 -0.6605
vn -0.5078 0.3530 -0.7858
vn -0.5571 0.2817 -0.7812
vn -0.3680 0.1770 -0.9128
vn -0.4535 -0.1795 -0.8730
vn -0.0132 0.3694 -0.9292
vn 0.1432 0.2421 -0.9596
vn -0.9806 -0.1457 0.1308
vn -0.9798 -0.1456 0.1370
vn -0.9800 -0.1547 0.1249
vn -0.9971 -0.0617 -0.0456
vn -0.2240 0.9746 -0.0028
vn -0.3296 0.9385 -0.1025
vn -0.3992 0.7801 0.4818
vn -0.1714 0.8034 0.5703
vn 0.9062 -0.0073 0.4228
vn 0.9153 -0.0000 0.4027
vn 0.9104 -0.0044 0.4136
vn 0.9085 -0.0000 0.4178
vn -0.2115 0.8483 0.4854
vn -0.5099 0.4838 0.7113
vn -0.5311 0.5777 0.6198
vn -0.2220 0.8828 0.4139
vn 0.2114 0.5420 0.8133
vn 0.1477 0.1868 0.9712
vn 0.1475 0.1852 0.9716
vn 0.0711 0.1454 0.9868
vn 0.1533 0.4779 0.8649
vn 0.9058 -0.0197 0.4232
vn 0.5948 0.0264 0.8034
vn -0.8519 0.5072 0.1308
vn -0.7081 0.6001 0.3721
vn -0.7739 -0.1324 0.6194
vn -0.9283 -0.1900 0.3196
vn -0.3731 0.9276 0.0203
vn -0.3197 0.9438 -0.0840
vn -0.5799 0.7037 0.4104
vn -0.4264 0.9024 -0.0625
vn -0.6253 0.6497 0.4323
vn -0.3855 0.0449 0.9216
vn -0.5107 -0.0291 0.8593
vn -0.3270 0.9106 0.2527
vn -0.7619 -0.0966 -0.6404
vn -0.7148 -0.1349 -0.6862
vn -0.5402 0.2511 -0.8032
vn -0.6399 0.1457 -0.7545
vn 0.2662 0.0459 -0.9628
vn 0.4149 0.1111 -0.9031
vn 0.6071 -0.1225 -0.7851
vn 0.6634 -0.1066 -0.7406
vn 0.6827 -0.1535 -0.7143
vn 0.6807 -0.1740 -0.7116
vn 0.0989 0.0660 0.9929
vn 0.1132 0.0928 0.9892
vn -0.6981 0.0933 0.7099
vn 0.1012 0.5396 0.8358
vn 0.0393 0.7629 0.6454
vn 0.0062 0.7254 0.6883
vn -0.3859 0.7846 0.4853
vn -0.5215 0.6753 0.5216
vn -0.6947 0.5336 0.4824
vn -0.6233 0.7816 -0.0237
vn -0.8818 0.4457 -0.1542
vn -0.7784 0.3669 0.5093
vn -0.7178 0.1316 0.6837
vn -0.9693 0.1512 0.1939
vn -0.7800 0.5825 0.2288
vn -0.1463 0.6113 -0.7777
vn -0.2365 0.5596 -0.7943
vn -0.0143 0.6498 -0.7599
vn 0.0405 0.5734 -0.8183
vn -0.7562 0.2865 0.5883
vn -0.6639 0.4861 0.5683
vn -0.7362 0.2222 0.6393
vn -0.6943 0.2058 0.6897
vn -0.6847 0.1588 0.7113
vn 0.0466 0.5606 -0.8268
vn 0.1649 0.2806 -0.9455
vn -0.9633 0.1740 0.2043
vn -0.9386 0.1702 -0.3002
vn -0.9023 0.1629 0.3991
vn -0.6597 -0.1100 -0.7435
vn -0.6821 -0.0611 -0.7287
vn -0.4988 0.2618 -0.8262
vn -0.5164 0.2533 -0.8180
vn -0.4015 -0.0715 0.9131
vn -0.3103 -0.0013 0.9506
vn -0.3303 -0.0166 0.9437
vn -0.2810 -0.0000 0.9597
vn -0.6711 -0.0926 0.7356
vn -0.7263 -0.1778 0.6640
vn -0.9418 -0.1687 0.2909
vn -0.9561 -0.1279 0.2637
vn -0.9792 -0.1341 0.1522
vn 0.9037 -0.0554 -0.4246
vn 0.7368 -0.1355 -0.6624
vn 0.7922 0.2285 -0.5659
vn 0.9137 0.0274 -0.4055
vn 0.7344 0.2736 -0.6211
vn 0.6306 -0.0408 -0.7750
vn 0.9120 -0.1296 -0.3893
vn 0.9984 -0.0268 0.0505
vn 0.9879 0.1520 -0.0313
vn 0.9930 0.0546 0.1048
vn 0.9997 0.0057 0.0226
vn 0.9970 -0.0740 0.0213
vn 0.9935 -0.1028 0.0497
vn 0.9081 -0.0093 0.4186
vn 0.9052 -0.0023 0.4249
vn 0.9051 -0.0000 0.4251
vn 0.9150 -0.0111 0.4033
vn -0.3462 0.4813 -0.8053
vn -0.1055 0.6448 -0.7570
vn -0.0376 0.6932 -0.7198
vn 0.0033 0.6336 -0.7737
vn 0.9653 -0.0406 0.2579
vn 0.9897 -0.0637 0.1281
vn 0.9874 -0.0208 0.1572
vn 0.9519 -0.0086 0.3063
vn 0.9958 -0.0869 0.0287
vn 0.9986 -0.0320 0.0424
vn -0.2243 0.5834 0.7806
vn -0.6049 0.5469 0.5788
vn -0.7131 0.1188 0.6909
vn -0.6727 0.1633 0.7216
vn -0.7079 0.1430 0.6917
vn -0.7212 0.1322 0.6800
vn 0.1047 0.3802 -0.9190
vn 0.1345 0.5375 -0.8325
vn -0.9536 0.2003 0.2247
vn -0.9175 0.2765 -0.2859
vn 0.1414 0.1210 0.9825
vn 0.1019 0.0857 0.9911
vn 0.0754 0.1106 0.9910
vn 0.0728 0.1407 0.9874
vn 0.0181 0.1792 0.9836
vn -0.3258 0.1304 0.9364
vn -0.0120 0.6415 -0.7670
vn -0.0134 0.7115 -0.7026
vn -0.0472 0.5800 -0.8132
vn -0.0346 0.6332 -0.7732
vn -0.6920 0.1476 0.7067
vn -0.2356 0.6181 -0.7500
vn -0.1219 0.7155 -0.6879
vn 0.6976 0.3412 -0.6300
vn 0.7731 0.2865 -0.5659
vn 0.0323 0.1015 0.9943
vn 0.0605 0.1040 0.9927
vn -0.3049 0.1179 0.9451
vn -0.3063 0.0668 0.9496
vn 0.7646 0.4531 -0.4583
vn 0.7171 0.5636 -0.4101
vn 0.7351 0.3921 -0.5530
vn 0.6460 0.5298 -0.5496
vn 0.6358 0.1616 -0.7547
vn 0.6672 0.1170 -0.7357
vn -0.9469 0.2325 0.2222
vn -0.8832 0.3617 -0.2985
vn -0.6993 0.6460 0.3058
vn -0.8586 0.3530 0.3717
vn -0.1880 0.5763 0.7953
vn -0.2855 0.2216 0.9324
vn 0.9115 0.0058 0.4113
vn 0.9171 0.0800 0.3905
vn 0.9099 0.0418 0.4127
vn 0.9096 -0.0160 0.4152
vn 0.9098 0.0424 0.4129
vn 0.5758 0.1017 0.8112
vn 0.5876 0.0111 0.8090
vn -0.7671 0.0984 0.6339
vn -0.7436 0.0888 0.6627
vn -0.7297 0.0477 0.6821
vn -0.6973 0.1093 0.7084
vn 0.0951 0.0576 0.9938
vn 0.1016 0.1661 0.9809
vn 0.1013 0.1350 0.9856
vn 0.0629 0.0640 0.9960
vn 0.5357 0.6200 -0.5732
vn 0.3209 0.5490 -0.7718
vn 0.9195 -0.1502 -0.3632
vn 0.6207 -0.0933 -0.7785
vn 0.7170 -0.0928 -0.6909
vn 0.9059 -0.1595 -0.3923
vn 0.9616 -0.2397 0.1334
vn 0.9757 -0.1762 0.1304
vn -0.9761 -0.1688 0.1369
vn -0.9606 0.1326 0.2441
vn -0.9621 0.1371 0.2356
vn -0.9798 0.1854 0.0751
vn -0.9971 -0.0707 0.0293
vn -0.7018 0.0958 0.7059
vn -0.6925 0.1364 0.7084
vn 0.0975 0.1172 0.9883
vn 0.0523 0.1918 0.9800
vn 0.9881 -0.1463 0.0467
vn 0.9711 -0.2226 0.0861
vn 0.9863 -0.0875 0.1396
vn 0.9920 -0.1210 0.0351
vn -0.2420 0.2909 0.9256
vn -0.1614 0.6065 0.7785
vn -0.4585 0.5648 0.6861
vn -0.6312 0.1712 0.7565
vn 0.5960 -0.1122 -0.7951
vn 0.9945 -0.0112 0.1043
vn 0.9792 0.0679 0.1912
vn 0.9770 0.0961 0.1904
vn 0.9872 0.0438 0.1531
vn 0.1646 0.6302 -0.7588
vn 0.5030 0.3293 -0.7991
vn -0.9281 0.1390 0.3453
vn -0.7537 0.5155 0.4078
vn -0.7769 0.5344 0.3328
vn 0.9547 0.0463 0.2939
vn 0.9521 0.1092 0.2856
vn 0.9155 0.0945 0.3910
vn 0.9087 0.0508 0.4144
vn -0.7135 0.1801 0.6772
vn -0.6998 0.2415 0.6723
vn -0.6908 0.2603 0.6745
vn -0.7010 0.1400 0.6993
vn -0.7684 -0.0522 -0.6378
vn -0.9291 -0.0135 -0.3695
vn -0.9189 0.1884 -0.3466
vn -0.6974 0.1849 -0.6924
vn -0.9872 0.0362 -0.1554
vn -0.9827 0.1580 -0.0969
vn -0.7720 0.2913 0.5650
vn -0.9376 0.3444 0.0478
vn -0.8470 0.3985 -0.3519
vn -0.2102 0.6428 -0.7366
vn -0.1134 0.7376 -0.6656
vn -0.0906 0.7473 -0.6583
vn -0.0856 0.7481 -0.6580
vn 0.9146 0.0337 0.4031
vn 0.9080 0.1085 0.4047
vn -0.6091 0.7099 0.3536
vn -0.8647 0.3447 -0.3654
vn -0.8255 0.5486 0.1326
vn -0.3317 0.6245 0.7071
vn -0.1407 0.6285 0.7650
vn -0.1395 0.6411 0.7547
vn -0.1422 0.6345 0.7598
vn -0.1851 0.6272 0.7566
vn -0.5323 0.6529 0.5389
vn -0.4315 0.6580 0.6171
vn -0.0303 0.4865 -0.8731
vn 0.1159 0.1697 -0.9787
vn -0.7963 0.4408 -0.4142
vn -0.8076 0.4136 -0.4203
vn -0.6987 0.6249 0.3482
vn -0.8048 0.5579 0.2029
vn -0.7859 0.5840 0.2032
vn -0.6620 0.6841 0.3063
vn -0.1393 0.6799 -0.7199
vn -0.0834 0.7622 -0.6420
vn -0.2806 0.6552 -0.7014
vn -0.4002 0.3178 -0.8596
vn 0.6523 -0.1460 -0.7438
vn 0.5390 -0.1457 -0.8296
vn 0.5881 -0.1313 -0.7981
vn 0.6126 -0.0826 -0.7860
vn -0.6666 0.1906 0.7206
vn -0.7321 0.2715 0.6248
vn -0.7099 0.3026 0.6360
vn -0.7115 0.3355 0.6174
vn -0.6452 0.2029 0.7366
vn -0.2784 0.2123 0.9367
vn -0.3241 0.3255 0.8883
vn -0.7058 0.2606 0.6587
vn 0.0595 0.2056 0.9768
vn -0.1598 0.6874 -0.7085
vn -0.0664 0.7593 -0.6473
vn -0.7265 0.5942 0.3453
vn -0.5265 0.7934 0.3054
vn -0.7384 0.6342 0.2292
vn 0.4563 0.0835 -0.8859
vn 0.3464 -0.1110 -0.9315
vn -0.1189 0.2555 -0.9595
vn -0.1320 0.0018 -0.9913
vn -0.0558 -0.0123 -0.9984
vn -0.6927 0.3054 -0.6534
vn -0.8761 0.0094 -0.4821
vn -0.6110 -0.1026 -0.7850
vn 0.9593 0.0312 0.2806
vn 0.9535 -0.0349 0.2995
vn 0.9390 -0.0940 0.3309
vn 0.9401 -0.0869 0.3297
vn 0.9309 -0.0339 0.3637
vn 0.9766 0.0608 0.2061
vn 0.9515 0.0832 0.2962
vn 0.9137 0.0175 0.4061
vn 0.9077 0.0836 0.4113
vn 0.9245 0.0963 0.3689
vn 0.8967 0.1185 0.4265
vn 0.9043 0.1021 0.4145
vn 0.8916 0.1004 0.4415
vn 0.8898 0.1169 0.4410
vn 0.5932 0.2106 0.7770
vn 0.5804 0.2151 0.7855
vn 0.1270 0.2489 0.9602
vn 0.1507 0.2439 0.9580
vn 0.1244 0.2483 0.9607
vn 0.1272 0.2248 0.9661
vn 0.9785 -0.1288 0.1614
vn 0.9776 -0.1700 0.1238
vn 0.9750 -0.1243 0.1843
vn 0.9698 -0.1029 0.2210
vn -0.8384 0.5230 0.1535
vn -0.8214 0.5369 0.1927
vn -0.7923 0.5679 0.2229
vn -0.6860 0.6851 0.2448
vn -0.7170 0.6512 0.2488
vn -0.5009 0.8194 0.2786
vn -0.7670 0.6305 0.1192
vn 0.9192 0.0794 0.3858
vn 0.9221 0.1285 0.3650
vn 0.9038 0.0875 0.4188
vn 0.9029 0.0636 0.4252
vn 0.1985 -0.0857 -0.9763
vn 0.2333 -0.0630 -0.9704
vn 0.5750 -0.1161 -0.8099
vn 0.6530 -0.0975 -0.7511
vn -0.0618 -0.0296 -0.9976
vn -0.1138 0.0101 -0.9934
vn -0.0978 -0.0046 -0.9952
vn -0.0625 -0.0123 -0.9980
vn -0.2937 0.6258 0.7225
vn -0.6059 0.5460 0.5786
vn -0.5820 0.5368 0.6108
vn -0.2668 0.6246 0.7340
vn -0.1338 0.6320 0.7633
vn -0.1333 0.6293 0.7657
vn 0.1042 0.2283 0.9680
vn 0.1082 0.2532 0.9613
vn 0.0500 0.2654 0.9628
vn 0.9117 -0.1353 -0.3880
vn 0.6341 -0.0649 -0.7705
vn 0.5985 -0.0939 -0.7956
vn 0.9295 -0.1559 -0.3341
vn 0.0010 0.3113 0.9503
vn -0.0198 0.2919 0.9562
vn -0.0589 0.5273 0.8477
vn -0.5214 0.8522 0.0433
vn -0.7237 0.6712 -0.1604
vn -0.4390 0.7001 -0.5631
vn -0.2739 0.8490 -0.4518
vn -0.5101 0.8136 -0.2789
vn -0.1306 0.7117 -0.6902
vn 0.5757 -0.0948 -0.8122
vn 0.6686 -0.1011 -0.7367
vn -0.8708 0.4863 0.0727
vn -0.8760 0.4757 -0.0801
vn -0.8426 0.3863 0.3751
vn -0.7837 0.4162 0.4611
vn 0.0899 0.2552 0.9627
vn 0.0220 0.2832 0.9588
vn -0.5767 -0.0808 -0.8130
vn -0.8862 -0.0042 -0.4633
vn -0.8855 -0.0191 -0.4643
vn -0.5662 -0.0660 -0.8216
vn -0.1669 0.6314 0.7573
vn -0.1827 0.6401 0.7462
vn -0.5557 0.6498 0.5186
vn -0.5828 0.6422 0.4978
vn -0.7070 0.4823 0.5172
vn -0.6924 0.5504 0.4666
vn -0.7433 0.4677 0.4782
vn -0.6933 0.3728 0.6167
vn -0.1263 0.7533 -0.6455
vn -0.3793 0.8139 -0.4401
vn -0.4017 0.7987 -0.4480
vn -0.1799 0.7250 -0.6648
vn -0.0768 0.7185 -0.6913
vn -0.4233 0.5823 -0.6941
vn -0.2589 0.6181 -0.7422
vn -0.8228 0.5370 0.1860
vn -0.8312 0.5386 0.1381
vn -0.8390 0.4363 0.3252
vn -0.8768 0.4384 0.1976
vn -0.8132 0.5021 -0.2941
vn -0.8845 0.4055 -0.2308
vn -0.6594 0.5594 -0.5022
vn -0.6592 0.6031 -0.4491
vn -0.7584 0.5114 -0.4041
vn -0.7775 0.6038 0.1760
vn -0.7875 0.5737 0.2252
vn -0.8195 0.5233 0.2337
vn 0.9050 0.2977 0.3039
vn 0.7725 0.4770 0.4191
vn 0.8918 0.0767 0.4459
vn -0.7012 0.7129 -0.0067
vn -0.7489 0.5927 0.2964
vn -0.8096 0.5869 -0.0134
vn 0.8876 0.0802 0.4536
vn 0.8314 0.3299 0.4472
vn 0.5499 0.3521 0.7574
vn 0.5811 0.1709 0.7957
vn 0.1327 0.2273 0.9647
vn 0.1177 0.4585 0.8809
vn 0.1188 0.4876 0.8649
vn 0.1181 0.2364 0.9644
vn -0.6719 0.3091 -0.6731
vn -0.8775 0.1674 -0.4494
vn -0.9477 0.0598 -0.3135
vn -0.8678 -0.0034 -0.4968
vn 0.0523 0.5049 0.8616
vn -0.0251 0.5106 0.8595
vn -0.8589 0.5084 0.0612
vn -0.8580 0.5093 0.0671
vn -0.6988 0.7153 -0.0026
vn -0.7423 0.4042 0.5344
vn -0.8024 0.3873 0.4540
vn -0.7289 0.3271 0.6014
vn -0.6257 0.3056 0.7178
vn -0.5912 0.3412 0.7308
vn -0.5860 0.4597 0.6672
vn -0.3288 0.5675 0.7549
vn -0.5264 0.3352 0.7813
vn -0.2695 0.5782 0.7701
vn -0.1308 0.6222 0.7718
vn -0.8728 -0.0157 -0.4879
vn -0.9679 0.0061 -0.2514
vn -0.9692 0.0056 -0.2462
vn -0.8745 -0.0373 -0.4835
vn -0.7299 0.4661 0.5001
vn -0.4818 0.8509 0.2094
vn -0.5281 0.7993 0.2868
vn -0.5135 0.8211 0.2494
vn -0.6745 0.6597 -0.3314
vn -0.0646 0.0111 -0.9978
vn -0.0759 0.0085 -0.9971
vn -0.0509 0.0534 -0.9973
vn -0.0556 0.1126 -0.9921
vn 0.2342 0.0689 -0.9698
vn 0.2248 -0.0367 -0.9737
vn 0.5767 0.0017 -0.8170
vn 0.6537 -0.0127 -0.7566
vn -0.1807 0.6486 0.7394
vn -0.1705 0.6976 0.6960
vn -0.4096 0.6811 0.6069
vn -0.4621 0.6824 0.5663
vn -0.6090 0.5370 0.5837
vn -0.2514 0.5306 0.8095
vn -0.2761 0.9057 0.3215
vn -0.5345 0.8018 0.2673
vn -0.7896 0.5732 0.2190
vn -0.7511 0.6188 0.2299
vn -0.0467 0.5243 0.8502
vn -0.0876 0.9222 0.3766
vn -0.0876 0.9306 0.3554
vn 0.6135 -0.1061 -0.7825
vn 0.6239 -0.0249 -0.7811
vn 0.9466 -0.1448 -0.2881
vn 0.9572 -0.1352 -0.2558
vn 0.9520 -0.1608 0.2604
vn 0.9568 -0.1768 0.2307
vn 0.9671 -0.1544 0.2019
vn 0.9857 -0.1059 0.1308
vn 0.9700 -0.0994 0.2219
vn 0.9215 -0.1220 0.3686
vn 0.9284 -0.1653 0.3328
vn 0.8855 -0.0630 0.4604
vn 0.8507 -0.0000 0.5257
vn 0.8430 0.0115 0.5378
vn 0.8611 -0.0081 0.5084
vn 0.8680 0.0128 0.4965
vn 0.8650 0.0219 0.5014
vn 0.8424 0.0429 0.5372
vn 0.8504 0.0474 0.5240
vn 0.8695 0.2641 0.4174
vn 0.7014 0.1713 0.6919
vn 0.5313 0.6490 0.5445
vn -0.5336 -0.0503 -0.8442
vn -0.8829 -0.0289 -0.4687
vn -0.8568 0.0521 -0.5130
vn -0.5550 -0.0138 -0.8318
vn -0.7280 0.6828 0.0615
vn -0.7545 0.5123 0.4101
vn -0.8060 0.4593 0.3733
vn -0.8593 0.3676 0.3557
vn -0.8062 0.4544 0.3789
vn -0.7226 0.4770 0.5004
vn -0.7544 0.4185 0.5057
vn -0.6100 0.1975 0.7674
vn -0.5460 0.3271 0.7713
vn -0.6208 0.2544 0.7415
vn -0.5229 0.3914 0.7572
vn -0.5733 0.2389 0.7837
vn -0.6296 0.2606 0.7319
vn -0.6092 0.2522 0.7518
vn -0.5953 0.2716 0.7562
vn -0.5003 0.7776 -0.3810
vn -0.3791 0.8524 -0.3602
vn -0.4229 0.8585 -0.2901
vn -0.4287 0.8416 -0.3284
vn -0.1601 0.9705 -0.1804
vn -0.1767 0.9555 -0.2362
vn -0.3894 0.4954 0.7765
vn -0.5758 0.2713 0.7712
vn -0.8637 0.2002 0.4626
vn -0.8277 0.3613 0.4294
vn -0.7015 0.7118 0.0357
vn -0.6686 0.7255 0.1633
vn -0.7839 0.5055 0.3604
vn -0.7744 0.4966 0.3921
vn -0.1887 0.9717 -0.1424
vn -0.2741 0.9616 0.0122
vn -0.2506 0.9679 0.0193
vn -0.1766 0.9801 -0.0910
vn -0.2862 0.9513 0.1150
vn -0.3687 0.9265 -0.0757
vn -0.6772 0.5951 0.4328
vn -0.7887 0.4912 0.3697
vn -0.9377 0.3262 -0.1198
vn -0.9923 0.1204 -0.0293
vn -0.5429 0.2021 0.8151
vn -0.5101 0.1789 0.8413
vn -0.5538 0.1514 0.8188
vn -0.8157 0.1253 0.5647
vn -0.6833 0.7292 0.0385
vn -0.4838 0.8621 0.1505
vn -0.6745 0.3139 0.6682
vn -0.6168 0.3629 0.6985
vn -0.5861 0.3027 0.7516
vn -0.6264 0.2560 0.7362
vn -0.7290 0.5218 0.4431
vn -0.7726 0.4922 0.4011
vn -0.7284 0.6334 0.2612
vn -0.7621 0.4954 0.4169
vn -0.8794 -0.0063 -0.4761
vn -0.9575 0.0762 -0.2781
vn -0.9569 0.0729 -0.2810
vn -0.8840 0.0105 -0.4673
vn -0.1412 0.9890 -0.0448
vn -0.2151 0.9698 -0.1146
vn -0.1245 0.9919 0.0264
vn -0.1908 0.9812 0.0274
vn -0.9977 0.0533 0.0428
vn -0.8890 0.1523 0.4318
vn -0.4725 0.6263 0.6201
vn -0.0671 0.7464 0.6621
vn -0.3084 0.3473 0.8856
vn -0.2862 0.3086 0.9071
vn -0.6379 0.4196 0.6458
vn -0.2066 0.8943 0.3970
vn -0.2170 0.9719 0.0918
vn -0.2474 0.9519 0.1808
vn -0.2233 0.6747 0.7035
vn -0.1580 0.4987 0.8522
vn -0.0469 0.2327 -0.9714
vn -0.0191 0.0982 -0.9950
vn -0.0290 0.1837 -0.9826
vn 0.3855 0.1921 -0.9025
vn 0.2276 0.2114 -0.9505
vn 0.5594 0.1554 -0.8142
vn 0.6576 0.1512 -0.7380
vn 0.6048 0.1337 -0.7851
vn 0.6326 0.0979 -0.7683
vn 0.4386 0.8494 0.2935
vn 0.3178 0.9118 0.2600
vn 0.1009 0.9846 0.1426
vn 0.0936 0.9868 0.1323
vn 0.1219 0.8819 0.4554
vn 0.3070 0.7758 0.5513
vn 0.1203 0.9853 0.1215
vn 0.1340 0.8955 0.4245
vn 0.5497 0.8133 0.1907
vn 0.0826 0.9943 0.0676
vn 0.0621 0.8979 0.4358
vn 0.0699 0.9907 0.1169
vn -0.1470 0.9838 0.1026
vn -0.0552 0.9093 0.4125
vn 0.6047 0.0656 -0.7938
vn 0.9678 -0.0858 -0.2366
vn -0.2101 0.9748 0.0753
vn -0.1090 0.9856 0.1292
vn 0.1070 0.9902 0.0899
vn 0.1071 0.9854 0.1324
vn -0.3759 0.1557 -0.9135
vn -0.7377 0.2598 -0.6231
vn -0.5691 0.4508 -0.6876
vn -0.2673 0.3353 -0.9034
vn -0.5642 0.2456 0.7883
vn -0.5339 0.2825 0.7970
vn -0.4131 0.2565 0.8738
vn -0.4657 0.1883 0.8647
vn 0.3386 0.3145 0.8868
vn 0.1277 0.3626 0.9232
vn 0.1417 0.8213 0.5526
vn -0.1285 0.2612 0.9567
vn -0.2502 0.3721 0.8939
vn -0.6319 0.4888 0.6015
vn 0.0848 0.9899 0.1137
vn 0.0928 0.9835 0.1556
vn -0.0843 0.9937 0.0736
vn -0.1111 0.2970 0.9484
vn -0.0743 0.8154 0.5741
vn -0.0179 0.3536 0.9352
vn -0.0270 0.3450 0.9382
vn -0.0654 0.3359 0.9396
vn 0.1609 0.7951 0.5848
vn 0.1620 0.3207 0.9332
vn 0.1246 0.3347 0.9340
vn 0.1398 0.7517 0.6446
vn -0.7856 0.4904 0.3773
vn -0.7675 0.5361 0.3514
vn -0.6872 0.7095 0.1559
vn -0.7111 0.6893 0.1389
vn 0.9549 -0.0929 0.2819
vn 0.9680 -0.1724 0.1825
vn 0.9695 0.1558 0.1893
vn 0.9320 0.0994 0.3487
vn 0.8816 0.1314 0.4533
vn 0.8947 -0.0243 0.4461
vn 0.8561 -0.0098 0.5167
vn 0.8630 0.1377 0.4861
vn 0.8407 0.1470 0.5212
vn 0.8387 -0.0131 0.5444
vn 0.5926 0.1983 -0.7807
vn 0.9279 0.1517 -0.3407
vn 0.9674 -0.0836 0.2392
vn 0.9425 -0.1849 0.2783
vn 0.8302 0.0294 0.5567
vn 0.8306 0.1199 0.5438
vn 0.8178 0.1258 0.5616
vn 0.8238 0.0572 0.5640
vn 0.1719 0.3164 0.9329
vn 0.1119 0.3033 0.9463
vn -0.6279 0.4723 0.6186
vn -0.5043 0.8502 -0.1510
vn -0.3885 0.8840 -0.2601
vn -0.5436 0.7347 0.4059
vn -0.4726 0.3185 0.8217
vn -0.4906 0.3188 0.8110
vn -0.6915 0.2532 0.6766
vn -0.9614 0.1952 0.1941
vn 0.6550 0.1907 0.7312
vn 0.6774 0.2252 0.7003
vn 0.2835 0.3097 0.9076
vn 0.3255 0.4203 0.8470
vn 0.1656 0.5189 0.8387
vn 0.1288 0.3296 0.9353
vn -0.0133 0.0818 -0.9966
vn -0.0177 0.1516 -0.9883
vn 0.1826 0.3693 0.9112
vn 0.0694 0.5200 0.8514
vn -0.6994 0.2767 0.6590
vn -0.9652 0.1791 0.1904
vn 0.5919 0.2421 -0.7688
vn 0.5891 0.2823 -0.7572
vn 0.5811 0.2671 -0.7687
vn 0.8438 0.4806 -0.2386
vn -0.5234 0.2849 0.8030
vn -0.4437 0.2881 0.8486
vn -0.5202 0.6567 0.5460
vn -0.4685 0.8832 0.0233
vn -0.6028 0.7708 0.2060
vn -0.5347 0.4060 0.7411
vn -0.4571 0.1811 0.8708
vn -0.4704 0.2791 0.8371
vn -0.4426 0.8549 -0.2706
vn -0.3586 0.8834 -0.3017
vn -0.2430 0.8723 -0.4243
vn -0.2748 0.8638 -0.4222
vn 0.5883 0.2599 -0.7657
vn 0.8613 0.4725 -0.1867
vn 0.7586 0.4895 0.4301
vn 0.7047 0.6632 0.2521
vn 0.9098 0.3709 0.1860
vn 0.7140 0.6918 0.1074
vn 0.5930 0.7530 0.2853
vn 0.5085 0.8029 0.3110
vn 0.7171 0.6640 0.2119
vn 0.6597 0.6917 0.2940
vn 0.4542 0.8382 0.3020
vn 0.2629 0.9635 -0.0499
vn 0.6552 0.7208 0.2262
vn -0.3888 0.8840 -0.2596
vn -0.4098 0.8831 -0.2286
vn -0.5352 0.8441 0.0329
vn -0.4463 0.8627 -0.2379
vn -0.4821 0.2968 0.8243
vn -0.5017 0.2437 0.8300
vn -0.4950 0.3159 0.8095
vn -0.4599 0.3038 0.8344
vn -0.4697 0.2908 0.8336
vn -0.4810 0.2963 0.8252
vn -0.5059 0.3005 0.8086
vn -0.5094 0.2932 0.8090
vn -0.5824 0.2890 0.7598
vn -0.5787 0.3019 0.7576
vn 0.5550 0.2195 -0.8023
vn 0.4772 0.2470 -0.8434
vn 0.4308 0.2515 -0.8667
vn 0.5361 0.2591 -0.8034
vn -0.5212 0.2773 0.8071
vn -0.4469 0.3418 0.8267
vn 0.2591 0.2077 -0.9433
vn 0.2013 0.2202 -0.9545
vn 0.8600 0.4731 -0.1911
vn 0.7414 0.4698 0.4792
vn 0.7113 0.4620 0.5297
vn 0.6830 0.5359 0.4963
vn 0.6912 0.7003 0.1785
vn 0.2741 0.9283 -0.2511
vn 0.2854 0.9032 -0.3208
vn 0.7429 0.6535 0.1453
vn -0.2991 0.3181 -0.8996
vn -0.5486 0.4650 -0.6949
vn -0.6183 0.4143 -0.6679
vn -0.3585 0.3192 -0.8772
vn 0.5909 0.2793 -0.7569
vn 0.5842 0.3017 -0.7534
vn 0.5732 0.2869 -0.7676
vn -0.4818 0.5317 0.6965
vn -0.0528 0.3565 0.9328
vn -0.2995 0.6742 0.6750
vn -0.7730 0.5481 0.3195
vn -0.5387 0.8335 0.1227
vn -0.0514 0.3393 0.9393
vn -0.1652 0.8590 0.4846
vn -0.1002 0.5626 0.8207
vn 0.1552 0.9243 0.3486
vn 0.0727 0.9382 0.3383
vn 0.6535 0.5394 0.5310
vn 0.6871 0.4541 0.5672
vn 0.6883 0.4579 0.5626
vn 0.6505 0.5375 0.5367
vn -0.7978 0.1785 -0.5758
vn -0.9211 0.2022 -0.3327
vn -0.7319 0.5023 -0.4604
vn -0.6139 0.4169 -0.6703
vn 0.4834 0.7798 0.3978
vn 0.6760 0.4716 0.5663
vn 0.4993 0.6529 0.5696
vn 0.2563 0.9627 0.0868
vn 0.2010 0.9366 -0.2871
vn 0.3123 0.9479 0.0625
vn 0.1419 0.9462 -0.2908
vn 0.0895 0.9519 -0.2931
vn 0.1486 0.9179 -0.3678
vn 0.7212 0.6759 0.1516
vn 0.2290 0.9096 -0.3466
vn 0.4912 0.8043 0.3345
vn 0.5498 0.3856 0.7410
vn 0.4089 0.3573 0.8398
vn 0.4239 0.6332 0.6476
vn 0.3473 0.9146 0.2070
vn -0.0220 0.1732 -0.9846
vn -0.0317 0.1390 -0.9898
vn -0.3945 0.9066 -0.1495
vn -0.5145 0.8557 0.0557
vn -0.5571 0.7343 0.3879
vn -0.5437 0.4906 0.6810
vn -0.4163 0.1175 0.9016
vn -0.4602 0.3214 0.8276
vn -0.3641 0.1348 0.9215
vn -0.4463 0.1765 0.8773
vn 0.5322 0.2658 -0.8038
vn 0.2225 0.1688 -0.9602
vn 0.2268 0.2014 -0.9529
vn 0.5325 0.3038 -0.7900
vn -0.6904 0.4157 0.5921
vn -0.9323 0.3128 0.1818
vn -0.4683 0.2952 0.8328
vn -0.4266 0.3516 0.8333
vn -0.4456 0.3813 0.8100
vn -0.4824 0.3575 0.7997
vn 0.2123 0.9734 -0.0863
vn 0.3590 0.9032 0.2353
vn 0.3193 0.9436 0.0870
vn 0.2191 0.9718 -0.0868
vn 0.1216 0.9706 -0.2078
vn 0.1040 0.9372 -0.3329
vn 0.0244 0.9459 -0.3236
vn 0.1238 0.9714 0.2029
vn -0.0172 0.1110 -0.9937
vn -0.0326 0.1069 -0.9937
vn -0.2077 0.9141 -0.3483
vn -0.2754 0.9494 -0.1510
vn -0.3525 0.9331 0.0709
vn -0.4388 0.8590 0.2637
vn -0.1948 0.9780 0.0749
vn 0.0660 0.9508 -0.3025
vn 0.1145 0.9665 -0.2297
vn 0.4166 0.6867 0.5957
vn 0.3998 0.3539 0.8456
vn 0.4685 0.2745 0.8397
vn 0.4401 0.5503 0.7096
vn 0.3476 0.8869 0.3043
vn -0.5327 0.5284 -0.6611
vn -0.5386 0.6804 -0.4970
vn -0.4699 0.6558 -0.5909
vn -0.5404 0.5599 -0.6281
vn 0.6980 0.4325 0.5707
vn 0.6838 0.4314 0.5884
vn 0.7146 0.4429 0.5414
vn 0.7073 0.4712 0.5269
vn 0.0022 0.9990 0.0445
vn 0.5957 0.4202 0.6845
vn 0.6571 0.4015 0.6379
vn 0.4565 0.3166 0.8315
vn 0.4249 0.3263 0.8444
vn 0.0932 0.9892 0.1134
vn -0.1708 0.9395 0.2970
vn -0.0858 0.9125 0.3999
vn -0.4886 0.7068 0.5115
vn -0.3480 0.3026 -0.8873
vn -0.6740 0.3933 -0.6254
vn -0.6532 0.4583 -0.6027
vn -0.3558 0.3221 -0.8773
vn -0.4078 0.4681 0.7839
vn 0.0592 0.4801 0.8752
vn 0.1655 0.2563 0.9523
vn -0.3600 0.3506 0.8646
vn 0.2446 0.9587 0.1454
vn 0.3747 0.9259 0.0485
vn 0.2416 0.9686 -0.0582
vn -0.4739 0.2587 0.8417
vn -0.4518 0.2657 0.8516
vn -0.4348 0.3243 0.8401
vn -0.4829 0.2783 0.8303
vn -0.4987 0.2829 0.8193
vn -0.4961 0.2699 0.8253
vn -0.5217 0.2785 0.8064
vn -0.5422 0.2793 0.7925
vn -0.5951 0.2917 0.7488
vn -0.5758 0.2871 0.7655
vn -0.0417 0.1539 -0.9872
vn -0.0560 0.1880 -0.9806
vn 0.4149 0.3184 0.8523
vn 0.4239 0.3046 0.8529
vn 0.2288 0.3450 0.9103
vn 0.2389 0.2888 0.9271
vn -0.4383 0.2973 0.8483
vn -0.4433 0.3168 0.8385
vn -0.4435 0.3372 0.8304
vn -0.4235 0.3442 0.8380
vn -0.4132 0.3659 0.8339
vn 0.0534 0.3515 0.9347
vn -0.1869 0.3231 0.9277
vn -0.4373 0.3143 0.8426
vn -0.5630 0.4515 0.6922
vn -0.7869 0.6001 0.1441
vn -0.5353 0.2851 0.7951
vn -0.5597 0.2749 0.7818
vn -0.4949 0.3498 0.7954
vn -0.4565 0.3630 0.8123
vn 0.5573 0.3218 -0.7654
vn 0.5760 0.3083 -0.7571
vn 0.5808 0.3122 -0.7518
vn 0.5673 0.3291 -0.7549
vn 0.8340 0.5070 -0.2179
vn 0.8358 0.4981 -0.2310
vn 0.7520 0.4704 0.4617
vn 0.7767 0.4668 0.4229
vn 0.7306 0.4350 0.5263
vn 0.7258 0.4382 0.5303
vn -0.5758 0.5894 -0.5666
vn -0.5867 0.6835 -0.4343
vn -0.6640 0.6051 -0.4393
vn -0.6894 0.5383 -0.4848
vn 0.6940 0.4176 0.5865
vn 0.6874 0.4158 0.5955
vn 0.5157 0.3114 -0.7982
vn 0.2102 0.2217 -0.9522
vn 0.2173 0.2674 -0.9388
vn 0.5142 0.3250 -0.7937
vn -0.0462 0.1359 -0.9896
vn -0.0516 0.2013 -0.9782
vn -0.5566 0.4460 0.7009
vn -0.6882 0.7139 0.1294
vn -0.3557 0.3317 -0.8737
vn -0.6410 0.4777 -0.6008
vn -0.7238 0.4147 -0.5515
vn -0.4638 0.3066 -0.8312
vn -0.6367 0.6455 0.4218
vn -0.5530 0.7528 -0.3569
vn -0.2526 0.3530 0.9009
vn -0.0000 0.3613 0.9325
vn -0.1986 0.3687 0.9081
vn -0.4330 0.3532 0.8293
vn -0.4390 0.3485 0.8282
vn 0.4246 0.3113 0.8502
vn 0.2312 0.3445 0.9099
vn -0.5945 0.2952 0.7479
vn -0.6014 0.4837 0.6359
vn -0.5497 0.2852 0.7851
vn -0.5106 0.2874 0.8104
vn -0.4809 0.2755 0.8323
vn -0.5525 0.2470 0.7961
vn -0.6055 0.2394 0.7590
vn -0.5992 0.2825 0.7491
vn -0.4579 0.3094 0.8334
vn -0.3985 0.3446 0.8500
vn -0.4025 0.3150 0.8595
vn -0.4491 0.3151 0.8361
vn 0.6956 0.4274 0.5775
vn 0.6902 0.4204 0.5890
vn 0.7021 0.4298 0.5677
vn 0.7304 0.4227 0.5366
vn -0.6428 0.2585 0.7211
vn -0.7367 0.3698 0.5662
vn -0.0693 0.2152 -0.9741
vn -0.0752 0.2408 -0.9677
vn -0.8014 0.4394 -0.4058
vn -0.6118 0.5376 -0.5802
vn -0.6861 0.4637 -0.5606
vn -0.7582 0.5035 -0.4142
vn 0.6068 0.3932 0.6908
vn 0.6168 0.4774 0.6258
vn 0.5018 0.3788 0.7776
vn -0.7321 0.6729 0.1057
vn -0.8258 0.5615 0.0521
vn -0.4188 0.3545 0.8361
vn -0.4459 0.2881 0.8475
vn -0.4093 0.2961 0.8630
vn -0.8329 0.5498 -0.0626
vn 0.5609 0.3821 -0.7344
vn 0.5497 0.3690 -0.7494
vn 0.5598 0.4488 -0.6966
vn 0.5202 0.4802 -0.7062
vn 0.7720 0.5866 -0.2449
vn 0.8108 0.5278 -0.2531
vn -0.0564 0.2225 -0.9733
vn -0.0529 0.2908 -0.9553
vn 0.2077 0.3404 -0.9171
vn 0.3646 0.3156 -0.8760
vn 0.6130 0.3488 -0.7089
vn 0.5297 0.3686 -0.7639
vn 0.7828 0.4898 0.3838
vn 0.7892 0.5059 0.3482
vn 0.7375 0.4774 0.4777
vn 0.7346 0.4479 0.5096
vn -0.4317 0.3119 0.8464
vn 0.0095 0.3381 0.9410
vn -0.0020 0.3498 0.9368
vn -0.4180 0.3220 0.8495
vn -0.4307 0.2970 0.8522
vn -0.4721 0.3241 -0.8198
vn -0.7778 0.3742 -0.5049
vn -0.8127 0.3418 -0.4718
vn -0.4767 0.3012 -0.8258
vn 0.6980 0.4586 0.5501
vn 0.7104 0.4397 0.5495
vn 0.4378 0.3071 0.8450
vn 0.4732 0.3242 0.8191
vn -0.7026 0.2880 0.6507
vn -0.8142 0.4484 0.3688
vn -0.7062 0.5393 -0.4586
vn -0.6656 0.2684 0.6963
vn -0.6067 0.2489 0.7550
vn -0.5438 0.2678 0.7953
vn -0.6030 0.2679 0.7514
vn -0.5332 0.2641 0.8037
vn -0.4314 0.2809 0.8573
vn -0.4458 0.3058 0.8413
vn -0.5120 0.2790 0.8124
vn -0.7464 0.5444 -0.3829
vn -0.7653 0.4763 -0.4329
vn -0.3662 0.8782 -0.3078
vn -0.7177 0.5928 -0.3654
vn -0.4143 0.2976 0.8601
vn -0.4274 0.3087 0.8497
vn -0.4271 0.3206 0.8455
vn -0.4232 0.3318 0.8431
vn -0.4303 0.2773 0.8590
vn -0.4169 0.3607 0.8343
vn -0.4370 0.3379 0.8336
vn -0.0771 0.2134 -0.9739
vn -0.0814 0.4657 -0.8812
vn 0.6804 0.3925 0.6189
vn 0.6965 0.4033 0.5935
vn 0.7147 0.4067 0.5690
vn 0.7078 0.3854 0.5921
vn 0.6845 0.3329 0.6485
vn 0.6141 0.3608 0.7019
vn 0.4555 0.3139 0.8331
vn 0.7154 0.4546 0.5305
vn 0.7497 0.4192 0.5121
vn -0.6950 0.6452 -0.3173
vn -0.7315 0.5310 0.4276
vn -0.6048 0.7912 0.0910
vn -0.4376 0.8303 -0.3451
vn -0.4174 0.4747 -0.7748
vn -0.7004 0.5783 -0.4183
vn -0.3759 0.8841 -0.2776
vn -0.4075 0.7536 -0.5158
vn -0.0576 0.1787 -0.9822
vn -0.0841 0.4245 -0.9015
vn 0.1133 0.3862 -0.9154
vn 0.2534 0.3590 -0.8983
vn 0.5054 0.4519 -0.7350
vn 0.2495 0.6769 -0.6924
vn 0.1251 0.8235 -0.5533
vn 0.5511 0.4918 -0.6741
vn -0.4968 0.4630 0.7341
vn -0.4191 0.4987 0.7587
vn -0.4199 0.8480 0.3235
vn -0.5025 0.7573 -0.4172
vn -0.7132 0.6211 -0.3249
vn -0.2726 0.9413 -0.1993
vn -0.3484 0.8887 -0.2980
vn -0.4434 0.8675 -0.2256
vn -0.1670 0.9447 -0.2823
vn -0.0986 0.9014 -0.4216
vn -0.0702 0.8210 -0.5666
vn -0.4406 0.5107 0.7382
vn -0.4580 0.4927 0.7399
vn -0.4557 0.8264 0.3308
vn -0.4308 0.8355 0.3411
vn -0.0548 0.8047 -0.5912
vn 0.5153 0.5139 -0.6859
vn 0.1336 0.8215 -0.5543
vn 0.4071 0.8433 -0.3509
vn 0.6712 0.7162 -0.1913
vn -0.0791 0.8862 -0.4564
vn -0.1691 0.9059 -0.3882
vn -0.4113 0.3482 0.8424
vn -0.0853 0.3768 0.9224
vn -0.0038 0.5421 0.8403
vn -0.2259 0.5310 0.8167
vn -0.4472 0.5180 0.7291
vn -0.2222 0.9655 -0.1358
vn -0.2377 0.9298 -0.2811
vn -0.2483 0.9132 -0.3231
vn -0.2507 0.9514 -0.1789
vn -0.2217 0.9584 -0.1798
vn -0.2422 0.9523 -0.1857
vn -0.1601 0.9408 -0.2988
vn -0.2430 0.7883 -0.5653
vn -0.3478 0.9124 -0.2156
vn -0.2704 0.9392 -0.2115
vn -0.3066 0.9250 -0.2244
vn 0.4242 0.5788 0.6965
vn -0.4588 0.5136 0.7251
vn -0.4359 0.8383 0.3274
vn -0.4517 0.8263 0.3365
vn -0.1656 0.9461 -0.2784
vn -0.2079 0.9585 -0.1949
vn -0.1720 0.9526 -0.2508
vn -0.1303 0.9600 -0.2478
vn -0.1133 0.9343 -0.3381
vn -0.1389 0.9080 -0.3952
vn -0.0766 0.8922 -0.4451
vn -0.1537 0.9001 -0.4076
vn -0.0807 0.9053 -0.4171
vn 0.4634 0.8753 -0.1382
vn -0.1585 0.9480 -0.2760
vn 0.0731 0.9842 -0.1613
vn 0.8090 0.4799 0.3395
vn 0.6859 0.6983 0.2046
vn 0.7232 0.5309 0.4417
vn 0.7498 0.4354 0.4982
vn -0.2512 0.9394 -0.2334
vn -0.2385 0.9056 -0.3508
vn -0.1835 0.8830 -0.4320
vn -0.2171 0.9354 -0.2793
vn -0.2994 0.9278 -0.2227
vn -0.2494 0.9185 -0.3067
vn 0.7354 0.4271 0.5261
vn 0.7173 0.5105 0.4742
vn -0.1762 0.9503 -0.2567
vn -0.1675 0.9355 -0.3110
vn -0.0447 0.9715 -0.2328
vn -0.1569 0.9391 -0.3058
vn -0.1964 0.9172 -0.3467
vn -0.0280 0.9849 -0.1709
vn 0.0761 0.9855 -0.1515
vn 0.6782 0.5180 0.5213
vn 0.6840 0.5308 0.5004
vn 0.5060 0.8217 0.2623
vn 0.4652 0.8491 0.2501
vn 0.4785 0.8507 0.2174
vn 0.7209 0.5168 0.4618
vn 0.1828 0.9161 0.3569
vn 0.1693 0.9772 -0.1278
vn 0.3373 0.9376 0.0841
vn 0.4158 0.8999 0.1312
vn 0.4093 0.8974 0.1647
vn -0.1351 0.9804 -0.1432
vn -0.2413 0.9196 0.3100
vn 0.3350 -0.9337 0.1267
vn 0.7656 -0.0592 -0.6406
vn -0.2366 -0.9484 -0.2112
vt 0.495854 0.727901
vt 0.494084 0.728803
vt 0.494239 0.727817
vt 0.418258 0.332074
vt 0.418579 0.333853
vt 0.386498 0.337938
vt 0.386274 0.336741
vt 0.386206 0.307237
vt 0.530402 0.713010
vt 0.519450 0.746637
vt 0.515678 0.755547
vt 0.495060 0.730206
vt 0.491484 0.730482
vt 0.513518 0.756852
vt 0.491957 0.773418
vt 0.472337 0.745361
vt 0.180471 0.858951
vt 0.172420 0.877118
vt 0.170090 0.877129
vt 0.470582 0.713010
vt 0.491703 0.728611
vt 0.491918 0.727909
vt 0.153858 0.858698
vt 0.167795 0.878317
vt 0.132183 0.880473
vt 0.418950 0.336685
vt 0.393283 0.365921
vt 0.386902 0.340554
vt 0.348589 0.343056
vt 0.354277 0.369554
vt 0.318750 0.379951
vt 0.317313 0.356615
vt 0.317216 0.354488
vt 0.347734 0.340193
vt 0.346881 0.337506
vt 0.316656 0.353276
vt 0.598174 0.305023
vt 0.592966 0.340812
vt 0.564048 0.345723
vt 0.318061 0.302430
vt 0.343319 0.308973
vt 0.552042 0.750746
vt 0.565068 0.715471
vt 0.001042 0.593578
vt 0.042442 0.578201
vt 0.049119 0.608829
vt 0.002096 0.625766
vt 0.504566 0.559420
vt 0.502251 0.591063
vt 0.478985 0.593700
vt 0.486803 0.559431
vt 0.550282 0.761026
vt 0.484686 0.560676
vt 0.504328 0.531242
vt 0.476615 0.594892
vt 0.448415 0.589716
vt 0.462113 0.557840
vt 0.520389 0.788841
vt 0.486208 0.808219
vt 0.349771 0.278715
vt 0.136986 0.018265
vt 0.133870 0.018265
vt 0.133977 0.013897
vt 0.093607 0.009132
vt 0.088191 0.006863
vt 0.090861 0.004543
vt 0.093607 0.002334
vt 0.012621 0.018617
vt 0.012621 0.012476
vt 0.015288 0.017050
vt 0.017948 0.021627
vt 0.015004 0.022831
vt 0.394825 0.278715
vt 0.616118 0.691781
vt 0.641393 0.653564
vt 0.661403 0.682731
vt 0.141553 0.126692
vt 0.139139 0.132420
vt 0.137414 0.126692
vt 0.955578 0.354946
vt 0.963470 0.384312
vt 0.930728 0.403594
vt 0.926344 0.377924
vt 0.925716 0.376472
vt 0.001923 0.212958
vt 0.002154 0.207953
vt 0.002131 0.213014
vt 0.001923 0.219178
vt 0.640294 0.652402
vt 0.647433 0.619229
vt 0.803016 0.855494
vt 0.821918 0.831255
vt 0.808517 0.858287
vt 0.804866 0.891608
vt 0.802710 0.891502
vt 0.775532 0.883395
vt 0.002711 0.115550
vt 0.006675 0.112601
vt 0.006421 0.116386
vt 0.006849 0.121005
vt 0.690639 0.585074
vt 0.690501 0.619024
vt 0.688910 0.653904
vt 0.536529 0.084953
vt 0.580737 0.086173
vt 0.576635 0.118274
vt 0.543447 0.126273
vt 0.512778 0.134850
vt 0.506680 0.101439
vt 0.690639 0.689017
vt 0.810392 0.859175
vt 0.807115 0.892346
vt 0.806479 0.893344
vt 0.804586 0.893407
vt 0.802773 0.892930
vt 0.774929 0.886230
vt 0.800789 0.894535
vt 0.791970 0.906906
vt 0.761227 0.897929
vt 0.886986 0.875899
vt 0.885884 0.894977
vt 0.850466 0.893842
vt 0.851395 0.874273
vt 0.851883 0.872775
vt 0.885965 0.875455
vt 0.774306 0.885190
vt 0.803519 0.894988
vt 0.806451 0.894085
vt 0.814082 0.908067
vt 0.627797 0.980558
vt 0.646816 0.978891
vt 0.645885 0.980160
vt 0.645920 0.981735
vt 0.816421 0.873057
vt 0.076661 0.230459
vt 0.088943 0.192550
vt 0.095203 0.227376
vt 0.087294 0.251784
vt 0.075264 0.256271
vt 0.073517 0.257089
vt 0.075111 0.230184
vt 0.816908 0.871567
vt 0.924328 0.379779
vt 0.928934 0.405337
vt 0.926751 0.405827
vt 0.923236 0.380025
vt 0.922991 0.378933
vt 0.924392 0.378199
vt 0.002283 0.213015
vt 0.934878 0.340908
vt 0.924456 0.376618
vt 0.923119 0.375772
vt 0.904884 0.377680
vt 0.139269 0.157365
vt 0.136682 0.162100
vt 0.136682 0.157283
vt 0.136868 0.151405
vt 0.132420 0.070776
vt 0.130560 0.067074
vt 0.132321 0.066892
vt 0.132420 0.066795
vt 0.132117 0.064172
vt 0.084475 0.003278
vt 0.081756 0.006849
vt 0.081756 0.002893
vt 0.082067 0.000094
vt 0.050892 0.268836
vt 0.072718 0.230870
vt 0.072218 0.257979
vt 0.789954 0.622793
vt 0.788034 0.646715
vt 0.764737 0.625638
vt 0.777042 0.607838
vt 0.788120 0.589809
vt 0.134555 0.062184
vt 0.139269 0.062184
vt 0.137428 0.064257
vt 0.134980 0.065420
vt 0.021123 0.263478
vt 0.047216 0.245532
vt 0.039684 0.224904
vt 0.015405 0.244365
vt 0.830029 0.838761
vt 0.816421 0.810746
vt 0.851547 0.813812
vt 0.873402 0.845656
vt 0.787969 0.648013
vt 0.787650 0.650987
vt 0.763987 0.630063
vt 0.764397 0.628490
vt 0.923055 0.377353
vt 0.905287 0.381781
vt 0.905341 0.380139
vt 0.633995 0.954588
vt 0.639109 0.922069
vt 0.687226 0.948851
vt 0.628573 0.978058
vt 0.821918 0.908676
vt 0.899897 0.468818
vt 0.898248 0.469752
vt 0.897105 0.468517
vt 0.898309 0.467984
vt 0.898214 0.467104
vt 0.899357 0.466861
vt 0.924820 0.466069
vt 0.925416 0.468433
vt 0.926618 0.470680
vt 0.898921 0.493151
vt 0.210949 0.500468
vt 0.210868 0.493412
vt 0.213877 0.497245
vt 0.216895 0.501483
vt 0.213649 0.504566
vt 0.079317 0.006849
vt 0.079479 0.003350
vt 0.079679 0.003348
vt 0.109019 0.007352
vt 0.109527 0.002502
vt 0.109375 0.007160
vt 0.109409 0.011310
vt 0.109176 0.011416
vt 0.002402 0.013699
vt 0.001693 0.008522
vt 0.007163 0.012132
vt 0.216895 0.494655
vt 0.960393 0.408676
vt 0.905532 0.382873
vt 0.909047 0.408676
vt 0.552511 0.964130
vt 0.552203 0.990052
vt 0.524332 0.990868
vt 0.524585 0.963960
vt 0.524423 0.961475
vt 0.552440 0.963019
vt 0.143200 0.213623
vt 0.139586 0.224941
vt 0.150597 0.268836
vt 0.786706 0.664384
vt 0.730180 0.683790
vt 0.761282 0.639495
vt 0.896670 0.467504
vt 0.895498 0.448489
vt 0.897298 0.449480
vt 0.899725 0.449329
vt 0.109589 0.007300
vt 0.347032 0.616438
vt 0.320976 0.616080
vt 0.320370 0.614127
vt 0.317465 0.599853
vt 0.072054 0.001110
vt 0.077626 0.000244
vt 0.074272 0.003254
vt 0.874110 0.466463
vt 0.873246 0.447138
vt 0.109589 0.011293
vt 0.009392 0.009567
vt 0.004572 0.006503
vt 0.007446 0.003539
vt 0.011416 0.006801
vt 0.279376 0.151587
vt 0.268766 0.179119
vt 0.247718 0.174501
vt 0.259275 0.145472
vt 0.119448 0.109589
vt 0.121213 0.107097
vt 0.123288 0.109589
vt 0.010052 0.013699
vt 0.776642 0.587463
vt 0.118721 0.102154
vt 0.118721 0.107306
vt 0.118032 0.103489
vt 0.961578 0.872803
vt 0.971019 0.880049
vt 0.947025 0.886275
vt 0.939907 0.882824
vt 0.933069 0.877513
vt 0.948725 0.863213
vt 0.963072 0.850662
vt 0.974886 0.858356
vt 0.736404 0.622459
vt 0.735375 0.623786
vt 0.972215 0.880993
vt 0.972700 0.882688
vt 0.947486 0.889417
vt 0.947262 0.887569
vt 0.117945 0.103673
vt 0.894490 0.421553
vt 0.896655 0.421245
vt 0.925740 0.418889
vt 0.926941 0.447823
vt 0.730180 0.631796
vt 0.503470 0.661370
vt 0.507991 0.721461
vt 0.472358 0.712511
vt 0.445236 0.698303
vt 0.474404 0.649865
vt 0.974886 0.893253
vt 0.948305 0.898745
vt 0.592909 0.373727
vt 0.595189 0.340786
vt 0.597351 0.341310
vt 0.175298 0.481412
vt 0.208048 0.480427
vt 0.207611 0.506153
vt 0.173594 0.506989
vt 0.165513 0.506353
vt 0.167216 0.480778
vt 0.590759 0.381530
vt 0.589688 0.381235
vt 0.590454 0.373332
vt 0.588889 0.373180
vt 0.586737 0.381062
vt 0.559871 0.400863
vt 0.559906 0.386029
vt 0.504566 0.626502
vt 0.001042 0.658545
vt 0.055585 0.640554
vt 0.062025 0.671233
vt 0.227169 0.621005
vt 0.170575 0.603211
vt 0.223411 0.591265
vt 0.627854 0.627032
vt 0.600694 0.619364
vt 0.580295 0.573173
vt 0.330114 0.584475
vt 0.372694 0.538870
vt 0.365016 0.574164
vt 0.472224 0.632420
vt 0.469085 0.632078
vt 0.367731 0.573912
vt 0.377413 0.539998
vt 0.396830 0.541815
vt 0.393735 0.577106
vt 0.442976 0.629014
vt 0.962026 0.462450
vt 0.971601 0.444874
vt 0.974886 0.441865
vt 0.974104 0.465476
vt 0.974886 0.476696
vt 0.960285 0.473336
vt 0.942542 0.468334
vt 0.815762 0.937227
vt 0.797884 0.946948
vt 0.796344 0.935697
vt 0.804256 0.913891
vt 0.822129 0.918255
vt 0.138133 0.067358
vt 0.147958 0.049729
vt 0.147942 0.046730
vt 0.150685 0.047448
vt 0.150685 0.050228
vt 0.434133 0.452778
vt 0.458904 0.455683
vt 0.454966 0.468897
vt 0.432437 0.464611
vt 0.419119 0.448292
vt 0.115726 0.013298
vt 0.116438 0.015982
vt 0.114985 0.015982
vt 0.135747 0.068493
vt 0.942200 0.849468
vt 0.143836 0.074509
vt 0.139976 0.075342
vt 0.140327 0.070838
vt 0.143511 0.070838
vt 0.163195 0.043379
vt 0.160707 0.027837
vt 0.172981 0.027328
vt 0.021945 0.016637
vt 0.025782 0.012692
vt 0.025729 0.016985
vt 0.025796 0.022448
vt 0.021945 0.022831
vt 0.126803 0.070137
vt 0.130137 0.073803
vt 0.126803 0.077626
vt 0.528720 0.393252
vt 0.243856 0.372043
vt 0.233595 0.392719
vt 0.210063 0.365254
vt 0.215224 0.334402
vt 0.248322 0.341097
vt 0.295397 0.351421
vt 0.087824 0.000211
vt 0.121365 0.106991
vt 0.121080 0.104101
vt 0.121235 0.104124
vt 0.139034 0.043035
vt 0.139623 0.018614
vt 0.140914 0.019032
vt 0.139751 0.043887
vt 0.128958 0.066210
vt 0.079317 0.000155
vt 0.079909 0.003235
vt 0.586836 0.382632
vt 0.587947 0.382641
vt 0.590342 0.383046
vt 0.587306 0.385073
vt 0.560068 0.404001
vt 0.559970 0.402432
vt 0.165649 0.480625
vt 0.163838 0.507309
vt 0.161361 0.507048
vt 0.163970 0.481572
vt 0.891010 0.839667
vt 0.888552 0.839379
vt 0.897585 0.801755
vt 0.900769 0.802054
vt 0.902899 0.802767
vt 0.895125 0.838933
vt 0.887279 0.860280
vt 0.367413 0.972953
vt 0.384591 0.945849
vt 0.387125 0.947779
vt 0.388205 0.949134
vt 0.369049 0.974503
vt 0.383315 0.984018
vt 0.404279 0.960384
vt 0.420919 0.971476
vt 0.273680 0.369784
vt 0.311903 0.378068
vt 0.286890 0.392630
vt 0.257783 0.404545
vt 0.241287 0.378493
vt 0.868304 0.833733
vt 0.875830 0.796883
vt 0.298731 0.599959
vt 0.305413 0.616438
vt 0.159817 0.045285
vt 0.157101 0.025026
vt 0.282180 0.610301
vt 0.288155 0.600242
vt 0.283670 0.572095
vt 0.292577 0.570573
vt 0.311177 0.566514
vt 0.943523 0.724029
vt 0.948078 0.728283
vt 0.941527 0.730594
vt 0.203247 0.883729
vt 0.203549 0.877468
vt 0.209449 0.877468
vt 0.206468 0.884382
vt 0.205019 0.886229
vt 0.201105 0.885318
vt 0.943943 0.721639
vt 0.948361 0.719952
vt 0.947941 0.722342
vt 0.960686 0.722246
vt 0.961155 0.720785
vt 0.160289 0.022715
vt 0.160907 0.021254
vt 0.172471 0.022697
vt 0.171854 0.024158
vt 0.961187 0.727193
vt 0.018265 0.015687
vt 0.197043 0.279719
vt 0.167911 0.229937
vt 0.200352 0.223991
vt 0.233676 0.231103
vt 0.227675 0.288842
vt 0.106604 0.621484
vt 0.113014 0.652247
vt 0.160409 0.553983
vt 0.157846 0.554795
vt 0.123556 0.553387
vt 0.128376 0.509083
vt 0.130175 0.484655
vt 0.598174 0.408221
vt 0.541476 0.603291
vt 0.563846 0.628894
vt 0.541358 0.638421
vt 0.518420 0.646119
vt 0.929407 0.002237
vt 0.972603 0.013106
vt 0.951840 0.028543
vt 0.945397 0.030778
vt 0.513509 0.594336
vt 0.537533 0.593450
vt 0.566699 0.573576
vt 0.569044 0.590329
vt 0.571926 0.590374
vt 0.354898 0.535457
vt 0.371949 0.535408
vt 0.373058 0.537338
vt 0.575112 0.592251
vt 0.567549 0.627609
vt 0.565715 0.628380
vt 0.909188 0.842254
vt 0.915224 0.808305
vt 0.918469 0.828807
vt 0.919529 0.846593
vt 0.922374 0.869491
vt 0.917351 0.869863
vt 0.367413 0.923468
vt 0.387299 0.936126
vt 0.027397 0.016846
vt 0.136126 0.040475
vt 0.133689 0.041096
vt 0.133806 0.035550
vt 0.136059 0.035458
vt 0.136986 0.035913
vt 0.136986 0.040998
vt 0.466632 0.166667
vt 0.464389 0.164869
vt 0.471951 0.149750
vt 0.474603 0.151102
vt 0.479452 0.153334
vt 0.431041 0.469292
vt 0.456132 0.472572
vt 0.455646 0.474552
vt 0.432057 0.473132
vt 0.419119 0.488585
vt 0.141553 0.013699
vt 0.140084 0.009636
vt 0.140646 0.009237
vt 0.141553 0.008958
vt 0.942725 0.719844
vt 0.201307 0.887026
vt 0.205462 0.888077
vt 0.209113 0.903440
vt 0.203223 0.904110
vt 0.198183 0.904078
vt 0.197030 0.886374
vt 0.947143 0.718157
vt 0.960452 0.718463
vt 0.949012 0.698522
vt 0.961187 0.698798
vt 0.131004 0.076454
vt 0.132420 0.078872
vt 0.131004 0.079909
vt 0.160565 0.018769
vt 0.178082 0.000827
vt 0.173174 0.020567
vt 0.942718 0.892663
vt 0.207922 0.885017
vt 0.214612 0.884046
vt 0.208552 0.887182
vt 0.206651 0.887774
vt 0.206318 0.886806
vt 0.293362 0.404111
vt 0.317548 0.389131
vt 0.318664 0.392032
vt 0.295819 0.407574
vt 0.269122 0.419463
vt 0.266864 0.416348
vt 0.827235 0.227882
vt 0.827652 0.214032
vt 0.853738 0.213055
vt 0.853742 0.222284
vt 0.854116 0.223956
vt 0.827338 0.229507
vt 0.589094 0.120575
vt 0.590203 0.119070
vt 0.621460 0.132163
vt 0.619978 0.134106
vt 0.605285 0.149661
vt 0.799161 0.211707
vt 0.829440 0.185299
vt 0.802090 0.178175
vt 0.357445 0.440639
vt 0.329773 0.431774
vt 0.347372 0.411373
vt 0.371575 0.422418
vt 0.833907 0.163165
vt 0.858447 0.168285
vt 0.857295 0.188825
vt 0.857817 0.221209
vt 0.858356 0.215602
vt 0.152834 0.279867
vt 0.157549 0.272980
vt 0.158674 0.273717
vt 0.154778 0.280097
vt 0.154352 0.280944
vt 0.153226 0.281042
vt 0.858084 0.222697
vt 0.164384 0.253126
vt 0.155023 0.268543
vt 0.160950 0.247165
vt 0.004566 0.077626
vt 0.003118 0.076901
vt 0.004566 0.072005
vt 0.000198 0.077626
vt 0.000198 0.070159
vt 0.002283 0.071610
vt 0.239378 0.153800
vt 0.244292 0.173516
vt 0.240500 0.172197
vt 0.236668 0.153494
vt 0.232160 0.132674
vt 0.176956 0.023535
vt 0.177162 0.022432
vt 0.282944 0.785649
vt 0.283640 0.784750
vt 0.285686 0.786475
vt 0.284638 0.787550
vt 0.284807 0.790799
vt 0.136621 0.034386
vt 0.178082 0.026705
vt 0.576504 0.622465
vt 0.600872 0.646119
vt 0.922374 0.795903
vt 0.575157 0.632777
vt 0.240026 0.952926
vt 0.231895 0.969817
vt 0.230456 0.967865
vt 0.237677 0.952684
vt 0.238938 0.951149
vt 0.240367 0.950644
vt 0.249071 0.943365
vt 0.127669 0.134703
vt 0.129140 0.131092
vt 0.129653 0.131347
vt 0.260274 0.954831
vt 0.249139 0.972004
vt 0.132420 0.134703
vt 0.131346 0.127719
vt 0.260825 0.440639
vt 0.236736 0.427486
vt 0.265861 0.426861
vt 0.301311 0.419705
vt 0.286360 0.437325
vt 0.643836 0.165791
vt 0.619702 0.164322
vt 0.632031 0.140427
vt 0.224388 0.986301
vt 0.327697 0.398058
vt 0.129869 0.143487
vt 0.132420 0.143487
vt 0.131644 0.146119
vt 0.605815 0.186073
vt 0.633363 0.138289
vt 0.643400 0.143619
vt 0.827525 0.231138
vt 0.854869 0.225538
vt 0.855407 0.243673
vt 0.827725 0.248858
vt 0.591427 0.117647
vt 0.598199 0.099804
vt 0.630467 0.113633
vt 0.622509 0.130895
vt 0.959580 0.477873
vt 0.974181 0.481233
vt 0.974784 0.484520
vt 0.960183 0.481159
vt 0.942571 0.476148
vt 0.941886 0.472878
vt 0.858447 0.223694
vt 0.153482 0.282048
vt 0.155635 0.282504
vt 0.160676 0.298128
vt 0.159565 0.298630
vt 0.154680 0.299392
vt 0.145921 0.284059
vt 0.457991 0.161210
vt 0.141553 0.006849
vt 0.139883 0.005987
vt 0.141553 0.002053
vt 0.282944 0.803653
vt 0.289081 0.793069
vt 0.002283 0.000792
vt 0.002283 0.004566
vt 0.000601 0.003889
vt 0.000177 0.000356
vt 0.114155 0.615246
vt 0.111472 0.613727
vt 0.113291 0.607384
vt 0.459998 0.144155
vt 0.465728 0.146961
vt 0.469375 0.129445
vt 0.461672 0.126832
vt 0.141391 0.133667
vt 0.143112 0.133133
vt 0.143836 0.136986
vt 0.093607 0.971314
vt 0.076334 0.972281
vt 0.079192 0.962466
vt 0.083352 0.954805
vt 0.434703 0.480053
vt 0.941540 0.904110
vt 0.462045 0.649026
vt 0.436419 0.693473
vt 0.433546 0.693214
vt 0.459154 0.646930
vt 0.211847 0.895663
vt 0.209378 0.896333
vt 0.526461 0.425799
vt 0.206455 0.365196
vt 0.180403 0.394977
vt 0.203737 0.363984
vt 0.211311 0.333004
vt 0.213700 0.333881
vt 0.256596 0.312294
vt 0.222570 0.305766
vt 0.725459 0.479013
vt 0.718752 0.445737
vt 0.743678 0.445875
vt 0.752696 0.479961
vt 0.727532 0.521689
vt 0.304795 0.315702
vt 0.536838 0.591817
vt 0.929407 0.066210
vt 0.946143 0.033422
vt 0.946499 0.036850
vt 0.136129 0.003726
vt 0.136986 0.006849
vt 0.136032 0.003737
vt 0.136840 0.000365
vt 0.136986 0.000456
vt 0.566149 0.570948
vt 0.410759 0.936585
vt 0.410219 0.934762
vt 0.867671 0.928844
vt 0.865870 0.929579
vt 0.857940 0.920443
vt 0.859505 0.918479
vt 0.860810 0.917572
vt 0.869239 0.926882
vt 0.413042 0.938287
vt 0.424658 0.946378
vt 0.876712 0.916727
vt 0.867316 0.908626
vt 0.874868 0.899867
vt 0.054380 0.208782
vt 0.038301 0.204118
vt 0.046220 0.196849
vt 0.065068 0.184061
vt 0.238277 0.425465
vt 0.957607 0.032221
vt 0.957503 0.033553
vt 0.953941 0.033307
vt 0.233408 0.418552
vt 0.239046 0.949575
vt 0.962820 0.610243
vt 0.950978 0.611872
vt 0.962890 0.608813
vt 0.980865 0.606031
vt 0.981685 0.608320
vt 0.006849 0.050228
vt 0.006626 0.048812
vt 0.006849 0.048653
vt 0.237797 0.950072
vt 0.225644 0.934074
vt 0.226306 0.933431
vt 0.007467 0.041096
vt 0.007467 0.037333
vt 0.011416 0.038233
vt 0.960601 0.591525
vt 0.236314 0.951420
vt 0.229667 0.967010
vt 0.150685 0.068493
vt 0.147476 0.068493
vt 0.147476 0.064563
vt 0.150584 0.064646
vt 0.224388 0.934414
vt 0.004566 0.099964
vt 0.004304 0.102740
vt 0.004304 0.099900
vt 0.634079 0.136869
vt 0.639551 0.121059
vt 0.607374 0.946127
vt 0.607983 0.965275
vt 0.592437 0.964992
vt 0.590833 0.946766
vt 0.122959 0.015982
vt 0.122959 0.012426
vt 0.123288 0.012507
vt 0.157402 0.281402
vt 0.550707 0.671114
vt 0.557078 0.674904
vt 0.553349 0.676412
vt 0.527014 0.677362
vt 0.528128 0.668356
vt 0.529084 0.667669
vt 0.232971 0.152395
vt 0.234898 0.169319
vt 0.216652 0.168539
vt 0.215890 0.150567
vt 0.556133 0.690302
vt 0.533255 0.694028
vt 0.290932 0.790685
vt 0.291465 0.789072
vt 0.295800 0.790158
vt 0.295742 0.791345
vt 0.321064 0.721458
vt 0.316482 0.724277
vt 0.315224 0.722308
vt 0.290560 0.796498
vt 0.177566 0.020226
vt 0.027232 0.011415
vt 0.026309 0.008797
vt 0.027096 0.008775
vt 0.027397 0.008605
vt 0.284929 0.782849
vt 0.296041 0.767713
vt 0.287002 0.784546
vt 0.377218 0.537516
vt 0.374659 0.535100
vt 0.378208 0.535142
vt 0.397290 0.537115
vt 0.397134 0.538682
vt 0.120967 0.101549
vt 0.240009 0.188674
vt 0.241690 0.190896
vt 0.231232 0.184076
vt 0.762557 0.482290
vt 0.761309 0.480322
vt 0.004566 0.002283
vt 0.004438 0.002052
vt 0.004566 0.000579
vt 0.128958 0.000598
vt 0.272251 0.204871
vt 0.295662 0.169992
vt 0.484243 0.163031
vt 0.517518 0.164698
vt 0.295453 0.229969
vt 0.282656 0.255155
vt 0.258097 0.241315
vt 0.405946 0.928669
vt 0.384643 0.925062
vt 0.404438 0.921421
vt 0.859917 0.933916
vt 0.854052 0.940537
vt 0.849976 0.931017
vt 0.853972 0.925145
vt 0.292879 0.787137
vt 0.029680 0.017886
vt 0.029680 0.020548
vt 0.028711 0.020351
vt 0.321918 0.730231
vt 0.317330 0.748858
vt 0.310407 0.746496
vt 0.315599 0.728926
vt 0.296804 0.789211
vt 0.189359 0.350670
vt 0.162599 0.388742
vt 0.387776 0.040120
vt 0.437215 0.040288
vt 0.435510 0.084814
vt 0.375590 0.084613
vt 0.351126 0.083428
vt 0.162599 0.298833
vt 0.195345 0.321478
vt 0.971280 0.123998
vt 0.974886 0.142868
vt 0.939025 0.142775
vt 0.934226 0.125920
vt 0.929522 0.098454
vt 0.974886 0.093910
vt 0.167878 0.702107
vt 0.192537 0.713330
vt 0.170385 0.754048
vt 0.390191 0.496470
vt 0.420618 0.535690
vt 0.134281 0.002933
vt 0.154557 0.018385
vt 0.152762 0.006687
vt 0.761121 0.459885
vt 0.762347 0.451190
vt 0.952766 0.033950
vt 0.957085 0.035127
vt 0.955721 0.036040
vt 0.953098 0.035096
vt 0.007691 0.031127
vt 0.125571 0.109886
vt 0.125571 0.116438
vt 0.122919 0.114089
vt 0.950978 0.564516
vt 0.971843 0.562616
vt 0.981735 0.588630
vt 0.272349 0.644560
vt 0.227227 0.644947
vt 0.229305 0.614572
vt 0.272064 0.617620
vt 0.311269 0.619646
vt 0.312970 0.645112
vt 0.313886 0.676448
vt 0.272735 0.678455
vt 0.227227 0.680365
vt 0.121323 0.621005
vt 0.112294 0.594018
vt 0.150898 0.580088
vt 0.186864 0.566743
vt 0.070243 0.952272
vt 0.065932 0.961950
vt 0.058277 0.948536
vt 0.061879 0.938052
vt 0.963130 0.490868
vt 0.947347 0.487094
vt 0.315198 0.724883
vt 0.316364 0.727172
vt 0.314506 0.727034
vt 0.313354 0.726005
vt 0.311915 0.722004
vt 0.312999 0.721027
vt 0.307369 0.712002
vt 0.166667 0.727702
vt 0.166667 0.732877
vt 0.166022 0.727412
vt 0.165294 0.721267
vt 0.984018 0.296804
vt 0.976221 0.284225
vt 0.978113 0.284509
vt 0.980844 0.285020
vt 0.110433 0.613311
vt 0.110433 0.618721
vt 0.688566 0.979259
vt 0.689498 0.977989
vt 0.031963 0.004566
vt 0.031837 0.004460
vt 0.031958 0.000464
vt 0.005902 0.247440
vt 0.022828 0.281904
vt 0.019326 0.279568
vt 0.017736 0.278817
vt 0.271971 0.615131
vt 0.688770 0.981735
vt 0.132988 0.181031
vt 0.275779 0.522310
vt 0.250080 0.506683
vt 0.283972 0.480631
vt 0.308913 0.497514
vt 0.274145 0.531963
vt 0.925540 0.127136
vt 0.930754 0.143508
vt 0.927626 0.143836
vt 0.921601 0.127967
vt 0.918518 0.099159
vt 0.922168 0.099140
vt 0.524332 0.959903
vt 0.519723 0.961268
vt 0.519907 0.962771
vt 0.493896 0.963703
vt 0.493547 0.962257
vt 0.493258 0.959887
vt 0.519976 0.959887
vt 0.004182 0.322278
vt 0.004191 0.322499
vt 0.000247 0.322317
vt 0.552265 0.958959
vt 0.552350 0.961447
vt 0.004566 0.327338
vt 0.034956 0.850909
vt 0.054795 0.877690
vt 0.032014 0.893143
vt 0.011825 0.866134
vt 0.095265 0.851068
vt 0.099725 0.882565
vt 0.061778 0.884704
vt 0.050741 0.852396
vt 0.148402 0.057594
vt 0.148402 0.061644
vt 0.144967 0.061514
vt 0.000247 0.333333
vt 0.000333 0.327278
vt 0.000232 0.151587
vt 0.010288 0.137226
vt 0.029473 0.156226
vt 0.017020 0.169954
vt 0.816639 0.249689
vt 0.833333 0.268203
vt 0.823278 0.281356
vt 0.808551 0.263919
vt 0.972797 0.263544
vt 0.984018 0.252758
vt 0.983564 0.269523
vt 0.973783 0.281943
vt 0.954590 0.286747
vt 0.953924 0.263847
vt 0.162980 0.728831
vt 0.163969 0.720564
vt 0.313137 0.729179
vt 0.307369 0.747088
vt 0.231799 0.171871
vt 0.211547 0.173516
vt 0.673166 0.915923
vt 0.124216 0.140064
vt 0.127660 0.139178
vt 0.127753 0.142393
vt 0.123749 0.143836
vt 0.066210 0.297334
vt 0.029404 0.313533
vt 0.058847 0.266887
vt 0.042230 0.190474
vt 0.035533 0.198276
vt 0.033704 0.197022
vt 0.041006 0.188317
vt 0.058238 0.173430
vt 0.059460 0.175587
vt 0.033688 0.183307
vt 0.049600 0.168192
vt 0.025707 0.193027
vt 0.007871 0.183800
vt 0.892191 0.420810
vt 0.582889 0.864729
vt 0.584365 0.863484
vt 0.611330 0.870492
vt 0.610933 0.872018
vt 0.610373 0.874174
vt 0.582329 0.866887
vt 0.220206 0.305187
vt 0.218088 0.304193
vt 0.718992 0.443337
vt 0.718808 0.440955
vt 0.743822 0.441638
vt 0.743739 0.443351
vt 0.873246 0.417888
vt 0.077626 0.006849
vt 0.592747 0.844524
vt 0.574470 0.808223
vt 0.602227 0.821105
vt 0.629863 0.834573
vt 0.620045 0.854737
vt 0.072148 0.988584
vt 0.058277 0.987778
vt 0.060130 0.971211
vt 0.071630 0.974750
vt 0.143836 0.132840
vt 0.457991 0.126722
vt 0.169424 0.927538
vt 0.171880 0.927886
vt 0.000312 0.727310
vt 0.000408 0.725084
vt 0.050267 0.717200
vt 0.050171 0.719425
vt 0.050094 0.754673
vt 0.000235 0.762557
vt 0.132183 0.936073
vt 0.173625 0.927857
vt 0.196347 0.883288
vt 0.104686 0.789954
vt 0.097977 0.786722
vt 0.104911 0.786151
vt 0.000235 0.723518
vt 0.001012 0.694032
vt 0.055123 0.689184
vt 0.050095 0.715634
vt 0.363908 0.417808
vt 0.410089 0.415286
vt 0.093432 0.803992
vt 0.091956 0.844829
vt 0.041984 0.851447
vt 0.072443 0.807346
vt 0.094749 0.764618
vt 0.247717 0.554795
vt 0.208291 0.554348
vt 0.105023 0.781895
vt 0.097920 0.782220
vt 0.097862 0.777813
vt 0.105023 0.777497
vt 0.087555 0.515511
vt 0.105246 0.544580
vt 0.056340 0.577626
vt 0.039868 0.548609
vt 0.026936 0.518854
vt 0.001271 0.661078
vt 0.200846 0.295161
vt 0.298493 0.844749
vt 0.298493 0.809477
vt 0.322721 0.813122
vt 0.234912 0.601461
vt 0.226464 0.556701
vt 0.250895 0.555574
vt 0.257826 0.593139
vt 0.261637 0.611167
vt 0.722678 0.423383
vt 0.255453 0.289853
vt 0.277716 0.294524
vt 0.811057 0.961187
vt 0.818476 0.937616
vt 0.847998 0.959860
vt 0.135988 0.568095
vt 0.417424 0.721461
vt 0.022620 0.072307
vt 0.022831 0.077542
vt 0.022620 0.077538
vt 0.022459 0.077626
vt 0.403621 0.716432
vt 0.432647 0.692464
vt 0.453240 0.652273
vt 0.762557 0.441741
vt 0.282330 0.604387
vt 0.168089 0.558635
vt 0.143720 0.556257
vt 0.802388 0.279082
vt 0.816761 0.293234
vt 0.809212 0.310016
vt 0.797086 0.294767
vt 0.794384 0.278433
vt 0.064490 0.964843
vt 0.788771 0.294215
vt 0.279222 0.584485
vt 0.276483 0.550477
vt 0.295662 0.296233
vt 0.826854 0.920713
vt 0.861132 0.959274
vt 0.571100 0.205480
vt 0.547131 0.195936
vt 0.564956 0.181148
vt 0.581492 0.177898
vt 0.585217 0.201059
vt 0.836676 0.906723
vt 0.845590 0.897125
vt 0.811057 0.892129
vt 0.605023 0.185882
vt 0.590765 0.170042
vt 0.127695 0.082192
vt 0.126531 0.079097
vt 0.127854 0.079097
vt 0.025121 0.229997
vt 0.000232 0.237443
vt 0.020790 0.220476
vt 0.016467 0.210886
vt 0.829755 0.309135
vt 0.833333 0.319074
vt 0.811342 0.334348
vt 0.810902 0.324090
vt 0.170149 0.553626
vt 0.151297 0.856164
vt 0.113198 0.855156
vt 0.113753 0.807200
vt 0.153315 0.807212
vt 0.160843 0.806714
vt 0.159461 0.855764
vt 0.161978 0.554100
vt 0.387816 0.621789
vt 0.448516 0.584475
vt 0.420773 0.539497
vt 0.452055 0.542488
vt 0.006849 0.125571
vt 0.001168 0.125571
vt 0.001414 0.117667
vt 0.206621 0.200913
vt 0.137098 0.185559
vt 0.169804 0.156596
vt 0.201527 0.131837
vt 0.125571 0.577626
vt 0.392001 0.591016
vt 0.576597 0.994744
vt 0.574235 0.965273
vt 0.575763 0.965655
vt 0.578125 0.995126
vt 0.808434 0.775878
vt 0.808730 0.774336
vt 0.839267 0.769802
vt 0.838971 0.771344
vt 0.836694 0.794893
vt 0.806918 0.796418
vt 0.580346 0.995285
vt 0.577984 0.965814
vt 0.593846 0.995434
vt 0.808723 0.772116
vt 0.807735 0.758689
vt 0.838263 0.755156
vt 0.839260 0.767581
vt 0.607922 0.994945
vt 0.621005 0.964716
vt 0.620994 0.995434
vt 0.806120 0.744738
vt 0.805536 0.731707
vt 0.837117 0.730102
vt 0.837686 0.741080
vt 0.127854 0.015982
vt 0.124636 0.011362
vt 0.127854 0.008355
vt 0.007672 0.073858
vt 0.010165 0.068109
vt 0.010911 0.072799
vt 0.011416 0.077626
vt 0.001030 0.134703
vt 0.001030 0.127517
vt 0.004566 0.129767
vt 0.776070 0.555291
vt 0.808686 0.559025
vt 0.807808 0.585621
vt 0.776105 0.584775
vt 0.619016 0.072201
vt 0.643836 0.087083
vt 0.164384 0.331050
vt 0.011060 0.027327
vt 0.011060 0.022539
vt 0.011210 0.027302
vt 0.011344 0.031963
vt 0.017609 0.000913
vt 0.018265 0.007164
vt 0.017995 0.007274
vt 0.017370 0.007459
vt 0.011416 0.072783
vt 0.509460 0.636754
vt 0.949772 0.607174
vt 0.937126 0.641552
vt 0.940793 0.607153
vt 0.945568 0.572458
vt 0.002283 0.109589
vt 0.000200 0.103466
vt 0.002020 0.103061
vt 0.002283 0.103187
vt 0.011416 0.027238
vt 0.431044 0.691700
vt 0.445368 0.644567
vt 0.448762 0.646690
vt 0.297393 0.756967
vt 0.298126 0.759035
vt 0.245571 0.778539
vt 0.244554 0.775587
vt 0.242315 0.770580
vt 0.295718 0.751924
vt 0.426955 0.688987
vt 0.417542 0.680920
vt 0.289873 0.740487
vt 0.232625 0.757193
vt 0.225954 0.742887
vt 0.286903 0.726344
vt 0.407598 0.676632
vt 0.428399 0.628045
vt 0.437879 0.634630
vt 0.509460 0.716895
vt 0.000919 0.068329
vt 0.001668 0.061261
vt 0.005278 0.061227
vt 0.004982 0.068748
vt 0.918391 0.607792
vt 0.898057 0.607159
vt 0.898057 0.570816
vt 0.920843 0.572104
vt 0.161032 0.855858
vt 0.162413 0.806809
vt 0.164899 0.806904
vt 0.163561 0.854845
vt 0.421174 0.537845
vt 0.169467 0.756078
vt 0.198165 0.769054
vt 0.196997 0.771253
vt 0.195409 0.773973
vt 0.167878 0.758798
vt 0.006120 0.070646
vt 0.006253 0.062275
vt 0.006849 0.061968
vt 0.006849 0.070776
vt 0.285281 0.692690
vt 0.283434 0.695874
vt 0.224425 0.688048
vt 0.236734 0.684087
vt 0.257540 0.680115
vt 0.288741 0.686252
vt 0.026309 0.001361
vt 0.404443 0.674540
vt 0.285394 0.721827
vt 0.222684 0.738077
vt 0.222565 0.733236
vt 0.284677 0.719370
vt 0.312785 0.702918
vt 0.285740 0.706146
vt 0.223235 0.714089
vt 0.304182 0.680115
vt 0.029264 0.001246
vt 0.031963 0.010340
vt 0.030630 0.010988
vt 0.029264 0.011416
vt 0.494225 0.965874
vt 0.520548 0.965160
vt 0.519541 0.992069
vt 0.487828 0.993151
vt 0.710053 0.869231
vt 0.692931 0.877656
vt 0.679274 0.870631
vt 0.035353 0.898433
vt 0.047693 0.923620
vt 0.027812 0.904390
vt 0.026959 0.902538
vt 0.034085 0.896614
vt 0.621720 0.874821
vt 0.621159 0.876977
vt 0.676539 0.904110
vt 0.665510 0.902506
vt 0.711187 0.892567
vt 0.574470 0.892694
vt 0.221461 0.726752
vt 0.212299 0.675177
vt 0.010077 0.127854
vt 0.010077 0.120818
vt 0.013699 0.122754
vt 0.096412 0.007389
vt 0.097473 0.002916
vt 0.100457 0.003925
vt 0.100315 0.009132
vt 0.125396 0.001202
vt 0.125571 0.007108
vt 0.118753 0.009132
vt 0.118888 0.001202
vt 0.287462 0.540693
vt 0.279217 0.541064
vt 0.570942 0.896197
vt 0.574757 0.895018
vt 0.578926 0.912413
vt 0.767123 0.355213
vt 0.759556 0.374052
vt 0.755712 0.371200
vt 0.743588 0.364098
vt 0.747892 0.348367
vt 0.767123 0.323210
vt 0.309146 0.496194
vt 0.357065 0.494576
vt 0.357065 0.495782
vt 0.376712 0.531963
vt 0.179795 0.200961
vt 0.864343 0.769814
vt 0.862919 0.794354
vt 0.861792 0.817352
vt 0.368544 0.025796
vt 0.333164 0.034936
vt 0.355977 0.016262
vt 0.383562 0.000067
vt 0.805536 0.817145
vt 0.371060 0.812531
vt 0.347499 0.808768
vt 0.374731 0.772028
vt 0.378545 0.806974
vt 0.907683 0.076107
vt 0.352906 0.014335
vt 0.328432 0.030077
vt 0.322421 0.023826
vt 0.097856 0.002382
vt 0.096412 0.000224
vt 0.572557 0.004742
vt 0.625571 0.039571
vt 0.578114 0.054454
vt 0.577005 0.054353
vt 0.570339 0.004540
vt 0.917808 0.159281
vt 0.917430 0.161469
vt 0.880475 0.164088
vt 0.880854 0.161900
vt 0.885123 0.107733
vt 0.917193 0.107733
vt 0.624107 0.000929
vt 0.025952 0.901566
vt 0.025269 0.902780
vt 0.022494 0.901993
vt 0.024240 0.900229
vt 0.033299 0.895245
vt 0.002944 0.874053
vt 0.098406 0.894200
vt 0.125571 0.902209
vt 0.099114 0.896715
vt 0.060582 0.900607
vt 0.060538 0.897977
vt 0.868672 0.164299
vt 0.868293 0.166488
vt 0.866105 0.166109
vt 0.866484 0.163920
vt 0.631798 0.858874
vt 0.727113 0.350850
vt 0.742702 0.365549
vt 0.647260 0.844704
vt 0.633020 0.859934
vt 0.624206 0.874652
vt 0.622116 0.873295
vt 0.622797 0.875971
vt 0.622238 0.877258
vt 0.045967 0.763691
vt 0.046650 0.808699
vt 0.018582 0.810066
vt 0.010195 0.764161
vt 0.113198 0.771435
vt 0.152859 0.765804
vt 0.161556 0.766293
vt 0.164713 0.766553
vt 0.199772 0.778718
vt 0.199306 0.814294
vt 0.197840 0.855440
vt 0.671191 0.840533
vt 0.672023 0.840358
vt 0.677505 0.870851
vt 0.675235 0.870547
vt 0.669432 0.838652
vt 0.026387 0.904622
vt 0.023679 0.904111
vt 0.369905 0.120218
vt 0.436020 0.126017
vt 0.436302 0.160618
vt 0.366803 0.144768
vt 0.340635 0.143381
vt 0.137498 0.125571
vt 0.137498 0.121585
vt 0.139269 0.123557
vt 0.344653 0.119846
vt 0.326133 0.772584
vt 0.301298 0.768815
vt 0.300819 0.754219
vt 0.689658 0.055216
vt 0.714925 0.038207
vt 0.713183 0.063459
vt 0.333286 0.751340
vt 0.358735 0.751813
vt 0.352624 0.773714
vt 0.644860 0.822461
vt 0.654265 0.864160
vt 0.139921 0.150685
vt 0.138772 0.146795
vt 0.141553 0.146795
vt 0.099684 0.899184
vt 0.092095 0.931507
vt 0.060389 0.903954
vt 0.002944 0.926941
vt 0.127744 0.143614
vt 0.127854 0.143836
vt 0.051417 0.332101
vt 0.028131 0.314252
vt 0.019608 0.282786
vt 0.013482 0.009132
vt 0.012939 0.001191
vt 0.013363 0.001202
vt 0.013699 0.001191
vt 0.143643 0.011416
vt 0.143643 0.006845
vt 0.143836 0.011404
vt 0.091587 0.320241
vt 0.091378 0.317217
vt 0.135404 0.312961
vt 0.136360 0.315641
vt 0.137444 0.320052
vt 0.092684 0.325738
vt 0.035601 0.357306
vt 0.381279 0.751239
vt 0.870414 0.224640
vt 0.893706 0.215659
vt 0.897522 0.224007
vt 0.873734 0.231133
vt 0.600457 0.906130
vt 0.597668 0.914399
vt 0.623813 0.877308
vt 0.664473 0.902334
vt 0.662853 0.902059
vt 0.864688 0.767356
vt 0.832050 0.625571
vt 0.832558 0.623133
vt 0.836072 0.623356
vt 0.835679 0.624881
vt 0.930862 0.847032
vt 0.930458 0.843421
vt 0.954616 0.847032
vt 0.867580 0.793670
vt 0.864573 0.765283
vt 0.832628 0.622022
vt 0.807140 0.610766
vt 0.832934 0.609980
vt 0.836236 0.609717
vt 0.836143 0.622244
vt 0.644860 0.903131
vt 0.634903 0.861567
vt 0.131864 0.122745
vt 0.128258 0.123288
vt 0.128168 0.122978
vt 0.128168 0.115950
vt 0.132420 0.116539
vt 0.832955 0.596479
vt 0.807537 0.596641
vt 0.832948 0.584959
vt 0.835331 0.584237
vt 0.835176 0.596302
vt 0.832957 0.560946
vt 0.810015 0.536405
vt 0.008859 0.054795
vt 0.008859 0.045127
vt 0.012633 0.050477
vt 0.013291 0.050800
vt 0.834207 0.540268
vt 0.835173 0.560720
vt 0.065165 0.716727
vt 0.069635 0.751862
vt 0.127166 0.051648
vt 0.129050 0.050770
vt 0.130137 0.054794
vt 0.018265 0.011416
vt 0.889513 0.950859
vt 0.874412 0.925751
vt 0.890437 0.949928
vt 0.891086 0.952664
vt 0.889601 0.953885
vt 0.013346 0.049552
vt 0.013699 0.050197
vt 0.001914 0.098912
vt 0.892297 0.950589
vt 0.924658 0.946260
vt 0.904324 0.954622
vt 0.901696 0.955452
vt 0.892140 0.952628
vt 0.019083 0.280598
vt 0.016980 0.282209
vt 0.016798 0.279601
vt 0.002352 0.260648
vt 0.303653 0.962969
vt 0.299250 0.988584
vt 0.301001 0.962984
vt 0.314077 0.644923
vt 0.316491 0.644308
vt 0.317180 0.675250
vt 0.315001 0.676455
vt 0.002981 0.259946
vt 0.142580 0.066210
vt 0.143836 0.065702
vt 0.143806 0.066014
vt 0.050741 0.912194
vt 0.004566 0.390411
vt 0.002541 0.384411
vt 0.003655 0.384776
vt 0.004404 0.384915
vt 0.111535 0.013553
vt 0.111872 0.008646
vt 0.111872 0.013699
vt 0.003636 0.358447
vt 0.002352 0.357655
vt 0.027360 0.315954
vt 0.142580 0.061801
vt 0.013275 0.321168
vt 0.203711 0.407470
vt 0.228401 0.430218
vt 0.203711 0.431507
vt 0.425252 0.309618
vt 0.449290 0.309219
vt 0.449772 0.332037
vt 0.425104 0.334842
vt 0.422468 0.334138
vt 0.422843 0.308991
vt 0.204365 0.405067
vt 0.230594 0.405498
vt 0.229911 0.408139
vt 0.754853 0.372669
vt 0.758670 0.375377
vt 0.757392 0.377448
vt 0.753019 0.375834
vt 0.741926 0.367849
vt 0.282736 0.969128
vt 0.263000 0.988584
vt 0.264058 0.956653
vt 0.282070 0.948256
vt 0.284411 0.479485
vt 0.284870 0.476654
vt 0.310416 0.494500
vt 0.002259 0.379242
vt 0.737964 0.418950
vt 0.004566 0.379323
vt 0.261736 0.937801
vt 0.281072 0.443667
vt 0.298091 0.429182
vt 0.302979 0.454672
vt 0.337900 0.655701
vt 0.317639 0.434376
vt 0.327865 0.462899
vt 0.357177 0.492672
vt 0.370115 0.461634
vt 0.575431 0.054294
vt 0.547262 0.044713
vt 0.567857 0.004351
vt 0.876997 0.238234
vt 0.598506 0.924668
vt 0.579186 0.915878
vt 0.579148 0.913756
vt 0.433632 0.340874
vt 0.420295 0.347032
vt 0.420985 0.341074
vt 0.899820 0.234421
vt 0.600092 0.283391
vt 0.622638 0.283201
vt 0.621618 0.305752
vt 0.599255 0.306653
vt 0.591131 0.943188
vt 0.570942 0.958904
vt 0.006849 0.106110
vt 0.005489 0.106225
vt 0.006846 0.103010
vt 0.599271 0.334581
vt 0.620438 0.333138
vt 0.620412 0.364575
vt 0.599255 0.364563
vt 0.006849 0.109438
vt 0.005489 0.111872
vt 0.149390 0.074452
vt 0.150685 0.072320
vt 0.150685 0.075342
vt 0.709164 0.434932
vt 0.704459 0.419809
vt 0.723027 0.396215
vt 0.737660 0.406522
vt 0.542652 0.002548
vt 0.916901 0.163895
vt 0.910724 0.188327
vt 0.879946 0.166515
vt 0.739726 0.373393
vt 0.709032 0.383254
vt 0.726883 0.361750
vt 0.732877 0.735160
vt 0.716686 0.728882
vt 0.716782 0.710574
vt 0.732094 0.716464
vt 0.930138 0.841904
vt 0.954296 0.845516
vt 0.972603 0.423620
vt 0.972053 0.425095
vt 0.954273 0.410076
vt 0.339652 0.058519
vt 0.328666 0.041614
vt 0.329319 0.039891
vt 0.012919 0.068493
vt 0.012919 0.064142
vt 0.013699 0.068177
vt 0.928985 0.842940
vt 0.928253 0.842124
vt 0.924345 0.830463
vt 0.928449 0.829722
vt 0.951297 0.835325
vt 0.837900 0.596441
vt 0.837214 0.584653
vt 0.926140 0.816640
vt 0.925517 0.804805
vt 0.947707 0.812461
vt 0.948780 0.823744
vt 0.837900 0.560648
vt 0.874412 0.979452
vt 0.887454 0.956320
vt 0.887948 0.958364
vt 0.895789 0.971398
vt 0.894977 0.728311
vt 0.868768 0.726131
vt 0.889862 0.708884
vt 0.922850 0.781328
vt 0.941834 0.785954
vt 0.324252 0.035090
vt 0.323432 0.037008
vt 0.300078 0.036248
vt 0.066293 0.713844
vt 0.691433 0.134443
vt 0.690069 0.108311
vt 0.717118 0.117915
vt 0.719059 0.119598
vt 0.692462 0.135372
vt 0.067301 0.712857
vt 0.066374 0.714549
vt 0.065262 0.714501
vt 0.067391 0.716823
vt 0.130004 0.047483
vt 0.130137 0.047536
vt 0.129153 0.050785
vt 0.251718 0.000067
vt 0.018265 0.055414
vt 0.018265 0.062552
vt 0.014938 0.061305
vt 0.014906 0.054330
vt 0.127801 0.057848
vt 0.130137 0.059536
vt 0.127801 0.063927
vt 0.102335 0.257137
vt 0.140976 0.299370
vt 0.079046 0.255406
vt 0.008748 0.105391
vt 0.011416 0.107738
vt 0.008748 0.114155
vt 0.969132 0.435488
vt 0.964844 0.446742
vt 0.948399 0.428249
vt 0.952717 0.418109
vt 0.890850 0.954504
vt 0.901245 0.957310
vt 0.646051 0.334197
vt 0.646023 0.364604
vt 0.449592 0.273312
vt 0.461684 0.250735
vt 0.488494 0.265095
vt 0.476402 0.287671
vt 0.669509 0.430159
vt 0.689121 0.406884
vt 0.600351 0.394977
vt 0.205352 0.402525
vt 0.420295 0.308016
vt 0.732585 0.702014
vt 0.758373 0.697336
vt 0.756576 0.700153
vt 0.842657 0.728311
vt 0.819993 0.719425
vt 0.837347 0.710723
vt 0.851806 0.718552
vt 0.228806 0.391539
vt 0.230434 0.403931
vt 0.337899 0.437248
vt 0.727145 0.671701
vt 0.730246 0.694611
vt 0.715576 0.691214
vt 0.714534 0.669652
vt 0.710905 0.632995
vt 0.522875 0.074201
vt 0.509111 0.034657
vt 0.519069 0.036239
vt 0.669522 0.390369
vt 0.689433 0.366739
vt 0.706506 0.346165
vt 0.323516 0.047138
vt 0.327663 0.050263
vt 0.948007 0.413780
vt 0.943659 0.422809
vt 0.931249 0.417381
vt 0.313241 0.061681
vt 0.308476 0.051850
vt 0.961187 0.791856
vt 0.959439 0.456912
vt 0.937027 0.468037
vt 0.944050 0.437277
vt 0.938168 0.429643
vt 0.931249 0.462604
vt 0.913777 0.352875
vt 0.886951 0.372146
vt 0.908633 0.351407
vt 0.907735 0.341559
vt 0.913561 0.340766
vt 0.922000 0.339533
vt 0.922374 0.352812
vt 0.864718 0.705726
vt 0.885812 0.688479
vt 0.008314 0.569469
vt 0.206271 0.083334
vt 0.170458 0.092881
vt 0.165889 0.086463
vt 0.203312 0.080003
vt 0.004864 0.572207
vt 0.003458 0.535490
vt 0.005786 0.534608
vt 0.141553 0.054631
vt 0.141553 0.059361
vt 0.140912 0.059215
vt 0.888345 0.653231
vt 0.868286 0.620118
vt 0.900673 0.649261
vt 0.903584 0.654047
vt 0.890763 0.659837
vt 0.159984 0.766233
vt 0.891242 0.661314
vt 0.904064 0.655525
vt 0.904046 0.658820
vt 0.892195 0.664272
vt 0.691171 0.725823
vt 0.692277 0.707823
vt 0.692167 0.689790
vt 0.765566 0.696077
vt 0.771345 0.694475
vt 0.771075 0.705882
vt 0.514157 0.000929
vt 0.126712 0.684526
vt 0.119560 0.714131
vt 0.092714 0.694538
vt 0.878522 0.189498
vt 0.868047 0.168496
vt 0.079158 0.678578
vt 0.081449 0.695745
vt 0.864832 0.189137
vt 0.865682 0.167622
vt 0.901177 0.348441
vt 0.883346 0.366462
vt 0.874903 0.357182
vt 0.887741 0.336586
vt 0.743751 0.714427
vt 0.753170 0.721332
vt 0.829926 0.701544
vt 0.863988 0.685781
vt 0.867483 0.694239
vt 0.864747 0.164747
vt 0.861851 0.166733
vt 0.068889 0.715607
vt 0.693677 0.137563
vt 0.720496 0.120949
vt 0.726664 0.152887
vt 0.697081 0.172097
vt 0.694382 0.173153
vt 0.692203 0.138402
vt 0.859946 0.174846
vt 0.071120 0.686450
vt 0.071580 0.697282
vt 0.883153 0.680886
vt 0.878419 0.675806
vt 0.862398 0.535037
vt 0.881652 0.552511
vt 0.862318 0.544479
vt 0.842686 0.538017
vt 0.839626 0.528162
vt 0.839985 0.519768
vt 0.862773 0.522404
vt 0.889499 0.524666
vt 0.797204 0.697368
vt 0.782911 0.722248
vt 0.709220 0.211187
vt 0.022071 0.853881
vt 0.012525 0.811569
vt 0.015167 0.810901
vt 0.868300 0.667736
vt 0.843087 0.684898
vt 0.848251 0.663054
vt 0.853685 0.644934
vt 0.873010 0.647853
vt 0.129186 0.107959
vt 0.186644 0.352660
vt 0.123731 0.357306
vt 0.831578 0.065532
vt 0.875307 0.088365
vt 0.842726 0.102989
vt 0.828820 0.110787
vt 0.821919 0.071977
vt 0.121705 0.098189
vt 0.914066 0.321924
vt 0.901191 0.326152
vt 0.894647 0.310745
vt 0.910483 0.304824
vt 0.921476 0.299447
vt 0.922374 0.318306
vt 0.015982 0.026490
vt 0.014466 0.029680
vt 0.014493 0.026844
vt 0.014466 0.024321
vt 0.718078 0.318946
vt 0.723159 0.305085
vt 0.733915 0.309827
vt 0.756800 0.318646
vt 0.014909 0.063927
vt 0.012039 0.060209
vt 0.293644 0.069635
vt 0.877196 0.320847
vt 0.366047 0.153712
vt 0.437215 0.169820
vt 0.437199 0.172047
vt 0.366031 0.155938
vt 0.730385 0.013668
vt 0.732884 0.014491
vt 0.720861 0.011650
vt 0.388984 0.169477
vt 0.383721 0.179224
vt 0.362737 0.171374
vt 0.750584 0.016397
vt 0.749238 0.041372
vt 0.729038 0.039487
vt 0.727856 0.064478
vt 0.745088 0.067565
vt 0.746162 0.092235
vt 0.729123 0.089648
vt 0.716626 0.088134
vt 0.646119 0.306808
vt 0.568493 0.885311
vt 0.567283 0.912665
vt 0.546153 0.911730
vt 0.545139 0.884278
vt 0.434874 0.236374
vt 0.445914 0.215761
vt 0.474302 0.227176
vt 0.753425 0.108311
vt 0.010191 0.068493
vt 0.010191 0.063113
vt 0.011416 0.064115
vt 0.036530 0.007029
vt 0.036008 0.011416
vt 0.033823 0.009782
vt 0.033823 0.004748
vt 0.034649 0.001421
vt 0.920347 0.226901
vt 0.914769 0.255708
vt 0.915160 0.217065
vt 0.930052 0.207849
vt 0.568493 0.935690
vt 0.551391 0.945264
vt 0.548517 0.933784
vt 0.936073 0.249295
vt 0.730255 0.110731
vt 0.909927 0.208845
vt 0.913666 0.183788
vt 0.924883 0.199102
vt 0.889424 0.204665
vt 0.093425 0.720252
vt 0.084958 0.722907
vt 0.070709 0.713859
vt 0.863922 0.507771
vt 0.889981 0.508780
vt 0.792744 0.734749
vt 0.774122 0.750588
vt 0.765007 0.737697
vt 0.004654 0.763691
vt 0.284554 0.811769
vt 0.297945 0.858448
vt 0.282340 0.812908
vt 0.265627 0.771744
vt 0.902494 0.647279
vt 0.739161 0.759724
vt 0.724850 0.745297
vt 0.751317 0.770102
vt 0.736060 0.785822
vt 0.724678 0.776534
vt 0.692490 0.668195
vt 0.629575 0.812785
vt 0.620470 0.793594
vt 0.650978 0.803512
vt 0.614684 0.493703
vt 0.615207 0.522818
vt 0.582255 0.522468
vt 0.580698 0.499456
vt 0.579547 0.479446
vt 0.541941 0.479145
vt 0.579074 0.468952
vt 0.542602 0.488026
vt 0.120513 0.722808
vt 0.095098 0.727003
vt 0.130137 0.150685
vt 0.127092 0.148297
vt 0.130137 0.146572
vt 0.136416 0.168467
vt 0.099135 0.189498
vt 0.049224 0.160796
vt 0.082546 0.147317
vt 0.114851 0.133582
vt 0.260017 0.842830
vt 0.221958 0.858448
vt 0.247548 0.797460
vt 0.086989 0.729862
vt 0.076832 0.734081
vt 0.073867 0.726806
vt 0.066611 0.719615
vt 0.069955 0.717343
vt 0.002530 0.573073
vt 0.001892 0.535649
vt 0.202414 0.077680
vt 0.164386 0.084187
vt 0.164598 0.073979
vt 0.203692 0.061626
vt 0.906176 0.654770
vt 0.906124 0.658107
vt 0.904258 0.696668
vt 0.901354 0.697332
vt 0.892960 0.700913
vt 0.546312 0.502206
vt 0.548094 0.522150
vt 0.121046 0.736489
vt 0.126712 0.752959
vt 0.099452 0.751748
vt 0.097751 0.738505
vt 0.471155 0.288448
vt 0.466842 0.337319
vt 0.461105 0.289339
vt 0.913860 0.694070
vt 0.915481 0.653533
vt 0.949772 0.250553
vt 0.949752 0.288499
vt 0.933515 0.253683
vt 0.487717 0.288563
vt 0.931056 0.290771
vt 0.923524 0.291341
vt 0.924015 0.254916
vt 0.497295 0.288937
vt 0.477380 0.340762
vt 0.758698 0.775675
vt 0.552246 0.232596
vt 0.563644 0.208721
vt 0.560658 0.237640
vt 0.553405 0.258446
vt 0.546568 0.254132
vt 0.535589 0.248044
vt 0.711657 0.789954
vt 0.537100 0.270056
vt 0.533270 0.266670
vt 0.525926 0.261263
vt 0.456955 0.195148
vt 0.486520 0.203382
vt 0.513731 0.217978
vt 0.501113 0.241536
vt 0.527397 0.256878
vt 0.821918 0.181507
vt 0.785006 0.163138
vt 0.815467 0.159031
vt 0.620470 0.727630
vt 0.642275 0.720112
vt 0.645973 0.744317
vt 0.626712 0.752499
vt 0.669509 0.350580
vt 0.687646 0.332223
vt 0.840267 0.507431
vt 0.839710 0.495153
vt 0.863365 0.495493
vt 0.890411 0.496447
vt 0.667735 0.706038
vt 0.667735 0.724175
vt 0.634735 0.768445
vt 0.655715 0.758354
vt 0.664810 0.773787
vt 0.642807 0.784247
vt 0.914542 0.650373
vt 0.949700 0.291840
vt 0.930314 0.293395
vt 0.495697 0.364546
vt 0.473016 0.362755
vt 0.496784 0.342206
vt 0.527192 0.343852
vt 0.526381 0.368172
vt 0.526829 0.389714
vt 0.495776 0.388469
vt 0.474542 0.386982
vt 0.764840 0.015171
vt 0.125571 0.056054
vt 0.125571 0.063927
vt 0.123454 0.061977
vt 0.122911 0.061343
vt 0.592144 0.434992
vt 0.527907 0.432277
vt 0.588268 0.429904
vt 0.600764 0.405652
vt 0.606045 0.406337
vt 0.634703 0.388201
vt 0.613690 0.444919
vt 0.634703 0.501142
vt 0.090124 0.741486
vt 0.092347 0.753303
vt 0.827580 0.507341
vt 0.827883 0.494982
vt 0.675015 0.792416
vt 0.620110 0.552158
vt 0.581686 0.557070
vt 0.496667 0.413091
vt 0.526418 0.413242
vt 0.207763 0.681732
vt 0.181502 0.682648
vt 0.192716 0.654587
vt 0.206783 0.659993
vt 0.764491 0.070395
vt 0.764840 0.097307
vt 0.908970 0.295113
vt 0.892171 0.299659
vt 0.891064 0.294778
vt 0.907978 0.291149
vt 0.723390 0.291916
vt 0.726943 0.289527
vt 0.734894 0.299441
vt 0.730234 0.301368
vt 0.438472 0.122566
vt 0.449167 0.087776
vt 0.448522 0.123271
vt 0.507381 0.288685
vt 0.011416 0.000844
vt 0.010840 0.004566
vt 0.009429 0.002538
vt 0.008248 0.000844
vt 0.204617 0.633874
vt 0.193812 0.633535
vt 0.534289 0.953496
vt 0.520865 0.953997
vt 0.521297 0.943743
vt 0.533571 0.944480
vt 0.553195 0.954338
vt 0.936073 0.183313
vt 0.917808 0.620118
vt 0.913899 0.647852
vt 0.905653 0.653307
vt 0.740576 0.306470
vt 0.744101 0.304512
vt 0.767127 0.313938
vt 0.764175 0.316262
vt 0.531835 0.933043
vt 0.520671 0.932070
vt 0.517211 0.909964
vt 0.527248 0.910894
vt 0.863033 0.467654
vt 0.485899 0.414917
vt 0.516559 0.439362
vt 0.490904 0.451574
vt 0.466890 0.456648
vt 0.800353 0.744478
vt 0.805936 0.789954
vt 0.781054 0.759445
vt 0.844603 0.107169
vt 0.877567 0.091409
vt 0.878995 0.093275
vt 0.846910 0.110176
vt 0.833476 0.118598
vt 0.831121 0.115628
vt 0.860930 0.123646
vt 0.878179 0.104470
vt 0.874106 0.137746
vt 0.870843 0.143081
vt 0.852344 0.130851
vt 0.612207 0.194211
vt 0.608342 0.209589
vt 0.608266 0.211926
vt 0.608343 0.243082
vt 0.120204 0.095911
vt 0.119132 0.086388
vt 0.348183 0.097657
vt 0.332626 0.147471
vt 0.320019 0.143443
vt 0.334253 0.086327
vt 0.355023 0.043723
vt 0.206621 0.035475
vt 0.521785 0.883245
vt 0.434874 0.179404
vt 0.461198 0.187289
vt 0.489617 0.198624
vt 0.567700 0.274277
vt 0.577636 0.253044
vt 0.595974 0.284214
vt 0.652492 0.092983
vt 0.632494 0.069917
vt 0.645809 0.072222
vt 0.671309 0.062187
vt 0.679311 0.086524
vt 0.547116 0.286530
vt 0.694064 0.080926
vt 0.691161 0.107306
vt 0.686636 0.053911
vt 0.751513 0.280377
vt 0.770836 0.261058
vt 0.774902 0.268413
vt 0.757924 0.288846
vt 0.719552 0.275312
vt 0.929701 0.295537
vt 0.949772 0.294329
vt 0.936898 0.319635
vt 0.235268 0.775515
vt 0.443173 0.084792
vt 0.438472 0.000993
vt 0.449997 0.082740
vt 0.922623 0.294670
vt 0.633931 0.250698
vt 0.618008 0.273172
vt 0.763213 0.291638
vt 0.777250 0.268422
vt 0.792237 0.273604
vt 0.779338 0.295904
vt 0.029692 0.126422
vt 0.018100 0.143163
vt 0.306610 0.081279
vt 0.294879 0.135315
vt 0.278515 0.126900
vt 0.000025 0.139717
vt 0.026473 0.118447
vt 0.455893 0.088526
vt 0.480822 0.090109
vt 0.475520 0.125563
vt 0.534513 0.288567
vt 0.526094 0.320431
vt 0.839411 0.468333
vt 0.539954 0.435774
vt 0.539954 0.487342
vt 0.518431 0.486214
vt 0.494648 0.487109
vt 0.827748 0.467977
vt 0.819198 0.494659
vt 0.819063 0.467654
vt 0.015982 0.004412
vt 0.015306 0.004566
vt 0.015306 0.000218
vt 0.203540 0.143692
vt 0.238733 0.088265
vt 0.238561 0.096752
vt 0.240821 0.102000
vt 0.212831 0.151827
vt 0.549075 0.547918
vt 0.525545 0.547500
vt 0.107586 0.776256
vt 0.819656 0.073205
vt 0.826557 0.112014
vt 0.344435 0.150300
vt 0.355023 0.190639
vt 0.343704 0.184594
vt 0.792237 0.357306
vt 0.794014 0.664425
vt 0.791446 0.617798
vt 0.809336 0.626619
vt 0.810128 0.667653
vt 0.794383 0.681976
vt 0.791446 0.682219
vt 0.587348 0.427978
vt 0.922901 0.293997
vt 0.450124 0.085224
vt 0.456981 0.085370
vt 0.446182 0.002102
vt 0.455151 0.002292
vt 0.456752 0.083157
vt 0.442579 0.085114
vt 0.146116 0.006849
vt 0.145032 0.002837
vt 0.145564 0.002589
vt 0.146119 0.002255
vt 0.001780 0.093595
vt 0.031101 0.108474
vt 0.114163 0.116404
vt 0.115192 0.125698
vt 0.167141 0.632991
vt 0.166638 0.655289
vt 0.129947 0.654058
vt 0.130725 0.629497
vt 0.132271 0.618609
vt 0.167628 0.622373
vt 0.192642 0.623816
vt 0.168738 0.610838
vt 0.630528 0.288580
vt 0.672151 0.287622
vt 0.666798 0.297254
vt 0.655337 0.315509
vt 0.394165 0.446647
vt 0.414981 0.408986
vt 0.415776 0.446084
vt 0.415522 0.467466
vt 0.393619 0.472603
vt 0.193804 0.612455
vt 0.652115 0.718053
vt 0.812950 0.153942
vt 0.782488 0.158049
vt 0.774610 0.134640
vt 0.801205 0.128000
vt 0.821918 0.124311
vt 0.680365 0.731988
vt 0.650202 0.742684
vt 0.659940 0.756724
vt 0.365297 0.941177
vt 0.334647 0.952055
vt 0.334679 0.935957
vt 0.334593 0.918886
vt 0.364340 0.922803
vt 0.670034 0.771767
vt 0.165360 0.680734
vt 0.133125 0.396077
vt 0.137282 0.381048
vt 0.153536 0.397128
vt 0.154065 0.410404
vt 0.150682 0.053612
vt 0.152968 0.053570
vt 0.152955 0.057027
vt 0.150682 0.057078
vt 0.127247 0.682648
vt 0.832283 0.631091
vt 0.839792 0.620774
vt 0.853881 0.633945
vt 0.850647 0.642220
vt 0.845185 0.665943
vt 0.827832 0.664352
vt 0.835861 0.697476
vt 0.821444 0.702835
vt 0.802406 0.705480
vt 0.468929 0.173706
vt 0.445645 0.161118
vt 0.442370 0.445346
vt 0.442616 0.408257
vt 0.470678 0.407430
vt 0.471461 0.444528
vt 0.494516 0.187342
vt 0.481796 0.087563
vt 0.506718 0.090771
vt 0.506849 0.093221
vt 0.502520 0.127854
vt 0.481592 0.085347
vt 0.479780 0.002154
vt 0.505705 0.001814
vt 0.506506 0.088555
vt 0.643311 0.042975
vt 0.632895 0.045758
vt 0.627981 0.026226
vt 0.634423 0.020563
vt 0.655634 0.009165
vt 0.664607 0.033047
vt 0.680238 0.790397
vt 0.365297 0.901290
vt 0.336419 0.898679
vt 0.338440 0.882024
vt 0.621005 0.557334
vt 0.617501 0.576462
vt 0.544488 0.369696
vt 0.173691 0.415474
vt 0.194922 0.400637
vt 0.197721 0.412059
vt 0.201905 0.450872
vt 0.173186 0.457012
vt 0.152562 0.451977
vt 0.168140 0.392592
vt 0.526242 0.190343
vt 0.515492 0.212581
vt 0.536886 0.590183
vt 0.245306 0.065354
vt 0.203540 0.000008
vt 0.243157 0.033206
vt 0.292178 0.067540
vt 0.205442 0.079451
vt 0.843131 0.137894
vt 0.830283 0.143807
vt 0.821725 0.129138
vt 0.830255 0.120652
vt 0.453966 0.921582
vt 0.445121 0.929474
vt 0.442674 0.926510
vt 0.449442 0.916497
vt 0.457505 0.905097
vt 0.463958 0.909785
vt 0.500913 0.931507
vt 0.126099 0.515982
vt 0.091406 0.513982
vt 0.092207 0.480462
vt 0.126901 0.482463
vt 0.134022 0.072257
vt 0.136986 0.071375
vt 0.136986 0.076767
vt 0.133908 0.077626
vt 0.561644 0.288448
vt 0.544111 0.344829
vt 0.104047 0.003365
vt 0.107299 0.000498
vt 0.107306 0.002180
vt 0.105310 0.005949
vt 0.104657 0.009132
vt 0.684977 0.931428
vt 0.704589 0.903847
vt 0.712261 0.919279
vt 0.100330 0.001326
vt 0.100598 0.000498
vt 0.104080 0.001694
vt 0.310150 0.895312
vt 0.118429 0.111456
vt 0.121005 0.111755
vt 0.120007 0.112848
vt 0.118282 0.113788
vt 0.613098 0.590183
vt 0.028139 0.082443
vt 0.000025 0.081285
vt 0.015982 0.077626
vt 0.013364 0.070577
vt 0.015982 0.068426
vt 0.015091 0.031394
vt 0.042923 0.054801
vt 0.119422 0.063936
vt 0.118536 0.090655
vt 0.679222 0.021876
vt 0.127854 0.979452
vt 0.106910 0.972641
vt 0.110118 0.959201
vt 0.111830 0.955968
vt 0.694064 0.000888
vt 0.684049 0.022274
vt 0.692473 0.050274
vt 0.520693 0.529576
vt 0.499878 0.529093
vt 0.481195 0.528600
vt 0.473480 0.488757
vt 0.469267 0.889087
vt 0.466632 0.886989
vt 0.974610 0.517397
vt 0.975326 0.520662
vt 0.949113 0.529835
vt 0.948396 0.526569
vt 0.954698 0.496375
vt 0.502283 0.886595
vt 0.923442 0.537748
vt 0.930576 0.502827
vt 0.451801 0.984018
vt 0.453677 0.959140
vt 0.487625 0.978346
vt 0.146119 0.052944
vt 0.146119 0.057078
vt 0.143855 0.056049
vt 0.272573 0.148000
vt 0.841824 0.618295
vt 0.686931 0.021027
vt 0.127679 0.955867
vt 0.111885 0.953797
vt 0.113091 0.947081
vt 0.143836 0.150010
vt 0.143836 0.152968
vt 0.142977 0.150538
vt 0.640800 0.217917
vt 0.460172 0.490483
vt 0.472838 0.528042
vt 0.470820 0.528989
vt 0.458153 0.491428
vt 0.640593 0.220159
vt 0.434082 0.507482
vt 0.449296 0.541096
vt 0.398402 0.418282
vt 0.384556 0.456489
vt 0.365236 0.441672
vt 0.152231 0.004566
vt 0.150406 0.001486
vt 0.152757 0.002592
vt 0.639415 0.275598
vt 0.443198 0.931507
vt 0.828171 0.117487
vt 0.440568 0.925363
vt 0.447894 0.914676
vt 0.140925 0.152027
vt 0.127854 0.920588
vt 0.113755 0.929678
vt 0.101096 0.925860
vt 0.975122 0.561644
vt 0.951563 0.542661
vt 0.979452 0.536379
vt 0.437854 0.857888
vt 0.454598 0.876781
vt 0.446068 0.892791
vt 0.471461 0.363738
vt 0.355781 0.275454
vt 0.314814 0.290044
vt 0.307748 0.266658
vt 0.345473 0.250192
vt 0.367580 0.239564
vt 0.123740 0.070776
vt 0.121615 0.066575
vt 0.125571 0.066575
vt 0.464700 0.885382
vt 0.455470 0.903612
vt 0.819656 0.150685
vt 0.643836 0.286530
vt 0.152968 0.001486
vt 0.692907 0.930448
vt 0.726558 0.931198
vt 0.723278 0.940655
vt 0.697705 0.956620
vt 0.790155 0.104471
vt 0.336101 0.227227
vt 0.301361 0.245154
vt 0.296763 0.230956
vt 0.328943 0.209782
vt 0.808324 0.099115
vt 0.821464 0.090156
vt 0.319195 0.197291
vt 0.288405 0.219101
vt 0.278534 0.206857
vt 0.309324 0.185049
vt 0.307530 0.931281
vt 0.308315 0.915519
vt 0.453920 0.951675
vt 0.923442 0.505063
vt 0.297489 0.889038
vt 0.297949 0.920845
vt 0.292007 0.923605
vt 0.288503 0.925377
vt 0.131570 0.018265
vt 0.131570 0.010900
vt 0.132420 0.017400
vt 0.452675 0.945110
vt 0.488584 0.963237
vt 0.488544 0.971188
vt 0.297273 0.168824
vt 0.446319 0.787464
vt 0.469139 0.823083
vt 0.449185 0.825276
vt 0.430373 0.825601
vt 0.428577 0.787464
vt 0.089851 0.943063
vt 0.934899 0.552445
vt 0.924982 0.540766
vt 0.949410 0.532309
vt 0.975623 0.523136
vt 0.729880 0.900651
vt 0.724861 0.926522
vt 0.721444 0.884842
vt 0.730625 0.880571
vt 0.975446 0.661744
vt 0.971021 0.639215
vt 0.978168 0.652951
vt 0.984018 0.662100
vt 0.744661 0.904245
vt 0.738726 0.910602
vt 0.745586 0.913436
vt 0.943463 0.331260
vt 0.946836 0.322900
vt 0.950409 0.327288
vt 0.964957 0.329791
vt 0.959579 0.336587
vt 0.943463 0.351598
vt 0.753425 0.931507
vt 0.732527 0.930243
vt 0.451801 0.927142
vt 0.389448 0.916928
vt 0.371484 0.917808
vt 0.388057 0.885708
vt 0.403658 0.884298
vt 0.420462 0.883108
vt 0.409791 0.916601
vt 0.830086 0.017646
vt 0.849043 0.010245
vt 0.850102 0.048642
vt 0.828967 0.056729
vt 0.488051 0.941795
vt 0.539112 0.530593
vt 0.506119 0.911630
vt 0.505194 0.896048
vt 0.507469 0.895257
vt 0.508905 0.910293
vt 0.509477 0.928161
vt 0.505194 0.929119
vt 0.924158 0.541014
vt 0.087419 0.479835
vt 0.086738 0.514456
vt 0.000384 0.515982
vt 0.000093 0.482584
vt 0.000191 0.474254
vt 0.088464 0.469693
vt 0.090665 0.469437
vt 0.089742 0.480696
vt 0.088941 0.514215
vt 0.092998 0.469192
vt 0.127854 0.462270
vt 0.972603 0.340916
vt 0.303768 0.942836
vt 0.295118 0.949772
vt 0.294844 0.936075
vt 0.296637 0.933364
vt 0.306630 0.939777
vt 0.084415 0.952519
vt 0.085742 0.949240
vt 0.293008 0.093541
vt 0.293519 0.090038
vt 0.466895 0.727888
vt 0.464276 0.730403
vt 0.462878 0.729893
vt 0.464396 0.727594
vt 0.464649 0.722903
vt 0.465799 0.721982
vt 0.295662 0.098291
vt 0.087065 0.948635
vt 0.308219 0.939413
vt 0.297280 0.931610
vt 0.301585 0.926489
vt 0.073380 0.943207
vt 0.454814 0.752821
vt 0.466895 0.801370
vt 0.433843 0.772951
vt 0.432486 0.772084
vt 0.453226 0.751780
vt 0.211731 0.479230
vt 0.264840 0.484018
vt 0.115325 0.004032
vt 0.116438 0.009132
vt 0.113188 0.004661
vt 0.114228 0.002178
vt 0.116438 0.000428
vt 0.846023 0.323328
vt 0.831728 0.297222
vt 0.853464 0.304681
vt 0.871228 0.309574
vt 0.864984 0.328767
vt 0.675799 0.405984
vt 0.665368 0.422511
vt 0.654336 0.393547
vt 0.142839 0.484018
vt 0.640002 0.430856
vt 0.668606 0.444975
vt 0.645701 0.451437
vt 0.635767 0.453686
vt 0.629813 0.451748
vt 0.617204 0.438784
vt 0.728311 0.243325
vt 0.719345 0.268555
vt 0.691290 0.256076
vt 0.099525 0.679868
vt 0.630958 0.402775
vt 0.121005 0.116438
vt 0.136986 0.043713
vt 0.134014 0.047945
vt 0.134025 0.043526
vt 0.136969 0.043488
vt 0.039351 0.006849
vt 0.039351 0.000051
vt 0.041096 0.005751
vt 0.706704 0.290405
vt 0.000145 0.956808
vt 0.000099 0.933852
vt 0.018036 0.921987
vt 0.020190 0.956851
vt 0.721010 0.305130
vt 0.718057 0.313552
vt 0.701415 0.299890
vt 0.677427 0.276699
vt 0.696024 0.310033
vt 0.714391 0.324860
vt 0.708272 0.346184
vt 0.687663 0.330910
vt 0.449718 0.364623
vt 0.415107 0.376353
vt 0.413937 0.351757
vt 0.435111 0.347771
vt 0.451267 0.361643
vt 0.041846 0.020573
vt 0.884139 0.083333
vt 0.880172 0.037976
vt 0.906393 0.029684
vt 0.906393 0.072794
vt 0.042845 0.000487
vt 0.135596 0.022124
vt 0.133169 0.030931
vt 0.726679 0.941028
vt 0.730594 0.959436
vt 0.727064 0.959348
vt 0.725131 0.985710
vt 0.727801 0.986301
vt 0.869733 0.363000
vt 0.871598 0.365027
vt 0.864671 0.373889
vt 0.862286 0.371502
vt 0.844901 0.348839
vt 0.727706 0.856624
vt 0.692907 0.983059
vt 0.953731 0.325705
vt 0.950770 0.321572
vt 0.966777 0.322613
vt 0.966623 0.327644
vt 0.979916 0.649726
vt 0.974349 0.635454
vt 0.950677 0.311105
vt 0.950785 0.296509
vt 0.969955 0.298589
vt 0.968603 0.312247
vt 0.132012 0.049542
vt 0.132420 0.049486
vt 0.132420 0.052511
vt 0.131570 0.049717
vt 0.131765 0.048271
vt 0.728983 0.931660
vt 0.381289 0.459135
vt 0.395277 0.478417
vt 0.393294 0.478605
vt 0.392672 0.486335
vt 0.004566 0.029640
vt 0.004566 0.034335
vt 0.003642 0.030260
vt 0.002627 0.026428
vt 0.292131 0.933912
vt 0.291586 0.948359
vt 0.287068 0.948143
vt 0.287068 0.933082
vt 0.287163 0.928272
vt 0.293098 0.929709
vt 0.113632 0.012220
vt 0.114155 0.012066
vt 0.113781 0.013699
vt 0.916179 0.643286
vt 0.921611 0.640296
vt 0.927297 0.662228
vt 0.951382 0.738192
vt 0.976742 0.734215
vt 0.978782 0.755743
vt 0.954642 0.757273
vt 0.949097 0.756409
vt 0.113632 0.009310
vt 0.000701 0.032302
vt 0.001384 0.036530
vt 0.096192 0.668429
vt 0.093156 0.671754
vt 0.090389 0.669023
vt 0.093531 0.665393
vt 0.098173 0.663775
vt 0.959381 0.646832
vt 0.952502 0.679165
vt 0.936848 0.658096
vt 0.937462 0.681987
vt 0.916179 0.696414
vt 0.997717 0.744723
vt 0.293474 0.928305
vt 0.287261 0.927281
vt 0.299354 0.923988
vt 0.124439 0.123774
vt 0.118028 0.127854
vt 0.118177 0.124420
vt 0.118028 0.119942
vt 0.125571 0.119687
vt 0.394873 0.873438
vt 0.406510 0.868387
vt 0.419746 0.879330
vt 0.403122 0.880997
vt 0.388616 0.882232
vt 0.125543 0.127108
vt 0.123667 0.127257
vt 0.394722 0.481390
vt 0.396269 0.481067
vt 0.396956 0.487900
vt 0.394900 0.487932
vt 0.511415 0.909271
vt 0.092898 0.672212
vt 0.092892 0.675799
vt 0.398402 0.504566
vt 0.507494 0.945205
vt 0.948568 0.619482
vt 0.945134 0.625333
vt 0.858277 0.376570
vt 0.860663 0.378956
vt 0.847021 0.404252
vt 0.689498 0.222603
vt 0.661179 0.206603
vt 0.688889 0.197667
vt 0.134703 0.132420
vt 0.132895 0.129001
vt 0.134703 0.126529
vt 0.984018 0.616776
vt 0.955257 0.784680
vt 0.981816 0.784852
vt 0.876227 0.368932
vt 0.899543 0.384486
vt 0.893528 0.392932
vt 0.868666 0.377334
vt 0.949097 0.785388
vt 0.878383 0.000621
vt 0.440639 0.917808
vt 0.676446 0.116497
vt 0.689498 0.148549
vt 0.660352 0.141211
vt 0.650768 0.120595
vt 0.958904 0.205479
vt 0.926886 0.168118
vt 0.958880 0.175438
vt 0.728311 0.527436
vt 0.728311 0.557480
vt 0.692734 0.546503
vt 0.089548 0.663775
vt 0.433122 0.729716
vt 0.455770 0.706531
vt 0.460884 0.725050
vt 0.413847 0.751683
vt 0.402236 0.728908
vt 0.736301 0.831050
vt 0.705819 0.809054
vt 0.728037 0.804168
vt 0.139269 0.052249
vt 0.139269 0.057078
vt 0.137201 0.054379
vt 0.510434 0.892522
vt 0.404396 0.881921
vt 0.388794 0.883331
vt 0.421101 0.880702
vt 0.939233 0.686143
vt 0.944786 0.685703
vt 0.940663 0.687988
vt 0.929174 0.710046
vt 0.928492 0.708588
vt 0.708805 0.788969
vt 0.677016 0.807153
vt 0.681630 0.788821
vt 0.682192 0.784923
vt 0.707292 0.786341
vt 0.716135 0.781116
vt 0.963470 0.695986
vt 0.087653 0.443535
vt 0.002463 0.452494
vt 0.085703 0.421830
vt 0.746812 0.142956
vt 0.767601 0.149962
vt 0.766997 0.152109
vt 0.746208 0.145103
vt 0.094106 0.443369
vt 0.096583 0.443270
vt 0.745798 0.147563
vt 0.766676 0.155247
vt 0.761347 0.188983
vt 0.741854 0.182070
vt 0.721256 0.175031
vt 0.298814 0.246688
vt 0.306192 0.267786
vt 0.292519 0.268043
vt 0.506683 0.834617
vt 0.506849 0.857113
vt 0.495870 0.837451
vt 0.486029 0.824246
vt 0.498158 0.822721
vt 0.499155 0.820200
vt 0.476308 0.841958
vt 0.469359 0.826206
vt 0.484716 0.821196
vt 0.312379 0.290516
vt 0.318648 0.309794
vt 0.298391 0.294808
vt 0.449406 0.828399
vt 0.454427 0.846800
vt 0.432976 0.847634
vt 0.430432 0.828731
vt 0.725824 0.238066
vt 0.744435 0.242009
vt 0.836545 0.280180
vt 0.860020 0.286877
vt 0.399536 0.772702
vt 0.416378 0.786477
vt 0.423785 0.854184
vt 0.435787 0.872146
vt 0.742092 0.603881
vt 0.747008 0.585004
vt 0.758219 0.599170
vt 0.659398 0.829535
vt 0.686692 0.831050
vt 0.730809 0.518430
vt 0.752048 0.507349
vt 0.757471 0.532061
vt 0.737149 0.539987
vt 0.485132 0.863115
vt 0.003471 0.443877
vt 0.004566 0.436492
vt 0.003952 0.443973
vt 0.004566 0.447336
vt 0.004334 0.447489
vt 0.116233 0.553830
vt 0.118773 0.550366
vt 0.119864 0.550877
vt 0.118052 0.554552
vt 0.001350 0.443464
vt 0.002533 0.436656
vt 0.415255 0.852671
vt 0.391767 0.850482
vt 0.406523 0.838789
vt 0.682121 0.181642
vt 0.657196 0.181320
vt 0.650089 0.161717
vt 0.679529 0.164810
vt 0.424259 0.865489
vt 0.134014 0.043162
vt 0.437027 0.345808
vt 0.448503 0.336518
vt 0.461810 0.352955
vt 0.305135 0.310653
vt 0.941922 0.707278
vt 0.710123 0.761837
vt 0.699703 0.766400
vt 0.699343 0.741400
vt 0.508218 0.847990
vt 0.527481 0.834267
vt 0.528173 0.836813
vt 0.508357 0.850512
vt 0.461083 0.868284
vt 0.745009 0.564813
vt 0.763449 0.557906
vt 0.766069 0.579434
vt 0.730809 0.588925
vt 0.682614 0.767526
vt 0.616817 0.715801
vt 0.619999 0.732242
vt 0.596264 0.730185
vt 0.595078 0.717358
vt 0.592583 0.693095
vt 0.613861 0.692163
vt 0.507527 0.806160
vt 0.524632 0.812429
vt 0.619863 0.815069
vt 0.596933 0.815069
vt 0.586972 0.799476
vt 0.615609 0.795674
vt 0.771626 0.525670
vt 0.791363 0.518015
vt 0.794520 0.547196
vt 0.774155 0.554533
vt 0.278534 0.313356
vt 0.540895 0.862522
vt 0.507527 0.890411
vt 0.512547 0.868683
vt 0.547920 0.839036
vt 0.557485 0.836981
vt 0.552456 0.864168
vt 0.788849 0.515451
vt 0.784674 0.506007
vt 0.815532 0.496831
vt 0.817862 0.506828
vt 0.826484 0.533105
vt 0.772676 0.577893
vt 0.598732 0.737443
vt 0.621005 0.735566
vt 0.770971 0.601130
vt 0.642677 0.469742
vt 0.651854 0.467493
vt 0.656591 0.477157
vt 0.646277 0.479160
vt 0.635430 0.483051
vt 0.632792 0.473343
vt 0.042460 0.956898
vt 0.039212 0.926494
vt 0.049233 0.926524
vt 0.053596 0.956932
vt 0.056919 0.968963
vt 0.044670 0.968946
vt 0.021279 0.967987
vt 0.836768 0.274891
vt 0.860231 0.282602
vt 0.878230 0.289740
vt 0.877156 0.293884
vt 0.674549 0.463117
vt 0.675799 0.467840
vt 0.046890 0.979452
vt 0.162145 0.710415
vt 0.164384 0.718071
vt 0.154675 0.723145
vt 0.149389 0.712543
vt 0.139407 0.696926
vt 0.156632 0.689639
vt 0.125571 0.081803
vt 0.122862 0.082192
vt 0.122862 0.078592
vt 0.728311 0.347032
vt 0.022393 0.979452
vt 0.121005 0.015982
vt 0.118102 0.012726
vt 0.121005 0.010402
vt 0.571329 0.713758
vt 0.536970 0.703732
vt 0.564788 0.690884
vt 0.573946 0.735286
vt 0.865179 0.381745
vt 0.891899 0.397274
vt 0.895197 0.407483
vt 0.883462 0.401411
vt 0.883861 0.405487
vt 0.860039 0.406203
vt 0.688449 0.152629
vt 0.654639 0.146372
vt 0.655989 0.142933
vt 0.688468 0.150675
vt 0.559686 0.778192
vt 0.542844 0.810467
vt 0.539829 0.783785
vt 0.540324 0.767388
vt 0.553502 0.760308
vt 0.562247 0.777906
vt 0.569355 0.805967
vt 0.556342 0.759067
vt 0.575184 0.751891
vt 0.579725 0.771909
vt 0.571968 0.804900
vt 0.000795 0.436297
vt 0.022137 0.006183
vt 0.022831 0.000974
vt 0.022831 0.006400
vt 0.021624 0.011416
vt 0.020966 0.005770
vt 0.608275 0.767800
vt 0.605147 0.745562
vt 0.754719 0.862436
vt 0.749225 0.844387
vt 0.783665 0.846522
vt 0.791096 0.865297
vt 0.645155 0.125843
vt 0.102740 0.007503
vt 0.102740 0.011394
vt 0.102420 0.011416
vt 0.102112 0.011327
vt 0.749771 0.241730
vt 0.766865 0.190359
vt 0.774003 0.190194
vt 0.757034 0.239939
vt 0.835578 0.268029
vt 0.859042 0.275740
vt 0.629613 0.185135
vt 0.720298 0.492553
vt 0.695375 0.513557
vt 0.700179 0.492704
vt 0.637005 0.149118
vt 0.792865 0.482318
vt 0.816675 0.484137
vt 0.804110 0.487771
vt 0.788406 0.484236
vt 0.770011 0.482295
vt 0.769967 0.480724
vt 0.770317 0.478019
vt 0.791869 0.478940
vt 0.815457 0.474191
vt 0.783010 0.503111
vt 0.556217 0.864105
vt 0.561089 0.842119
vt 0.570300 0.844667
vt 0.564871 0.866373
vt 0.779380 0.495209
vt 0.813515 0.492707
vt 0.831728 0.249831
vt 0.853869 0.255902
vt 0.871322 0.244994
vt 0.884094 0.277165
vt 0.878766 0.287734
vt 0.899543 0.288997
vt 0.657170 0.480413
vt 0.665933 0.499759
vt 0.650841 0.498247
vt 0.642436 0.501142
vt 0.646043 0.482739
vt 0.635754 0.486578
vt 0.009740 0.059361
vt 0.009740 0.056697
vt 0.011416 0.056895
vt 0.337427 0.658248
vt 0.349466 0.673728
vt 0.325724 0.687152
vt 0.164384 0.762557
vt 0.140274 0.738121
vt 0.155905 0.735132
vt 0.052716 0.927044
vt 0.057078 0.957452
vt 0.773544 0.487140
vt 0.574792 0.866124
vt 0.579832 0.847783
vt 0.586758 0.849842
vt 0.583108 0.862284
vt 0.766330 0.483444
vt 0.788883 0.468809
vt 0.168950 0.977563
vt 0.150240 0.985764
vt 0.149870 0.977370
vt 0.150514 0.958563
vt 0.167363 0.957596
vt 0.853881 0.331796
vt 0.842959 0.349367
vt 0.824878 0.342934
vt 0.835143 0.326622
vt 0.808218 0.458338
vt 0.826484 0.443038
vt 0.689986 0.551438
vt 0.687004 0.575342
vt 0.674085 0.563836
vt 0.677895 0.542911
vt 0.680735 0.530314
vt 0.693311 0.536712
vt 0.858608 0.427435
vt 0.844901 0.432648
vt 0.774226 0.157095
vt 0.774708 0.154649
vt 0.617160 0.582288
vt 0.617444 0.580608
vt 0.625921 0.578611
vt 0.625520 0.581127
vt 0.620347 0.615297
vt 0.635846 0.208382
vt 0.680384 0.507810
vt 0.683421 0.487487
vt 0.033621 0.020435
vt 0.032755 0.020548
vt 0.032755 0.012671
vt 0.034247 0.020133
vt 0.618722 0.578601
vt 0.625759 0.575861
vt 0.776256 0.152397
vt 0.106119 0.346729
vt 0.123189 0.362911
vt 0.097037 0.376155
vt 0.081839 0.360148
vt 0.390292 0.659122
vt 0.406393 0.681114
vt 0.391988 0.696356
vt 0.374807 0.676787
vt 0.366463 0.657003
vt 0.898939 0.264512
vt 0.151121 0.723272
vt 0.158715 0.734313
vt 0.136623 0.727152
vt 0.132044 0.716822
vt 0.145908 0.713893
vt 0.119173 0.555162
vt 0.121005 0.550715
vt 0.000138 0.045526
vt 0.001926 0.042002
vt 0.003246 0.042478
vt 0.001919 0.046038
vt 0.120311 0.555259
vt 0.121005 0.561644
vt 0.776256 0.234487
vt 0.124201 0.385047
vt 0.146689 0.420032
vt 0.130443 0.429437
vt 0.108965 0.437215
vt 0.101536 0.399900
vt 0.547653 0.825047
vt 0.547957 0.813591
vt 0.551357 0.819567
vt 0.550082 0.826829
vt 0.144515 0.146445
vt 0.145587 0.145677
vt 0.145669 0.145920
vt 0.555312 0.824726
vt 0.611592 0.670003
vt 0.592658 0.669064
vt 0.592860 0.661638
vt 0.611643 0.663397
vt 0.145186 0.144227
vt 0.146119 0.144512
vt 0.748326 0.841955
vt 0.783230 0.843025
vt 0.035463 0.014588
vt 0.035896 0.014192
vt 0.038813 0.018265
vt 0.567787 0.666601
vt 0.367073 0.686071
vt 0.384303 0.705916
vt 0.377400 0.713952
vt 0.358844 0.694545
vt 0.358506 0.665509
vt 0.728279 0.566729
vt 0.958904 0.166190
vt 0.926315 0.156724
vt 0.927090 0.149212
vt 0.958763 0.156233
vt 0.728298 0.576690
vt 0.692089 0.565305
vt 0.691582 0.553799
vt 0.334695 0.698779
vt 0.346847 0.714024
vt 0.327580 0.716755
vt 0.978723 0.086758
vt 0.959681 0.078933
vt 0.979452 0.080695
vt 0.126286 0.743164
vt 0.128240 0.738932
vt 0.124341 0.728345
vt 0.971651 0.072888
vt 0.959651 0.076441
vt 0.955933 0.071227
vt 0.952860 0.063632
vt 0.965755 0.064178
vt 0.976561 0.060002
vt 0.135198 0.698779
vt 0.126695 0.701744
vt 0.974110 0.041394
vt 0.967108 0.047140
vt 0.962110 0.032395
vt 0.964775 0.030086
vt 0.131192 0.685771
vt 0.339827 0.729325
vt 0.331965 0.750060
vt 0.926858 0.086758
vt 0.934177 0.074248
vt 0.934147 0.071755
vt 0.019845 0.070691
vt 0.020548 0.070517
vt 0.020548 0.075342
vt 0.018956 0.070983
vt 0.019046 0.065766
vt 0.013699 0.036530
vt 0.012798 0.036530
vt 0.013338 0.034512
vt 0.702436 0.430662
vt 0.707609 0.446870
vt 0.698355 0.446605
vt 0.695624 0.446607
vt 0.699705 0.430665
vt 0.132415 0.988995
vt 0.132004 0.986301
vt 0.149767 0.990022
vt 0.146006 0.990868
vt 0.131593 0.985267
vt 0.698624 0.430933
vt 0.694063 0.446387
vt 0.691887 0.446871
vt 0.696057 0.430004
vt 0.132063 0.982582
vt 0.149770 0.988448
vt 0.642014 0.579648
vt 0.641885 0.576591
vt 0.660083 0.572199
vt 0.660021 0.574615
vt 0.662100 0.606082
vt 0.641349 0.611804
vt 0.700605 0.479784
vt 0.721461 0.469772
vt 0.688001 0.474804
vt 0.922005 0.168036
vt 0.922177 0.155294
vt 0.923883 0.156193
vt 0.924454 0.167587
vt 0.132129 0.975201
vt 0.688789 0.428649
vt 0.685830 0.446113
vt 0.959078 0.968014
vt 0.939303 0.968036
vt 0.940127 0.954229
vt 0.961187 0.953013
vt 0.132300 0.958854
vt 0.933395 0.067360
vt 0.733769 0.805292
vt 0.730956 0.802123
vt 0.756969 0.806179
vt 0.757335 0.811533
vt 0.756392 0.819217
vt 0.733609 0.812597
vt 0.767123 0.970290
vt 0.760123 0.970722
vt 0.764952 0.950489
vt 0.958448 0.050075
vt 0.948111 0.050306
vt 0.747224 0.938326
vt 0.749710 0.948770
vt 0.735085 0.953946
vt 0.730599 0.934751
vt 0.642008 0.573899
vt 0.662100 0.507000
vt 0.660472 0.570060
vt 0.000914 0.113002
vt 0.002283 0.115465
vt 0.000914 0.116438
vt 0.606295 0.638876
vt 0.621005 0.633489
vt 0.614122 0.653638
vt 0.597116 0.655116
vt 0.712329 0.465753
vt 0.700661 0.465052
vt 0.691951 0.463978
vt 0.148402 0.136986
vt 0.146275 0.133791
vt 0.147905 0.134052
vt 0.568350 0.834231
vt 0.145948 0.145420
vt 0.146119 0.148402
vt 0.616302 0.662445
vt 0.146275 0.136789
vt 0.746615 0.969496
vt 0.735989 0.825362
vt 0.757369 0.829336
vt 0.730599 0.984018
vt 0.755678 0.804052
vt 0.731920 0.798564
vt 0.737530 0.787102
vt 0.820339 0.017359
vt 0.826484 0.043225
vt 0.810001 0.023561
vt 0.136986 0.031963
vt 0.135452 0.031191
vt 0.136986 0.026965
vt 0.018812 0.121005
vt 0.018812 0.114216
vt 0.020067 0.114751
vt 0.020548 0.114795
vt 0.761753 0.779116
vt 0.728076 0.586330
vt 0.958747 0.146590
vt 0.342466 0.983013
vt 0.310908 0.989492
vt 0.311112 0.979802
vt 0.311563 0.967252
vt 0.341908 0.968992
vt 0.728308 0.597683
vt 0.694308 0.590080
vt 0.692658 0.577542
vt 0.401615 0.725555
vt 0.395287 0.733983
vt 0.381822 0.749098
vt 0.363967 0.730612
vt 0.553217 0.756989
vt 0.571526 0.749470
vt 0.037652 0.013885
vt 0.592299 0.641896
vt 0.355697 0.745956
vt 0.819455 0.066715
vt 0.801791 0.088949
vt 0.795927 0.070659
vt 0.788597 0.059696
vt 0.808307 0.051640
vt 0.749308 0.887524
vt 0.754898 0.877768
vt 0.758986 0.888566
vt 0.753340 0.892960
vt 0.749792 0.894752
vt 0.746686 0.889035
vt 0.689607 0.463133
vt 0.569704 0.722788
vt 0.730635 0.865297
vt 0.003187 0.046624
vt 0.004566 0.042293
vt 0.015982 0.116241
vt 0.013913 0.118721
vt 0.012546 0.117722
vt 0.014473 0.115180
vt 0.004566 0.047739
vt 0.004548 0.052511
vt 0.688053 0.462868
vt 0.746106 0.890823
vt 0.745384 0.894215
vt 0.741695 0.893672
vt 0.740542 0.890332
vt 0.684552 0.463223
vt 0.788467 0.817914
vt 0.753704 0.896544
vt 0.764840 0.933790
vt 0.749355 0.896468
vt 0.038813 0.010879
vt 0.038260 0.012372
vt 0.037982 0.012017
vt 0.785521 0.825870
vt 0.782041 0.834369
vt 0.036979 0.013286
vt 0.825099 0.367982
vt 0.853881 0.363186
vt 0.838906 0.375568
vt 0.832644 0.391980
vt 0.812112 0.382499
vt 0.799800 0.372870
vt 0.811577 0.358246
vt 0.764840 0.880602
vt 0.761113 0.864934
vt 0.796596 0.351462
vt 0.787867 0.367446
vt 0.317443 0.593607
vt 0.323199 0.576913
vt 0.329802 0.583405
vt 0.966744 0.262557
vt 0.954539 0.245241
vt 0.969554 0.251556
vt 0.786533 0.346172
vt 0.790795 0.336502
vt 0.803902 0.335952
vt 0.001186 0.055230
vt 0.000099 0.055588
vt 0.000274 0.051494
vt 0.002283 0.054868
vt 0.002283 0.059361
vt 0.795831 0.032217
vt 0.778755 0.042867
vt 0.124815 0.133133
vt 0.125571 0.136986
vt 0.119686 0.136598
vt 0.119086 0.133030
vt 0.119378 0.130307
vt 0.125571 0.129966
vt 0.131593 0.940148
vt 0.957398 0.934565
vt 0.933869 0.938525
vt 0.936141 0.922816
vt 0.960211 0.917686
vt 0.850621 0.390166
vt 0.838417 0.404539
vt 0.677605 0.465753
vt 0.733011 0.892211
vt 0.733584 0.893577
vt 0.953590 0.730522
vt 0.954592 0.731359
vt 0.941686 0.738063
vt 0.939844 0.735560
vt 0.924877 0.966375
vt 0.919483 0.954756
vt 0.745610 0.896120
vt 0.735053 0.895142
vt 0.307849 0.995249
vt 0.306462 0.994368
vt 0.306693 0.987637
vt 0.308467 0.988210
vt 0.668153 0.503489
vt 0.665001 0.523667
vt 0.972603 0.230561
vt 0.959826 0.227761
vt 0.968587 0.210366
vt 0.661662 0.484062
vt 0.674921 0.484571
vt 0.076946 0.413952
vt 0.411612 0.171248
vt 0.442922 0.196083
vt 0.423713 0.211142
vt 0.403033 0.226060
vt 0.391512 0.192142
vt 0.050849 0.425526
vt 0.048376 0.406977
vt 0.074064 0.392047
vt 0.059332 0.377359
vt 0.036798 0.395531
vt 0.023320 0.383594
vt 0.043030 0.364385
vt 0.063194 0.346633
vt 0.956621 0.731868
vt 0.942489 0.739367
vt 0.727854 0.612108
vt 0.340736 0.954939
vt 0.311911 0.955974
vt 0.129578 0.136999
vt 0.134324 0.138491
vt 0.134206 0.141553
vt 0.129578 0.139949
vt 0.727768 0.628995
vt 0.696746 0.621055
vt 0.695259 0.603547
vt 0.034513 0.358421
vt 0.014977 0.377511
vt 0.008523 0.371344
vt 0.027021 0.352199
vt 0.014189 0.044459
vt 0.014676 0.040297
vt 0.015797 0.043028
vt 0.015853 0.043258
vt 0.014290 0.044685
vt 0.432996 0.238086
vt 0.433758 0.240447
vt 0.412721 0.251225
vt 0.411976 0.248853
vt 0.014341 0.044785
vt 0.015982 0.043459
vt 0.015982 0.050228
vt 0.433965 0.241538
vt 0.442922 0.300057
vt 0.413135 0.253409
vt 0.297493 1.000000
vt 0.676183 0.469772
vt 0.305833 0.967059
vt 0.307966 0.978212
vt 0.309061 0.979089
vt 0.013067 0.114678
vt 0.068493 0.004566
vt 0.066415 0.001181
vt 0.068493 0.000730
vt 0.759759 0.376460
vt 0.790051 0.389361
vt 0.788231 0.408228
vt 0.759998 0.397459
vt 0.373288 0.813242
vt 0.368228 0.834595
vt 0.319690 0.819092
vt 0.012546 0.110195
vt 0.309476 0.967095
vt 0.310112 0.967027
vt 0.926517 0.747196
vt 0.928850 0.749946
vt 0.141193 0.143210
vt 0.141269 0.143589
vt 0.137656 0.143836
vt 0.137509 0.143445
vt 0.137509 0.138462
vt 0.141553 0.138390
vt 0.918964 0.920982
vt 0.917901 0.719202
vt 0.765095 0.017359
vt 0.760216 0.052601
vt 0.931366 0.752504
vt 0.917901 0.787671
vt 0.919165 0.767244
vt 0.918673 0.765158
vt 0.944566 0.224777
vt 0.954385 0.211640
vt 0.968467 0.205144
vt 0.339225 0.565881
vt 0.322591 0.563436
vt 0.336237 0.555948
vt 0.355023 0.553810
vt 0.143836 0.052511
vt 0.142477 0.049981
vt 0.143836 0.049884
vt 0.807809 0.260274
vt 0.790715 0.257426
vt 0.792140 0.251927
vt 0.808197 0.253152
vt 0.935638 0.244213
vt 0.938614 0.237735
vt 0.327521 0.543620
vt 0.317443 0.554153
vt 0.807977 0.395778
vt 0.321595 0.522472
vt 0.330442 0.527899
vt 0.346910 0.527681
vt 0.351910 0.541661
vt 0.182938 0.974886
vt 0.177585 0.968034
vt 0.202968 0.954900
vt 0.208320 0.961752
vt 0.217216 0.974886
vt 0.386572 0.759674
vt 0.409540 0.785133
vt 0.383779 0.777586
vt 0.782371 0.110731
vt 0.776248 0.093651
vt 0.406393 0.757991
vt 0.808975 0.238907
vt 0.793866 0.242436
vt 0.797532 0.233868
vt 0.935638 0.216031
vt 0.322473 0.841564
vt 0.329340 0.862179
vt 0.421931 0.305219
vt 0.402025 0.308790
vt 0.780116 0.207785
vt 0.793665 0.168988
vt 0.796768 0.200871
vt 0.779405 0.234787
vt 0.908183 0.073059
vt 0.910324 0.046639
vt 0.924720 0.043356
vt 0.927616 0.067670
vt 0.817352 0.404798
vt 0.813858 0.421010
vt 0.777032 0.176549
vt 0.769509 0.071099
vt 0.379371 0.800687
vt 0.404594 0.805279
vt 0.402517 0.821010
vt 0.380086 0.821599
vt 0.300312 0.954939
vt 0.953431 0.210388
vt 0.812785 0.223099
vt 0.797324 0.231385
vt 0.797578 0.228907
vt 0.134703 0.138703
vt 0.134583 0.135711
vt 0.829527 0.413242
vt 0.961187 0.902676
vt 0.228487 0.931507
vt 0.205838 0.910025
vt 0.224195 0.908387
vt 0.243079 0.906062
vt 0.247941 0.930582
vt 0.313713 0.621195
vt 0.333129 0.619582
vt 0.336359 0.638470
vt 0.330266 0.510622
vt 0.819479 0.409047
vt 0.781076 0.239738
vt 0.370209 0.211587
vt 0.383098 0.238811
vt 0.368513 0.249758
vt 0.608361 0.933790
vt 0.608361 0.895523
vt 0.625127 0.915483
vt 0.635832 0.927861
vt 0.019025 0.027397
vt 0.019684 0.025032
vt 0.020548 0.027397
vt 0.024787 0.437215
vt 0.021872 0.420798
vt 0.394765 0.261211
vt 0.123288 0.072018
vt 0.121151 0.079909
vt 0.120884 0.072018
vt 0.381558 0.266491
vt 0.381399 0.265391
vt 0.394374 0.259021
vt 0.393759 0.257576
vt 0.380764 0.263265
vt 0.012182 0.410458
vt 0.187168 0.934598
vt 0.178220 0.921346
vt 0.206343 0.915060
vt 0.214038 0.926150
vt 0.222428 0.937350
vt 0.197616 0.948047
vt 0.171221 0.959981
vt 0.237533 0.879150
vt 0.217757 0.882764
vt 0.217069 0.880372
vt 0.236845 0.876758
vt 0.259208 0.873923
vt 0.259899 0.876315
vt 0.264144 0.904116
vt 0.760390 0.415299
vt 0.786259 0.423766
vt 0.785748 0.434545
vt 0.759759 0.428168
vt 0.371771 0.852623
vt 0.372137 0.865356
vt 0.226762 0.943001
vt 0.230594 0.950143
vt 0.236892 0.874268
vt 0.216765 0.878166
vt 0.399257 0.842034
vt 0.379371 0.847032
vt 0.241319 0.853454
vt 0.259281 0.871434
vt 0.781034 0.241313
vt 0.910184 0.041669
vt 0.910164 0.040070
vt 0.923835 0.036490
vt 0.924021 0.037657
vt 0.779838 0.246030
vt 0.778412 0.251528
vt 0.911674 0.035553
vt 0.913094 0.030316
vt 0.925450 0.032267
vt 0.923780 0.034654
vt 0.777032 0.255461
vt 0.143790 0.047788
vt 0.914950 0.026624
vt 0.908183 0.011775
vt 0.917971 0.020473
vt 0.928042 0.025255
vt 0.926813 0.030037
vt 0.811109 0.433889
vt 0.716611 0.847558
vt 0.716895 0.860731
vt 0.692742 0.851651
vt 0.693633 0.843217
vt 0.693230 0.839071
vt 0.716895 0.840348
vt 0.809568 0.440841
vt 0.920372 0.012069
vt 0.909241 0.001385
vt 0.355409 0.651714
vt 0.338455 0.652968
vt 0.353312 0.637216
vt 0.367962 0.637210
vt 0.367606 0.651997
vt 0.931507 0.017939
vt 0.351696 0.617327
vt 0.266556 0.928812
vt 0.283025 0.901761
vt 0.283105 0.927659
vt 0.368207 0.615673
vt 0.332002 0.873791
vt 0.332783 0.879317
vt 0.301973 0.897260
vt 0.428082 0.809753
vt 0.916037 0.564861
vt 0.889485 0.570776
vt 0.904337 0.552105
vt 0.917631 0.539077
vt 0.215587 0.770009
vt 0.230594 0.788340
vt 0.216536 0.787956
vt 0.205380 0.787682
vt 0.201098 0.768812
vt 0.424091 0.821935
vt 0.420966 0.838496
vt 0.262995 0.854978
vt 0.283105 0.857152
vt 0.281717 0.868905
vt 0.892807 0.542281
vt 0.885308 0.537167
vt 0.898444 0.524919
vt 0.907063 0.529220
vt 0.929718 0.035519
vt 0.929628 0.034378
vt 0.103875 0.843312
vt 0.102878 0.843026
vt 0.103130 0.841670
vt 0.104645 0.841157
vt 0.108761 0.840426
vt 0.109589 0.843987
vt 0.930620 0.040107
vt 0.759840 0.432889
vt 0.784955 0.437974
vt 0.785159 0.439891
vt 0.760699 0.434209
vt 0.868925 0.731087
vt 0.870528 0.731207
vt 0.870755 0.769623
vt 0.373288 0.869583
vt 0.868221 0.605185
vt 0.871479 0.608856
vt 0.851480 0.643836
vt 0.867761 0.603731
vt 0.869315 0.603430
vt 0.870831 0.604248
vt 0.872090 0.608676
vt 0.872928 0.603273
vt 0.871222 0.602300
vt 0.888088 0.593871
vt 0.889549 0.594904
vt 0.894977 0.603645
vt 0.874891 0.608883
vt 0.101642 0.847032
vt 0.101692 0.840508
vt 0.931152 0.029404
vt 0.096152 0.841526
vt 0.096320 0.837150
vt 0.101981 0.836821
vt 0.103571 0.836832
vt 0.103273 0.840207
vt 0.809733 0.443562
vt 0.716146 0.837725
vt 0.693601 0.838021
vt 0.692917 0.836217
vt 0.716512 0.836194
vt 0.809133 0.444999
vt 0.768059 0.449400
vt 0.888293 0.735000
vt 0.887119 0.772002
vt 0.872628 0.769204
vt 0.102058 0.829516
vt 0.095432 0.827564
vt 0.374177 0.652490
vt 0.375513 0.637417
vt 0.377086 0.637487
vt 0.375751 0.652548
vt 0.104021 0.829498
vt 0.868925 0.805936
vt 0.851480 0.568705
vt 0.869578 0.601946
vt 0.635880 0.904588
vt 0.616637 0.889551
vt 0.617482 0.888223
vt 0.636725 0.903259
vt 0.645264 0.252688
vt 0.645859 0.251309
vt 0.659689 0.258914
vt 0.659231 0.261243
vt 0.648611 0.274627
vt 0.867043 0.576874
vt 0.887138 0.592383
vt 0.281252 0.873768
vt 0.280561 0.871376
vt 0.983016 0.801489
vt 0.984901 0.801644
vt 0.982338 0.814300
vt 0.980700 0.813878
vt 0.959979 0.803939
vt 0.962745 0.794895
vt 0.806950 0.455969
vt 0.715607 0.825040
vt 0.693372 0.827823
vt 0.403337 0.651791
vt 0.380944 0.652766
vt 0.382276 0.637734
vt 0.403150 0.635235
vt 0.423516 0.633433
vt 0.783373 0.470320
vt 0.785874 0.452513
vt 0.903889 0.724845
vt 0.910746 0.739619
vt 0.898610 0.750015
vt 0.104074 0.839485
vt 0.104640 0.837119
vt 0.108363 0.837380
vt 0.109191 0.839214
vt 0.105268 0.829876
vt 0.376782 0.652968
vt 0.378113 0.637916
vt 0.109589 0.828642
vt 0.133781 0.146655
vt 0.136986 0.146655
vt 0.135001 0.150685
vt 0.986301 0.803172
vt 0.983968 0.814752
vt 0.377250 0.615949
vt 0.914487 0.925632
vt 0.914447 0.934680
vt 0.888579 0.936073
vt 0.886956 0.923728
vt 0.886974 0.922153
vt 0.914505 0.924057
vt 0.378824 0.616018
vt 0.910490 0.764549
vt 0.922374 0.755112
vt 0.909346 0.863520
vt 0.910857 0.878959
vt 0.889641 0.878625
vt 0.889392 0.863520
vt 0.015814 0.136011
vt 0.017275 0.134116
vt 0.018265 0.135357
vt 0.017365 0.137166
vt 0.016313 0.138298
vt 0.018265 0.139269
vt 0.867980 0.559995
vt 0.880169 0.560677
vt 0.882216 0.573862
vt 0.637846 0.902154
vt 0.618603 0.887117
vt 0.643836 0.890366
vt 0.646762 0.250110
vt 0.650762 0.238156
vt 0.661102 0.257736
vt 0.630714 0.873584
vt 0.642142 0.862137
vt 0.645264 0.211759
vt 0.658867 0.230019
vt 0.672551 0.249331
vt 0.668441 0.258700
vt 0.668641 0.256334
vt 0.680750 0.253546
vt 0.680550 0.255911
vt 0.674775 0.276256
vt 0.661468 0.275254
vt 0.913066 0.898348
vt 0.930973 0.878723
vt 0.933225 0.899044
vt 0.936073 0.919894
vt 0.914560 0.918860
vt 0.888407 0.917075
vt 0.889226 0.897357
vt 0.379852 0.616449
vt 0.914893 0.923014
vt 0.887362 0.921109
vt 0.384015 0.616265
vt 0.879413 0.533785
vt 0.687215 0.254569
vt 0.896231 0.519153
vt 0.902399 0.522651
vt 0.912319 0.525635
vt 0.008902 0.022073
vt 0.009132 0.027397
vt 0.006826 0.026220
vt 0.004281 0.024691
vt 0.006780 0.020778
vt 0.913903 0.497687
vt 0.922374 0.502695
vt 0.911971 0.521263
vt 0.903230 0.517625
vt 0.668780 0.222527
vt 0.676185 0.240036
vt 0.003795 0.018884
vt 0.001185 0.022699
vt 0.979772 0.835462
vt 0.962542 0.840183
vt 0.958465 0.825758
vt 0.982822 0.818217
vt 0.061915 0.269712
vt 0.066210 0.265219
vt 0.066210 0.271471
vt 0.065880 0.276256
vt 0.009132 0.017349
vt 0.216639 0.800043
vt 0.228506 0.798246
vt 0.227903 0.799686
vt 0.216088 0.801974
vt 0.207399 0.803253
vt 0.208201 0.801679
vt 0.201098 0.803007
vt 0.986301 0.819925
vt 0.982834 0.815679
vt 0.669641 0.255535
vt 0.676138 0.244784
vt 0.904139 0.520968
vt 0.912532 0.522274
vt 0.919450 0.517341
vt 0.015753 0.123288
vt 0.015753 0.120071
vt 0.015982 0.120280
vt 0.922374 0.535429
vt 0.981003 0.816070
vt 0.957683 0.810014
vt 0.958147 0.809307
vt 0.980402 0.815037
vt 0.898772 0.517491
vt 0.020548 0.061065
vt 0.020169 0.063927
vt 0.020169 0.060446
vt 0.225528 0.802058
vt 0.203701 0.805936
vt 0.824201 0.914313
vt 0.165626 0.731333
vt 0.165288 0.730116
vt 0.145437 0.073059
vt 0.145437 0.069221
vt 0.146119 0.071228
vt 0.145976 0.070358
vt 0.523534 0.337892
vt 0.816817 0.869077
vt 0.006849 0.112517
vt 0.601266 0.084953
vt 0.582940 0.135445
vt 0.769650 0.907292
vt 0.769650 0.972603
vt 0.798263 0.951523
vt 0.799888 0.954441
vt 0.807205 0.963878
vt 0.778217 0.299580
vt 0.782536 0.337900
vt 0.107306 0.013699
vt 0.106256 0.013255
vt 0.107306 0.010189
vt 0.596163 0.163717
s 1
usemtl Material.011
f 1/1/1 2/2/2 3/3/3
f 1/4/1 3/5/3 4/6/4
f 1/4/1 4/6/4 5/7/5
f 1/4/1 5/7/5 6/8/6
f 1/1/1 6/9/6 7/10/7
f 1/1/1 7/10/7 8/11/8
f 1/1/1 8/11/8 9/12/9
f 1/1/1 9/12/9 2/2/2
f 10/13/10 2/2/2 9/12/9
f 10/13/10 9/12/9 8/11/8
f 10/13/10 8/11/8 11/14/11
f 10/13/10 11/14/11 12/15/12
f 10/13/10 12/15/12 13/16/13
f 10/17/10 13/18/13 14/19/14
f 10/13/10 14/20/14 15/21/15
f 10/13/10 15/21/15 2/2/2
f 16/22/16 2/2/2 15/21/15
f 16/22/16 15/21/15 14/20/14
f 16/23/16 14/19/14 17/24/17
f 16/23/16 17/24/17 18/25/18
f 16/26/16 18/27/18 19/28/19
f 16/26/16 19/28/19 4/6/4
f 16/26/16 4/6/4 3/5/3
f 16/22/16 3/3/3 2/2/2
f 20/29/20 4/6/4 19/28/19
f 20/29/20 19/28/19 18/27/18
f 20/29/20 18/27/18 21/30/21
f 20/29/20 21/30/21 22/31/22
f 20/29/20 22/31/22 23/32/23
f 20/29/20 23/32/23 24/33/24
f 20/29/20 24/33/24 25/34/25
f 20/29/20 25/34/25 4/6/4
f 26/35/26 4/6/4 25/34/25
f 26/35/26 25/34/25 24/33/24
f 26/35/26 24/33/24 27/36/27
f 26/37/26 27/38/27 28/39/28
f 26/35/26 28/40/28 29/41/29
f 26/35/26 29/41/29 6/8/6
f 26/35/26 6/8/6 5/7/5
f 26/35/26 5/7/5 4/6/4
f 30/42/30 8/11/8 7/10/7
f 30/42/30 7/10/7 6/9/6
f 30/42/30 6/9/6 31/43/31
f 30/44/30 31/45/31 32/46/32
f 30/44/30 32/46/32 33/47/33
f 30/48/30 33/49/33 34/50/34
f 30/48/30 34/50/34 35/51/35
f 30/42/30 35/52/35 8/11/8
f 36/53/36 8/54/8 35/51/35
f 36/53/36 35/51/35 34/50/34
f 36/53/36 34/50/34 37/55/37
f 36/53/36 37/55/37 38/56/38
f 36/53/36 38/56/38 39/57/39
f 36/58/36 39/59/39 12/15/12
f 36/58/36 12/15/12 11/14/11
f 36/58/36 11/14/11 8/11/8
f 40/60/40 6/8/6 29/41/29
f 40/61/40 29/62/29 28/63/28
f 40/64/40 28/65/28 41/66/41
f 40/64/40 41/66/41 42/67/42
f 40/68/40 42/69/42 43/70/43
f 40/68/40 43/70/43 32/71/32
f 40/68/40 32/71/32 31/72/31
f 40/60/40 31/73/31 6/8/6
f 44/74/44 45/75/45 46/76/46
f 44/77/44 46/78/46 47/79/47
f 44/80/44 47/81/47 48/82/48
f 44/80/44 48/82/48 49/83/49
f 44/80/44 49/83/49 50/84/50
f 44/85/44 50/86/50 51/87/51
f 44/85/44 51/87/51 52/88/52
f 44/74/44 52/89/52 45/75/45
f 53/90/53 45/75/45 52/89/52
f 53/91/53 52/92/52 54/93/54
f 53/91/53 54/93/54 55/94/55
f 53/91/53 55/94/55 56/95/56
f 53/91/53 56/95/56 57/96/57
f 53/97/53 57/98/57 58/99/58
f 53/97/53 58/99/58 59/100/59
f 53/90/53 59/101/59 60/102/60
f 53/90/53 60/102/60 61/103/61
f 53/90/53 61/103/61 45/75/45
f 61/104/61 60/105/60 62/106/62
f 61/104/61 62/106/62 63/107/63
f 61/104/61 63/107/63 64/108/64
f 61/104/61 64/108/64 65/109/65
f 61/103/61 65/110/65 46/76/46
f 61/103/61 46/76/46 45/75/45
f 55/94/55 54/93/54 66/111/66
f 55/94/55 66/111/66 67/112/67
f 55/94/55 67/112/67 68/113/68
f 55/94/55 68/113/68 69/114/69
f 55/94/55 69/114/69 70/115/70
f 55/94/55 70/115/70 56/95/56
f 71/116/71 70/115/70 72/117/72
f 71/116/71 72/117/72 73/118/73
f 71/116/71 73/118/73 74/119/74
f 71/120/71 74/121/74 75/122/75
f 71/120/71 75/122/75 76/123/76
f 71/120/71 76/123/76 77/124/77
f 71/120/71 77/124/77 78/125/78
f 71/116/71 78/126/78 70/115/70
f 79/127/79 70/115/70 69/114/69
f 79/127/79 69/114/69 68/113/68
f 79/127/79 68/113/68 80/128/80
f 79/127/79 80/128/80 81/129/81
f 79/130/79 81/131/81 82/132/82
f 79/130/79 82/132/82 73/133/73
f 79/127/79 73/118/73 72/117/72
f 79/127/79 72/117/72 70/115/70
f 83/134/83 77/124/77 76/123/76
f 83/134/83 76/123/76 75/122/75
f 83/135/83 75/136/75 84/137/84
f 83/135/83 84/137/84 85/138/85
f 83/135/83 85/138/85 86/139/86
f 83/135/83 86/139/86 87/140/87
f 83/135/83 87/140/87 88/141/88
f 83/134/83 88/142/88 77/124/77
f 89/143/89 49/83/49 48/82/48
f 89/143/89 48/82/48 90/144/90
f 89/143/89 90/144/90 91/145/91
f 89/143/89 91/145/91 92/146/92
f 89/143/89 92/146/92 93/147/93
f 89/143/89 93/147/93 94/148/94
f 89/143/89 50/84/50 49/83/49
f 95/149/95 52/88/52 51/87/51
f 95/149/95 51/87/51 50/86/50
f 95/150/95 50/151/50 96/152/96
f 95/150/95 96/152/96 97/153/97
f 95/154/95 97/155/97 98/156/98
f 95/154/95 98/156/98 99/157/99
f 95/158/95 99/159/99 100/160/100
f 95/158/95 100/160/100 52/161/52
f 66/111/66 54/93/54 52/92/52
f 66/162/66 52/161/52 100/160/100
f 66/162/66 100/160/100 99/159/99
f 66/163/66 99/164/99 101/165/101
f 66/163/66 101/165/101 67/166/67
f 102/167/102 103/168/103 104/169/104
f 102/170/102 104/171/104 105/172/105
f 102/170/102 105/172/105 106/173/106
f 102/170/102 106/173/106 107/174/107
f 102/175/102 107/176/107 108/177/108
f 102/175/102 108/177/108 109/178/109
f 102/167/102 109/179/109 110/180/110
f 102/167/102 110/180/110 103/168/103
f 111/181/111 103/168/103 110/180/110
f 111/181/111 110/180/110 109/179/109
f 111/181/111 109/179/109 112/182/112
f 111/183/111 112/184/112 59/185/59
f 111/183/111 59/185/59 58/186/58
f 87/187/87 86/188/86 113/189/113
f 87/187/87 113/189/113 114/190/114
f 87/187/87 114/190/114 105/172/105
f 87/187/87 105/172/105 104/171/104
f 87/140/87 104/169/104 103/168/103
f 87/140/87 103/168/103 88/141/88
f 115/191/115 94/148/94 93/147/93
f 115/191/115 93/147/93 116/192/116
f 115/191/115 116/192/116 117/193/117
f 115/191/115 117/193/117 97/153/97
f 115/191/115 97/153/97 96/152/96
f 115/191/115 96/152/96 50/151/50
f 115/191/115 50/151/50 94/148/94
f 101/194/101 99/195/99 118/196/118
f 101/194/101 118/196/118 81/131/81
f 101/194/101 81/131/81 80/197/80
f 101/198/101 80/128/80 68/113/68
f 101/198/101 68/113/68 67/112/67
f 119/199/119 120/200/120 121/201/121
f 119/199/119 121/201/121 122/202/122
f 119/199/119 122/202/122 123/203/123
f 119/199/119 123/203/123 124/204/124
f 119/199/119 124/204/124 91/205/91
f 119/199/119 91/205/91 90/206/90
f 119/199/119 90/206/90 48/207/48
f 119/199/119 48/207/48 120/200/120
f 125/208/125 120/200/120 48/207/48
f 125/209/125 48/210/48 126/211/126
f 125/209/125 126/211/126 127/212/127
f 125/209/125 127/212/127 128/213/128
f 125/214/125 128/215/128 129/216/129
f 125/217/125 129/218/129 130/219/130
f 125/217/125 130/219/130 121/220/121
f 125/217/125 121/220/121 120/221/120
f 47/222/47 46/223/46 127/224/127
f 47/225/47 127/212/127 126/211/126
f 47/81/47 126/226/126 48/82/48
f 131/227/131 92/146/92 91/145/91
f 131/227/131 91/145/91 132/228/132
f 131/229/131 132/230/132 133/231/133
f 131/229/131 133/231/133 134/232/134
f 131/229/131 134/232/134 135/233/135
f 131/229/131 135/233/135 116/234/116
f 131/227/131 116/192/116 93/147/93
f 131/227/131 93/147/93 92/146/92
f 85/138/85 84/137/84 136/235/136
f 85/138/85 136/235/136 137/236/137
f 85/138/85 137/236/137 138/237/138
f 85/238/85 138/239/138 139/240/139
f 85/238/85 139/240/139 113/189/113
f 85/238/85 113/189/113 86/188/86
f 123/203/123 122/202/122 121/201/121
f 123/203/123 121/201/121 140/241/140
f 123/203/123 140/241/140 141/242/141
f 123/203/123 141/242/141 142/243/123
f 123/203/123 142/243/123 143/244/142
f 123/203/123 143/244/142 124/204/124
f 144/245/143 121/220/121 130/219/130
f 144/245/143 130/219/130 129/218/129
f 144/246/143 129/247/129 145/248/144
f 144/246/143 145/248/144 146/249/145
f 144/250/143 146/251/145 147/252/146
f 144/253/143 147/254/146 141/242/141
f 144/253/143 141/242/141 140/241/140
f 144/245/143 140/255/140 121/220/121
f 148/256/147 46/223/46 65/257/65
f 148/256/147 65/257/65 64/258/64
f 148/256/147 64/258/64 149/259/148
f 148/260/147 149/261/148 150/262/149
f 148/260/147 150/262/149 151/263/150
f 148/264/147 151/265/150 128/266/128
f 148/256/147 128/267/128 127/224/127
f 148/256/147 127/224/127 46/223/46
f 152/268/151 106/173/106 105/172/105
f 152/269/151 105/270/105 153/271/152
f 152/272/151 153/273/152 154/274/153
f 152/272/151 154/274/153 155/275/154
f 152/272/151 155/275/154 156/276/155
f 152/272/151 156/276/155 157/277/156
f 152/272/151 157/277/156 107/278/107
f 152/272/151 107/278/107 106/279/106
f 158/280/157 105/172/105 114/190/114
f 158/280/157 114/190/114 113/189/113
f 158/280/157 113/189/113 159/281/158
f 158/282/157 159/283/158 160/284/159
f 158/282/157 160/284/159 161/285/160
f 158/282/157 161/285/160 154/274/153
f 158/282/157 154/274/153 153/273/152
f 158/286/157 153/271/152 105/270/105
f 143/244/142 142/243/123 162/287/123
f 143/244/142 162/287/123 163/288/161
f 143/244/142 163/288/161 133/289/133
f 143/244/142 133/289/133 132/290/132
f 143/244/142 132/290/132 91/205/91
f 143/244/142 91/205/91 124/204/124
f 164/291/162 113/189/113 139/240/139
f 164/291/162 139/240/139 138/239/138
f 164/292/162 138/293/138 165/294/163
f 164/292/162 165/294/163 166/295/164
f 164/292/162 166/295/164 167/296/165
f 164/297/162 167/298/165 160/284/159
f 164/297/162 160/284/159 159/283/158
f 164/291/162 159/281/158 113/189/113
f 168/299/166 24/300/24 23/301/23
f 168/302/166 23/303/23 22/304/22
f 168/302/166 22/304/22 169/305/167
f 168/302/166 169/305/167 170/306/168
f 168/302/166 170/306/168 171/307/169
f 168/299/166 171/308/169 172/309/170
f 168/299/166 172/309/170 173/310/171
f 168/299/166 173/310/171 24/300/24
f 174/311/172 24/300/24 173/310/171
f 174/311/172 173/310/171 172/309/170
f 174/311/172 172/309/170 175/312/173
f 174/311/172 175/312/173 176/313/174
f 174/311/172 176/313/174 177/314/175
f 174/311/172 177/314/175 28/39/28
f 174/311/172 28/39/28 27/38/27
f 174/311/172 27/38/27 24/300/24
f 178/315/176 34/50/34 33/49/33
f 178/316/176 33/47/33 32/46/32
f 178/316/176 32/46/32 179/317/177
f 178/316/176 179/317/177 180/318/178
f 178/319/176 180/320/178 181/321/179
f 178/322/176 181/323/179 182/324/180
f 178/325/176 182/326/180 183/327/181
f 178/315/176 183/328/181 34/50/34
f 184/329/182 34/50/34 183/328/181
f 184/330/182 183/327/181 182/326/180
f 184/330/182 182/326/180 185/331/183
f 184/330/182 185/331/183 186/332/184
f 184/330/182 186/332/184 187/333/185
f 184/329/182 187/334/185 38/56/38
f 184/329/182 38/56/38 37/55/37
f 184/329/182 37/55/37 34/50/34
f 188/335/186 189/336/187 109/337/109
f 188/335/186 109/337/109 190/338/188
f 188/335/186 190/338/188 191/339/189
f 188/335/186 191/339/189 192/340/190
f 188/335/186 192/340/190 193/341/191
f 188/342/186 193/343/191 194/344/192
f 188/342/186 194/344/192 112/345/112
f 188/342/186 112/345/112 189/346/187
f 195/347/193 109/178/109 108/177/108
f 195/348/193 108/349/108 107/350/107
f 195/348/193 107/350/107 196/351/194
f 195/352/193 196/353/194 197/354/195
f 195/352/193 197/354/195 198/355/196
f 195/352/193 198/355/196 191/356/189
f 195/357/193 191/358/189 190/359/188
f 195/347/193 190/360/188 109/178/109
f 199/361/197 107/278/107 157/277/156
f 199/362/197 157/363/156 156/364/155
f 199/362/197 156/364/155 200/365/198
f 199/366/197 200/367/198 201/368/199
f 199/369/197 201/370/199 202/371/200
f 199/369/197 202/371/200 197/372/195
f 199/369/197 197/372/195 196/373/194
f 199/374/197 196/375/194 107/376/107
f 203/377/201 28/39/28 177/314/175
f 203/377/201 177/314/175 176/313/174
f 203/378/201 176/379/174 204/380/202
f 203/378/201 204/380/202 205/381/203
f 203/378/201 205/381/203 206/382/204
f 203/378/201 206/382/204 42/383/42
f 203/384/201 42/67/42 41/66/41
f 203/384/201 41/66/41 28/65/28
f 207/385/205 128/266/128 151/265/150
f 207/385/205 151/265/150 150/386/149
f 207/385/205 150/386/149 208/387/206
f 207/388/205 208/389/206 209/390/207
f 207/388/205 209/390/207 210/391/208
f 207/388/205 210/391/208 145/392/144
f 207/393/205 145/394/144 129/216/129
f 207/393/205 129/216/129 128/215/128
f 211/395/209 175/312/173 172/309/170
f 211/395/209 172/309/170 212/396/210
f 211/395/209 212/396/210 213/397/211
f 211/395/209 213/397/211 214/398/212
f 211/395/209 214/398/212 215/399/213
f 211/395/209 215/399/213 216/400/214
f 211/395/209 216/400/214 176/313/174
f 211/395/209 176/313/174 175/312/173
f 213/397/211 212/396/210 172/309/170
f 213/397/211 172/309/170 171/308/169
f 213/401/211 171/307/169 170/306/168
f 213/401/211 170/306/168 217/402/215
f 213/401/211 217/402/215 218/403/216
f 213/401/211 218/403/216 214/404/212
f 219/405/217 220/406/218 221/407/219
f 219/405/217 221/407/219 222/408/220
f 219/405/217 222/408/220 223/409/221
f 219/405/217 223/409/221 224/410/222
f 219/405/217 224/410/222 225/411/223
f 219/412/217 225/413/223 226/414/224
f 219/412/217 226/414/224 227/415/225
f 219/412/217 227/415/225 220/416/218
f 228/417/226 220/416/218 227/415/225
f 228/417/226 227/415/225 229/418/227
f 228/417/226 229/418/227 230/419/228
f 228/420/226 230/421/228 231/422/229
f 228/420/226 231/422/229 232/423/230
f 228/420/226 232/423/230 233/424/231
f 228/425/226 233/426/231 221/407/219
f 228/425/226 221/407/219 220/406/218
f 234/427/232 145/248/144 210/428/208
f 234/429/232 210/391/208 209/390/207
f 234/429/232 209/390/207 235/430/233
f 234/427/232 235/431/233 236/432/234
f 234/427/232 236/432/234 237/433/235
f 234/427/232 237/433/235 238/434/236
f 234/427/232 238/434/236 239/435/237
f 234/427/232 239/435/237 146/249/145
f 234/427/232 146/249/145 145/248/144
f 240/436/238 156/437/155 155/438/154
f 240/439/238 155/440/154 154/441/153
f 240/439/238 154/441/153 241/442/239
f 240/439/238 241/442/239 242/443/240
f 240/439/238 242/443/240 243/444/241
f 240/436/238 243/445/241 244/446/242
f 240/436/238 244/446/242 245/447/243
f 240/436/238 245/447/243 156/437/155
f 246/448/244 156/437/155 245/447/243
f 246/448/244 245/447/243 244/446/242
f 246/448/244 244/446/242 247/449/245
f 246/450/244 247/451/245 248/452/246
f 246/450/244 248/452/246 249/453/247
f 246/450/244 249/453/247 201/368/199
f 246/450/244 201/368/199 200/367/198
f 246/448/244 200/454/198 156/437/155
f 250/455/248 32/71/32 43/70/43
f 250/455/248 43/70/43 42/69/42
f 250/456/248 42/457/42 251/458/249
f 250/456/248 251/458/249 252/459/250
f 250/456/248 252/459/250 253/460/251
f 250/461/248 253/462/251 180/318/178
f 250/461/248 180/318/178 179/317/177
f 250/461/248 179/317/177 32/46/32
f 218/403/216 217/402/215 254/463/252
f 218/403/216 254/463/252 255/464/253
f 218/403/216 255/464/253 256/465/254
f 218/403/216 256/465/254 257/466/255
f 218/403/216 257/466/255 215/467/213
f 218/468/216 215/399/213 214/398/212
f 258/469/256 221/470/219 233/471/231
f 258/469/256 233/471/231 232/472/230
f 258/473/256 232/474/230 259/475/257
f 258/473/256 259/475/257 260/476/258
f 258/469/256 260/477/258 261/478/259
f 258/469/256 261/478/259 262/479/260
f 258/469/256 262/479/260 263/480/261
f 258/469/256 263/480/261 221/470/219
f 264/481/262 221/470/219 263/480/261
f 264/481/262 263/480/261 262/479/260
f 264/482/262 262/483/260 265/484/263
f 264/482/262 265/484/263 182/326/180
f 264/481/262 182/324/180 266/485/264
f 264/481/262 266/485/264 223/486/221
f 264/481/262 223/486/221 222/487/220
f 264/481/262 222/487/220 221/470/219
f 267/488/265 224/410/222 223/409/221
f 267/488/265 223/409/221 268/489/266
f 267/488/265 268/489/266 269/490/267
f 267/488/265 269/490/267 270/491/268
f 267/488/265 270/491/268 271/492/269
f 267/488/265 271/492/269 272/493/270
f 267/494/265 272/495/270 225/413/223
f 267/488/265 225/411/223 224/410/222
f 273/496/271 197/372/195 202/371/200
f 273/497/271 202/498/200 201/499/199
f 273/497/271 201/499/199 274/500/272
f 273/497/271 274/500/272 275/501/273
f 273/497/271 275/501/273 276/502/274
f 273/503/271 276/504/274 277/505/275
f 273/503/271 277/505/275 278/506/276
f 273/503/271 278/506/276 197/507/195
f 279/508/277 197/354/195 278/509/276
f 279/508/277 278/509/276 277/510/275
f 279/508/277 277/510/275 280/511/278
f 279/508/277 280/511/278 281/512/279
f 279/513/277 281/514/279 282/515/280
f 279/513/277 282/515/280 191/516/189
f 279/508/277 191/356/189 198/355/196
f 279/508/277 198/355/196 197/354/195
f 283/517/281 244/446/242 243/445/241
f 283/518/281 243/444/241 242/443/240
f 283/518/281 242/443/240 284/519/282
f 283/518/281 284/519/282 285/520/283
f 283/518/281 285/520/283 286/521/284
f 283/518/281 286/521/284 287/522/285
f 283/518/281 287/522/285 288/523/286
f 283/517/281 288/524/286 244/446/242
f 289/525/287 244/446/242 288/524/286
f 289/525/287 288/524/286 287/526/285
f 289/525/287 287/526/285 290/527/288
f 289/528/287 290/529/288 291/530/289
f 289/531/287 291/532/289 292/533/290
f 289/531/287 292/533/290 248/452/246
f 289/531/287 248/452/246 247/451/245
f 289/525/287 247/449/245 244/446/242
f 293/534/291 154/274/153 161/285/160
f 293/534/291 161/285/160 160/284/159
f 293/535/291 160/536/159 294/537/292
f 293/535/291 294/537/292 295/538/293
f 293/535/291 295/538/293 296/539/294
f 293/535/291 296/539/294 242/443/240
f 293/535/291 242/443/240 241/442/239
f 293/535/291 241/442/239 154/441/153
f 297/540/295 231/422/229 230/421/228
f 297/540/295 230/421/228 298/541/296
f 297/540/295 298/541/296 299/542/297
f 297/540/295 299/542/297 300/543/298
f 297/540/295 300/543/298 301/544/299
f 297/540/295 301/544/299 302/545/300
f 297/540/295 302/545/300 232/423/230
f 297/540/295 232/423/230 231/422/229
f 303/546/301 304/547/302 305/548/303
f 303/546/301 305/548/303 306/549/304
f 303/546/301 306/549/304 307/550/305
f 303/546/301 307/550/305 308/551/306
f 303/552/301 308/553/306 309/554/307
f 303/552/301 309/554/307 310/555/308
f 303/552/301 310/555/308 311/556/309
f 303/546/301 311/557/309 304/547/302
f 312/558/310 304/547/302 311/557/309
f 312/558/310 311/557/309 313/559/311
f 312/560/310 313/561/311 314/562/312
f 312/560/310 314/562/312 315/563/313
f 312/558/310 315/564/313 316/565/314
f 312/558/310 316/565/314 317/566/315
f 312/558/310 317/566/315 305/548/303
f 312/558/310 305/548/303 304/547/302
f 318/567/316 306/549/304 305/548/303
f 318/567/316 305/548/303 319/568/317
f 318/569/316 319/570/317 320/571/318
f 318/569/316 320/571/318 321/572/319
f 318/569/316 321/572/319 322/573/320
f 318/569/316 322/573/320 323/574/321
f 318/567/316 323/575/321 307/550/305
f 318/567/316 307/550/305 306/549/304
f 324/576/322 305/577/303 317/578/315
f 324/579/322 317/580/315 316/581/314
f 324/582/322 316/583/314 325/584/323
f 324/585/322 325/586/323 326/587/324
f 324/585/322 326/587/324 327/588/325
f 324/585/322 327/588/325 320/589/318
f 324/576/322 320/571/318 319/570/317
f 324/576/322 319/570/317 305/577/303
f 328/590/326 201/368/199 249/453/247
f 328/590/326 249/453/247 248/452/246
f 328/590/326 248/452/246 329/591/327
f 328/592/326 329/593/327 330/594/328
f 328/592/326 330/594/328 331/595/329
f 328/592/326 331/595/329 275/596/273
f 328/597/326 275/501/273 274/500/272
f 328/590/326 274/598/272 201/368/199
f 332/599/330 223/486/221 266/485/264
f 332/599/330 266/485/264 182/324/180
f 332/599/330 182/324/180 181/323/179
f 332/599/330 181/323/179 269/600/267
f 332/601/330 269/490/267 268/489/266
f 332/599/330 268/602/266 223/486/221
f 333/603/331 334/604/332 335/605/333
f 333/603/331 335/605/333 336/606/334
f 333/603/331 336/606/334 337/607/335
f 333/603/331 337/607/335 338/608/336
f 333/603/331 338/608/336 339/609/337
f 333/610/331 339/611/337 340/612/338
f 333/603/331 340/613/338 341/614/339
f 333/603/331 341/614/339 334/604/332
f 341/615/339 340/612/338 342/616/340
f 341/617/339 342/618/340 343/619/341
f 341/617/339 343/619/341 344/620/342
f 341/617/339 344/620/342 345/621/343
f 341/622/339 345/623/343 346/624/344
f 341/614/339 346/625/344 334/604/332
f 344/620/342 343/619/341 301/544/299
f 344/620/342 301/544/299 300/543/298
f 344/620/342 300/543/298 299/542/297
f 344/620/342 299/542/297 347/626/345
f 344/620/342 347/626/345 314/562/312
f 344/620/342 314/562/312 313/561/311
f 344/627/342 313/628/311 311/629/309
f 344/630/342 311/556/309 345/623/343
f 346/624/344 345/623/343 311/556/309
f 346/624/344 311/556/309 310/555/308
f 346/624/344 310/555/308 309/554/307
f 346/624/344 309/554/307 348/631/346
f 346/624/344 348/631/346 335/632/333
f 346/625/344 335/605/333 334/604/332
f 349/633/347 308/551/306 307/550/305
f 349/633/347 307/550/305 350/634/348
f 349/633/347 350/634/348 351/635/349
f 349/633/347 351/635/349 352/636/350
f 349/637/347 352/638/350 353/639/351
f 349/637/347 353/639/351 354/640/352
f 349/637/347 354/640/352 309/554/307
f 349/637/347 309/554/307 308/553/306
f 355/641/353 191/339/189 282/642/280
f 355/641/353 282/642/280 281/643/279
f 355/641/353 281/643/279 356/644/354
f 355/641/353 356/644/354 357/645/355
f 355/641/353 357/645/355 358/646/356
f 355/641/353 358/646/356 193/341/191
f 355/641/353 193/341/191 192/340/190
f 355/641/353 192/340/190 191/339/189
f 359/647/357 307/550/305 323/575/321
f 359/648/357 323/574/321 322/573/320
f 359/648/357 322/573/320 360/649/358
f 359/648/357 360/649/358 361/650/359
f 359/648/357 361/650/359 362/651/360
f 359/648/357 362/651/360 351/652/349
f 359/648/357 351/652/349 350/653/348
f 359/647/357 350/634/348 307/550/305
f 363/654/361 277/505/275 276/504/274
f 363/655/361 276/656/274 275/657/273
f 363/658/361 275/596/273 364/659/362
f 363/660/361 364/661/362 365/662/363
f 363/660/361 365/662/363 366/663/364
f 363/664/361 366/665/364 367/666/365
f 363/654/361 367/667/365 368/668/366
f 363/654/361 368/668/366 277/505/275
f 369/669/367 277/505/275 368/668/366
f 369/669/367 368/668/366 367/667/365
f 369/669/367 367/667/365 370/670/368
f 369/671/367 370/672/368 371/673/369
f 369/674/367 371/675/369 372/676/370
f 369/674/367 372/676/370 281/677/279
f 369/678/367 281/512/279 280/511/278
f 369/678/367 280/511/278 277/510/275
f 373/679/371 160/284/159 167/298/165
f 373/680/371 167/296/165 166/295/164
f 373/680/371 166/295/164 374/681/372
f 373/680/371 374/681/372 375/682/373
f 373/680/371 375/682/373 376/683/374
f 373/684/371 376/685/374 295/538/293
f 373/684/371 295/538/293 294/537/292
f 373/684/371 294/537/292 160/536/159
f 377/686/375 176/313/174 216/400/214
f 377/686/375 216/400/214 215/399/213
f 377/687/375 215/688/213 378/689/376
f 377/687/375 378/689/376 379/690/377
f 377/687/375 379/690/377 380/691/378
f 377/687/375 380/691/378 205/381/203
f 377/687/375 205/381/203 204/380/202
f 377/687/375 204/380/202 176/379/174
f 381/692/379 42/383/42 206/382/204
f 381/692/379 206/382/204 205/381/203
f 381/692/379 205/381/203 382/693/380
f 381/694/379 382/695/380 383/696/381
f 381/694/379 383/696/381 384/697/382
f 381/694/379 384/697/382 251/698/249
f 381/692/379 251/699/249 42/383/42
f 385/700/383 261/478/259 260/477/258
f 385/701/383 260/476/258 386/702/384
f 385/701/383 386/702/384 387/703/385
f 385/704/383 387/705/385 388/706/386
f 385/704/383 388/706/386 389/707/387
f 385/704/383 389/707/387 390/708/388
f 385/700/383 390/709/388 262/479/260
f 385/700/383 262/479/260 261/478/259
f 391/710/389 226/414/224 225/413/223
f 391/710/389 225/413/223 392/711/390
f 391/712/389 392/713/390 393/714/391
f 391/712/389 393/714/391 394/715/392
f 391/712/389 394/715/392 395/716/393
f 391/712/389 395/716/393 396/717/394
f 391/710/389 396/718/394 227/415/225
f 391/710/389 227/415/225 226/414/224
f 397/719/395 227/415/225 396/718/394
f 397/720/395 396/717/394 395/716/393
f 397/720/395 395/716/393 398/721/396
f 397/720/395 398/721/396 399/722/397
f 397/723/395 399/724/397 400/725/398
f 397/723/395 400/725/398 230/726/228
f 397/719/395 230/419/228 229/418/227
f 397/719/395 229/418/227 227/415/225
f 401/727/399 232/423/230 302/545/300
f 401/727/399 302/545/300 301/544/299
f 401/727/399 301/544/299 342/618/340
f 401/728/399 342/729/340 402/730/400
f 401/728/399 402/730/400 260/476/258
f 401/728/399 260/476/258 259/475/257
f 401/727/399 259/731/257 232/423/230
f 339/609/337 338/608/336 403/732/401
f 339/733/337 403/734/401 404/735/402
f 339/733/337 404/735/402 405/736/403
f 339/733/337 405/736/403 406/737/404
f 339/738/337 406/739/404 342/740/340
f 339/611/337 342/616/340 340/612/338
f 342/618/340 301/544/299 343/619/341
f 403/732/401 338/608/336 337/607/335
f 403/732/401 337/607/335 407/741/405
f 403/732/401 407/741/405 408/742/406
f 403/732/401 408/742/406 409/743/407
f 403/744/401 409/745/407 410/746/408
f 403/734/401 410/747/408 404/735/402
f 411/748/409 337/607/335 336/606/334
f 411/748/409 336/606/334 335/605/333
f 411/748/409 335/605/333 412/749/410
f 411/750/409 412/751/410 413/752/411
f 411/750/409 413/752/411 414/753/412
f 411/748/409 414/754/412 408/742/406
f 411/748/409 408/742/406 407/741/405
f 411/748/409 407/741/405 337/607/335
f 415/755/413 335/756/333 348/757/346
f 415/758/413 348/631/346 309/554/307
f 415/758/413 309/554/307 354/640/352
f 415/758/413 354/640/352 353/639/351
f 415/758/413 353/639/351 416/759/414
f 415/760/413 416/761/414 413/762/411
f 415/760/413 413/762/411 412/763/410
f 415/764/413 412/765/410 335/766/333
f 417/767/415 322/573/320 321/572/319
f 417/767/415 321/572/319 320/571/318
f 417/768/415 320/769/318 418/770/416
f 417/768/415 418/770/416 419/771/417
f 417/768/415 419/771/417 420/772/418
f 417/768/415 420/772/418 361/773/359
f 417/767/415 361/650/359 360/649/358
f 417/767/415 360/649/358 322/573/320
f 421/774/419 320/589/318 327/588/325
f 421/774/419 327/588/325 326/587/324
f 421/774/419 326/587/324 422/775/420
f 421/774/419 422/775/420 423/776/421
f 421/774/419 423/776/421 424/777/422
f 421/778/419 424/779/422 419/771/417
f 421/778/419 419/771/417 418/770/416
f 421/778/419 418/770/416 320/769/318
f 425/780/423 275/596/273 331/595/329
f 425/780/423 331/595/329 330/594/328
f 425/780/423 330/594/328 426/781/424
f 425/780/423 426/781/424 427/782/425
f 425/780/423 427/782/425 428/783/426
f 425/784/423 428/785/426 365/786/363
f 425/780/423 365/787/363 364/659/362
f 425/780/423 364/659/362 275/596/273
f 429/788/427 248/452/246 292/533/290
f 429/788/427 292/533/290 291/532/289
f 429/789/427 291/790/289 430/791/428
f 429/789/427 430/791/428 431/792/429
f 429/793/427 431/794/429 432/795/430
f 429/793/427 432/795/430 330/594/328
f 429/793/427 330/594/328 329/593/327
f 429/788/427 329/591/327 248/452/246
f 295/538/293 376/685/374 285/520/283
f 295/538/293 285/520/283 284/519/282
f 295/538/293 284/519/282 242/443/240
f 295/538/293 242/443/240 296/539/294
f 433/796/431 182/326/180 265/484/263
f 433/796/431 265/484/263 262/483/260
f 433/796/431 262/483/260 390/797/388
f 433/796/431 390/797/388 389/798/387
f 433/796/431 389/798/387 434/799/432
f 433/796/431 434/799/432 435/800/433
f 433/796/431 435/800/433 186/332/184
f 433/796/431 186/332/184 185/331/183
f 433/796/431 185/331/183 182/326/180
f 436/801/434 208/387/206 150/386/149
f 436/802/434 150/262/149 437/803/435
f 436/802/434 437/803/435 252/459/250
f 436/802/434 252/459/250 384/804/382
f 436/805/434 384/697/382 438/806/436
f 436/807/434 438/808/436 209/809/207
f 436/810/434 209/390/207 208/389/206
f 439/811/437 150/262/149 149/261/148
f 439/811/437 149/261/148 64/812/64
f 439/813/437 64/108/64 440/814/438
f 439/811/437 440/815/438 441/816/439
f 439/811/437 441/816/439 442/817/440
f 439/811/437 442/817/440 252/459/250
f 439/811/437 252/459/250 437/803/435
f 439/811/437 437/803/435 150/262/149
f 443/818/441 225/413/223 272/495/270
f 443/818/441 272/495/270 271/819/269
f 443/818/441 271/819/269 444/820/442
f 443/821/441 444/822/442 445/823/443
f 443/821/441 445/823/443 446/824/444
f 443/821/441 446/824/444 393/714/391
f 443/821/441 393/714/391 392/713/390
f 443/818/441 392/711/390 225/413/223
f 447/825/445 330/594/328 432/795/430
f 447/825/445 432/795/430 431/794/429
f 447/826/445 431/827/429 448/828/446
f 447/829/445 448/830/446 449/831/447
f 447/829/445 449/831/447 450/832/448
f 447/825/445 450/833/448 427/782/425
f 447/825/445 427/782/425 426/781/424
f 447/825/445 426/781/424 330/594/328
f 451/834/449 215/688/213 257/835/255
f 451/836/449 257/837/255 256/838/254
f 451/836/449 256/838/254 452/839/450
f 451/836/449 452/839/450 453/840/451
f 451/834/449 453/841/451 454/842/452
f 451/834/449 454/842/452 379/690/377
f 451/834/449 379/690/377 378/689/376
f 451/834/449 378/689/376 215/688/213
f 455/843/453 388/844/386 387/845/385
f 455/843/453 387/845/385 456/846/454
f 455/843/453 456/846/454 457/847/455
f 455/843/453 457/847/455 458/848/456
f 455/849/453 458/850/456 459/851/457
f 455/852/453 459/853/457 434/799/432
f 455/852/453 434/799/432 389/798/387
f 455/854/453 389/707/387 388/706/386
f 460/855/458 209/390/207 438/856/436
f 460/857/458 438/806/436 384/697/382
f 460/857/458 384/697/382 383/696/381
f 460/857/458 383/696/381 235/858/233
f 460/855/458 235/430/233 209/390/207
f 461/859/459 386/702/384 260/476/258
f 461/859/459 260/476/258 402/730/400
f 461/859/459 402/730/400 342/729/340
f 461/859/459 342/729/340 406/860/404
f 461/859/459 406/860/404 405/861/403
f 461/859/459 405/861/403 462/862/460
f 461/859/459 462/862/460 387/703/385
f 461/859/459 387/703/385 386/702/384
f 410/746/408 409/745/407 463/863/461
f 410/864/408 463/865/461 464/866/462
f 410/747/408 464/867/462 465/868/463
f 410/747/408 465/868/463 466/869/464
f 410/747/408 466/869/464 405/736/403
f 410/747/408 405/736/403 404/735/402
f 467/870/465 74/871/74 73/872/73
f 467/870/465 73/872/73 468/873/466
f 467/870/465 468/873/466 469/874/467
f 467/870/465 469/874/467 470/875/468
f 467/870/465 470/875/468 471/876/469
f 467/870/465 471/876/469 472/877/470
f 467/870/465 472/877/470 75/878/75
f 467/870/465 75/878/75 74/871/74
f 180/320/178 253/879/251 473/880/471
f 180/320/178 473/880/471 474/881/472
f 180/320/178 474/881/472 269/882/267
f 180/320/178 269/882/267 181/321/179
f 252/459/250 251/458/249 384/804/382
f 475/883/473 281/677/279 372/676/370
f 475/883/473 372/676/370 371/675/369
f 475/883/473 371/675/369 476/884/474
f 475/883/473 476/884/474 477/885/475
f 475/883/473 477/885/475 478/886/476
f 475/887/473 478/888/476 357/645/355
f 475/887/473 357/645/355 356/644/354
f 475/887/473 356/644/354 281/643/279
f 479/889/477 365/786/363 428/785/426
f 479/889/477 428/785/426 427/890/425
f 479/889/477 427/890/425 480/891/478
f 479/889/477 480/891/478 422/892/420
f 479/889/477 422/892/420 326/893/324
f 479/889/477 326/893/324 481/894/479
f 479/889/477 481/894/479 365/786/363
f 482/895/480 365/786/363 481/894/479
f 482/895/480 481/894/479 326/893/324
f 482/896/480 326/897/324 483/898/481
f 482/896/480 483/898/481 484/899/482
f 482/900/480 484/901/482 485/902/483
f 482/900/480 485/902/483 367/903/365
f 482/904/480 367/666/365 366/665/364
f 482/904/480 366/665/364 365/905/363
f 486/906/484 82/132/82 81/131/81
f 486/906/484 81/131/81 487/907/485
f 486/908/484 487/909/485 488/910/486
f 486/911/484 488/912/486 489/913/487
f 486/911/484 489/913/487 469/914/467
f 486/915/484 469/874/467 468/873/466
f 486/906/484 468/916/466 73/133/73
f 486/906/484 73/133/73 82/132/82
f 136/235/136 84/137/84 75/136/75
f 136/235/136 75/136/75 472/917/470
f 136/918/136 472/919/470 471/920/469
f 136/918/136 471/920/469 490/921/488
f 136/918/136 490/921/488 137/922/137
f 491/923/489 387/845/385 462/924/460
f 491/923/489 462/924/460 405/925/403
f 491/923/489 405/925/403 466/926/464
f 491/923/489 466/926/464 465/927/463
f 491/923/489 465/927/463 492/928/490
f 491/923/489 492/928/490 457/847/455
f 491/923/489 457/847/455 456/846/454
f 491/923/489 456/846/454 387/845/385
f 493/929/491 116/234/116 135/233/135
f 493/930/491 135/931/135 494/932/492
f 493/930/491 494/932/492 495/933/493
f 493/930/491 495/933/493 496/934/494
f 493/930/491 496/934/494 497/935/495
f 493/936/491 497/937/495 97/938/97
f 493/929/491 97/939/97 117/940/117
f 493/929/491 117/940/117 116/234/116
f 498/941/496 97/938/97 497/937/495
f 498/942/496 497/943/495 496/944/494
f 498/942/496 496/944/494 499/945/497
f 498/946/496 499/947/497 500/948/498
f 498/946/496 500/948/498 501/949/499
f 498/950/496 501/951/499 99/952/99
f 498/941/496 99/953/99 98/954/98
f 498/941/496 98/954/98 97/938/97
f 502/955/500 315/956/313 314/957/312
f 502/955/500 314/957/312 503/958/501
f 502/959/500 503/960/501 504/961/502
f 502/959/500 504/961/502 505/962/503
f 502/963/500 505/964/503 506/965/504
f 502/963/500 506/965/504 507/966/505
f 502/963/500 507/966/505 316/967/314
f 502/963/500 316/967/314 315/968/313
f 484/899/482 483/898/481 316/969/314
f 484/899/482 316/969/314 507/970/505
f 484/901/482 507/966/505 506/965/504
f 484/901/482 506/965/504 485/902/483
f 508/971/506 422/892/420 480/891/478
f 508/971/506 480/891/478 427/890/425
f 508/971/506 427/890/425 450/832/448
f 508/971/506 450/832/448 449/831/447
f 508/971/506 449/831/447 509/972/507
f 508/973/506 509/974/507 423/776/421
f 508/973/506 423/776/421 422/775/420
f 118/196/118 99/195/99 501/975/499
f 118/976/118 501/977/499 500/978/498
f 118/976/118 500/978/498 510/979/508
f 118/980/118 510/981/508 488/912/486
f 118/980/118 488/912/486 487/982/485
f 118/196/118 487/907/485 81/131/81
f 511/983/509 230/726/228 400/725/398
f 511/983/509 400/725/398 399/724/397
f 511/983/509 399/724/397 512/984/510
f 511/983/509 512/984/510 513/985/511
f 511/983/509 513/985/511 514/986/512
f 511/983/509 514/986/512 299/987/297
f 511/983/509 299/987/297 298/988/296
f 511/983/509 298/988/296 230/726/228
f 515/989/513 314/957/312 347/990/345
f 515/989/513 347/990/345 299/987/297
f 515/989/513 299/987/297 514/986/512
f 515/989/513 514/986/512 513/985/511
f 515/989/513 513/985/511 516/991/514
f 515/989/513 516/991/514 504/992/502
f 515/989/513 504/992/502 503/958/501
f 515/989/513 503/958/501 314/957/312
f 162/287/123 142/243/123 141/242/141
f 162/287/123 141/242/141 517/993/515
f 162/994/123 517/995/515 518/996/516
f 162/994/123 518/996/516 519/997/123
f 162/994/123 519/997/123 520/998/517
f 162/994/123 520/998/517 163/999/161
f 521/1000/518 205/381/203 380/691/378
f 521/1000/518 380/691/378 379/690/377
f 521/1000/518 379/690/377 522/1001/519
f 521/1002/518 522/1003/519 523/1004/520
f 521/1002/518 523/1004/520 524/1005/521
f 521/1002/518 524/1005/521 383/696/381
f 521/1002/518 383/696/381 382/695/380
f 521/1000/518 382/693/380 205/381/203
f 525/1006/522 141/242/141 147/254/146
f 525/1007/522 147/252/146 146/251/145
f 525/1008/522 146/1009/145 239/1010/237
f 525/1008/522 239/1010/237 526/1011/523
f 525/1008/522 526/1011/523 527/1012/524
f 525/1008/522 527/1012/524 518/996/516
f 525/1008/522 518/996/516 517/995/515
f 525/1006/522 517/993/515 141/242/141
f 506/1013/504 505/1014/503 528/1015/525
f 506/1013/504 528/1015/525 529/1016/526
f 506/1013/504 529/1016/526 371/675/369
f 506/1017/504 371/673/369 370/672/368
f 506/1018/504 370/670/368 367/667/365
f 506/965/504 367/903/365 485/902/483
f 530/1019/527 17/24/17 14/19/14
f 530/1019/527 14/19/14 531/1020/528
f 530/1021/527 531/1022/528 532/1023/529
f 530/1021/527 532/1023/529 533/1024/530
f 530/1021/527 533/1024/530 534/1025/531
f 530/1021/527 534/1025/531 535/1026/532
f 530/1019/527 535/1027/532 18/25/18
f 530/1019/527 18/25/18 17/24/17
f 536/1028/533 14/19/14 13/18/13
f 536/1028/533 13/18/13 12/1029/12
f 536/1030/533 12/1031/12 537/1032/534
f 536/1033/533 537/1034/534 538/1035/535
f 536/1033/533 538/1035/535 539/1036/536
f 536/1033/533 539/1036/536 532/1023/529
f 536/1033/533 532/1023/529 531/1022/528
f 536/1028/533 531/1020/528 14/19/14
f 540/1037/537 18/27/18 535/1038/532
f 540/1039/537 535/1040/532 534/1041/531
f 540/1039/537 534/1041/531 541/1042/538
f 540/1039/537 541/1042/538 542/1043/539
f 540/1044/537 542/1045/539 22/304/22
f 540/1037/537 22/31/22 21/30/21
f 540/1037/537 21/30/21 18/27/18
f 543/1046/540 12/1031/12 39/1047/39
f 543/1046/540 39/1047/39 38/1048/38
f 543/1046/540 38/1048/38 544/1049/541
f 543/1050/540 544/1051/541 545/1052/542
f 543/1050/540 545/1052/542 546/1053/543
f 543/1050/540 546/1053/543 538/1054/535
f 543/1055/540 538/1035/535 537/1034/534
f 543/1046/540 537/1032/534 12/1031/12
f 547/1056/544 379/690/377 454/842/452
f 547/1056/544 454/842/452 453/841/451
f 547/1057/544 453/1058/451 548/1059/545
f 547/1060/544 548/1061/545 549/1062/546
f 547/1060/544 549/1062/546 550/1063/547
f 547/1060/544 550/1063/547 523/1064/520
f 547/1065/544 523/1004/520 522/1003/519
f 547/1056/544 522/1001/519 379/690/377
f 473/1066/471 253/460/251 252/459/250
f 473/1066/471 252/459/250 442/817/440
f 473/1066/471 442/817/440 441/816/439
f 473/1066/471 441/816/439 551/1067/548
f 473/1068/471 551/1069/548 552/1070/549
f 473/880/471 552/1071/549 474/881/472
f 375/682/373 374/681/372 553/1072/550
f 375/1073/373 553/1074/550 554/1075/551
f 375/1073/373 554/1075/551 555/1076/552
f 375/682/373 555/1077/552 556/1078/553
f 375/682/373 556/1078/553 285/1079/283
f 375/682/373 285/1079/283 376/683/374
f 235/858/233 383/696/381 524/1005/521
f 235/858/233 524/1005/521 523/1004/520
f 235/858/233 523/1004/520 557/1080/554
f 235/431/233 557/1081/554 236/432/234
f 270/1082/268 269/882/267 474/881/472
f 270/1082/268 474/881/472 552/1071/549
f 270/1082/268 552/1071/549 271/1083/269
f 528/1084/525 505/962/503 504/961/502
f 528/1084/525 504/961/502 558/1085/555
f 528/1084/525 558/1085/555 559/1086/556
f 528/1084/525 559/1086/556 560/1087/557
f 528/1084/525 560/1087/557 561/1088/558
f 528/1015/525 561/1089/558 529/1016/526
f 561/1088/558 560/1087/557 477/1090/475
f 561/1089/558 477/885/475 476/884/474
f 561/1089/558 476/884/474 371/675/369
f 561/1089/558 371/675/369 529/1016/526
f 562/1091/559 523/1064/520 550/1063/547
f 562/1091/559 550/1063/547 549/1062/546
f 562/1091/559 549/1062/546 563/1092/560
f 562/1091/559 563/1092/560 237/433/235
f 562/1091/559 237/433/235 236/432/234
f 562/1091/559 236/432/234 557/1081/554
f 562/1091/559 557/1081/554 523/1064/520
f 551/1067/548 441/816/439 564/1093/561
f 551/1069/548 564/1094/561 445/823/443
f 551/1069/548 445/823/443 444/822/442
f 551/1069/548 444/822/442 271/1095/269
f 551/1069/548 271/1095/269 552/1070/549
f 564/1096/561 441/1097/439 565/1098/562
f 564/1096/561 565/1098/562 566/1099/563
f 564/1096/561 566/1099/563 567/1100/564
f 564/1094/561 567/1101/564 395/716/393
f 564/1094/561 395/716/393 394/715/392
f 564/1094/561 394/715/392 393/714/391
f 564/1094/561 393/714/391 446/824/444
f 564/1094/561 446/824/444 445/823/443
f 568/1102/565 395/716/393 567/1101/564
f 568/1102/565 567/1101/564 566/1103/563
f 568/1104/565 566/1099/563 569/1105/566
f 568/1106/565 569/1107/566 570/1108/567
f 568/1109/565 570/1110/567 571/1111/568
f 568/1109/565 571/1111/568 399/724/397
f 568/1102/565 399/722/397 398/721/396
f 568/1102/565 398/721/396 395/716/393
f 572/1112/569 399/724/397 571/1111/568
f 572/1113/569 571/1114/568 570/1115/567
f 572/1113/569 570/1115/567 573/1116/570
f 572/1113/569 573/1116/570 559/1086/556
f 572/1113/569 559/1086/556 558/1085/555
f 572/1113/569 558/1085/555 504/961/502
f 572/1112/569 504/992/502 516/991/514
f 572/1112/569 516/991/514 513/985/511
f 572/1112/569 513/985/511 512/984/510
f 572/1112/569 512/984/510 399/724/397
f 574/1117/571 22/304/22 542/1045/539
f 574/1118/571 542/1119/539 575/1120/572
f 574/1118/571 575/1120/572 576/1121/573
f 574/1118/571 576/1121/573 577/1122/574
f 574/1118/571 577/1122/574 578/1123/575
f 574/1117/571 578/1124/575 170/306/168
f 574/1117/571 170/306/168 169/305/167
f 574/1117/571 169/305/167 22/304/22
f 579/1125/576 38/56/38 187/334/185
f 579/1126/576 187/333/185 186/332/184
f 579/1126/576 186/332/184 580/1127/577
f 579/1126/576 580/1127/577 581/1128/578
f 579/1129/576 581/1130/578 582/1131/579
f 579/1132/576 582/1133/579 583/1134/580
f 579/1132/576 583/1134/580 545/1135/542
f 579/1136/576 545/1052/542 544/1051/541
f 579/1125/576 544/1137/541 38/56/38
f 463/1138/461 409/1139/407 408/1140/406
f 463/1138/461 408/1140/406 584/1141/581
f 463/1142/461 584/1143/581 585/1144/582
f 463/1142/461 585/1144/582 586/1145/583
f 463/1142/461 586/1145/583 587/1146/584
f 463/1142/461 587/1146/584 464/1147/462
f 588/1148/585 408/1140/406 414/1149/412
f 588/1148/585 414/1149/412 413/762/411
f 588/1148/585 413/762/411 589/1150/586
f 588/1151/585 589/1152/586 590/1153/587
f 588/1151/585 590/1153/587 591/1154/588
f 588/1151/585 591/1154/588 585/1144/582
f 588/1151/585 585/1144/582 584/1143/581
f 588/1148/585 584/1141/581 408/1140/406
f 592/1155/589 413/762/411 416/761/414
f 592/1155/589 416/761/414 353/1156/351
f 592/1155/589 353/1156/351 593/1157/590
f 592/1158/589 593/1159/590 594/1160/591
f 592/1158/589 594/1160/591 595/1161/592
f 592/1158/589 595/1161/592 590/1153/587
f 592/1158/589 590/1153/587 589/1152/586
f 592/1155/589 589/1150/586 413/762/411
f 596/1162/593 352/1163/350 351/1164/349
f 596/1165/593 351/1166/349 597/1167/594
f 596/1165/593 597/1167/594 598/1168/595
f 596/1169/593 598/1170/595 599/1171/596
f 596/1172/593 599/1173/596 594/1174/591
f 596/1172/593 594/1174/591 593/1175/590
f 596/1176/593 593/1177/590 353/639/351
f 596/1176/593 353/639/351 352/638/350
f 600/1178/597 351/652/349 362/651/360
f 600/1178/597 362/651/360 361/650/359
f 600/1179/597 361/1180/359 601/1181/598
f 600/1179/597 601/1181/598 602/1182/599
f 600/1183/597 602/1184/599 603/1185/600
f 600/1183/597 603/1185/600 598/1186/595
f 600/1187/597 598/1168/595 597/1167/594
f 600/1187/597 597/1167/594 351/1166/349
f 604/1188/601 361/773/359 420/772/418
f 604/1188/601 420/772/418 419/771/417
f 604/1189/601 419/1190/417 605/1191/602
f 604/1189/601 605/1191/602 606/1192/603
f 604/1193/601 606/1194/603 607/1195/604
f 604/1193/601 607/1195/604 602/1196/599
f 604/1197/601 602/1182/599 601/1181/598
f 604/1197/601 601/1181/598 361/1180/359
f 608/1198/605 287/1199/285 286/1200/284
f 608/1198/605 286/1200/284 285/1079/283
f 608/1198/605 285/1079/283 556/1078/553
f 608/1201/605 556/1202/553 555/1203/552
f 608/1201/605 555/1203/552 609/1204/606
f 608/1201/605 609/1204/606 610/1205/607
f 608/1201/605 610/1205/607 611/1206/608
f 608/1198/605 611/1207/608 287/1199/285
f 612/1208/609 287/1199/285 611/1207/608
f 612/1209/609 611/1206/608 610/1205/607
f 612/1209/609 610/1205/607 613/1210/610
f 612/1209/609 613/1210/610 614/1211/611
f 612/1209/609 614/1211/611 615/1212/612
f 612/1208/609 615/1213/612 291/1214/289
f 612/1208/609 291/1214/289 290/1215/288
f 612/1208/609 290/1215/288 287/1199/285
f 616/1216/613 419/771/417 424/779/422
f 616/1217/613 424/1218/422 423/1219/421
f 616/1217/613 423/1219/421 617/1220/614
f 616/1221/613 617/1222/614 618/1223/615
f 616/1221/613 618/1223/615 619/1224/616
f 616/1221/613 619/1224/616 606/1192/603
f 616/1221/613 606/1192/603 605/1191/602
f 616/1221/613 605/1191/602 419/1190/417
f 254/463/252 217/402/215 170/306/168
f 254/463/252 170/306/168 578/1124/575
f 254/1225/252 578/1123/575 577/1122/574
f 254/1225/252 577/1122/574 620/1226/617
f 254/1225/252 620/1226/617 621/1227/618
f 254/1225/252 621/1227/618 255/1228/253
f 622/1229/619 186/332/184 435/800/433
f 622/1229/619 435/800/433 434/799/432
f 622/1229/619 434/799/432 459/853/457
f 622/1230/619 459/851/457 623/1231/620
f 622/1230/619 623/1231/620 624/1232/621
f 622/1230/619 624/1232/621 581/1233/578
f 622/1230/619 581/1233/578 580/1234/577
f 622/1229/619 580/1127/577 186/332/184
f 625/1235/622 423/1219/421 509/1236/507
f 625/1235/622 509/1236/507 449/1237/447
f 625/1235/622 449/1237/447 626/1238/623
f 625/1239/622 626/1240/623 627/1241/624
f 625/1239/622 627/1241/624 628/1242/625
f 625/1239/622 628/1242/625 618/1243/615
f 625/1239/622 618/1243/615 617/1244/614
f 625/1235/622 617/1220/614 423/1219/421
f 629/1245/626 430/791/428 291/790/289
f 629/1246/626 291/1214/289 615/1213/612
f 629/1247/626 615/1212/612 614/1211/611
f 629/1247/626 614/1211/611 630/1248/627
f 629/1247/626 630/1248/627 631/1249/628
f 629/1247/626 631/1249/628 632/1250/629
f 629/1247/626 632/1250/629 431/1251/429
f 629/1245/626 431/792/429 430/791/428
f 633/1252/630 431/1251/429 632/1250/629
f 633/1252/630 632/1250/629 631/1249/628
f 633/1252/630 631/1249/628 634/1253/631
f 633/1252/630 634/1253/631 627/1241/624
f 633/1252/630 627/1241/624 626/1240/623
f 633/1252/630 626/1240/623 449/1254/447
f 633/1255/630 449/1256/447 448/1257/446
f 633/1255/630 448/1257/446 431/1258/429
f 635/1259/632 134/1260/134 133/1261/133
f 635/1259/632 133/1261/133 636/1262/633
f 635/1263/632 636/1264/633 637/1265/634
f 635/1266/632 637/1267/634 638/1268/635
f 635/1266/632 638/1268/635 639/1269/636
f 635/1266/632 639/1269/636 494/1270/492
f 635/1259/632 494/932/492 135/931/135
f 635/1259/632 135/931/135 134/1260/134
f 520/998/517 519/997/123 640/1271/637
f 520/998/517 640/1271/637 641/1272/638
f 520/1273/517 641/1274/638 637/1265/634
f 520/1273/517 637/1265/634 636/1264/633
f 520/1273/517 636/1264/633 133/1275/133
f 520/998/517 133/1276/133 163/999/161
f 642/1277/639 459/851/457 458/850/456
f 642/1277/639 458/850/456 457/1278/455
f 642/1279/639 457/1280/455 643/1281/640
f 642/1282/639 643/1283/640 644/1284/641
f 642/1282/639 644/1284/641 645/1285/642
f 642/1286/639 645/1287/642 646/1288/643
f 642/1286/639 646/1288/643 623/1289/620
f 642/1277/639 623/1231/620 459/851/457
f 647/1290/644 239/435/237 238/434/236
f 647/1290/644 238/434/236 237/433/235
f 647/1290/644 237/433/235 648/1291/645
f 647/1292/644 648/1293/645 649/1294/646
f 647/1295/644 649/1296/646 650/1297/647
f 647/1295/644 650/1297/647 651/1298/648
f 647/1295/644 651/1298/648 526/1299/523
f 647/1295/644 526/1299/523 239/1300/237
f 490/921/488 471/920/469 652/1301/649
f 490/921/488 652/1301/649 653/1302/650
f 490/921/488 653/1302/650 654/1303/651
f 490/921/488 654/1303/651 138/1304/138
f 490/1305/488 138/237/138 137/236/137
f 587/1146/584 586/1145/583 655/1306/652
f 587/1146/584 655/1306/652 656/1307/653
f 587/1146/584 656/1307/653 657/1308/654
f 587/1309/584 657/1310/654 658/1311/655
f 587/1309/584 658/1311/655 465/1312/463
f 587/1146/584 465/1313/463 464/1147/462
f 563/1314/560 549/1315/546 659/1316/656
f 563/1314/560 659/1316/656 648/1317/645
f 563/1092/560 648/1291/645 237/433/235
f 660/1318/657 457/847/455 492/928/490
f 660/1318/657 492/928/490 465/927/463
f 660/1319/657 465/1312/463 658/1311/655
f 660/1319/657 658/1311/655 657/1310/654
f 660/1319/657 657/1310/654 661/1320/658
f 660/1319/657 661/1320/658 644/1321/641
f 660/1322/657 644/1284/641 643/1283/640
f 660/1322/657 643/1283/640 457/1323/455
f 662/1324/659 138/1325/138 654/1326/651
f 662/1324/659 654/1326/651 653/1327/650
f 662/1324/659 653/1327/650 663/1328/660
f 662/1329/659 663/1330/660 664/1331/661
f 662/1329/659 664/1331/661 665/1332/662
f 662/1329/659 665/1332/662 166/1333/164
f 662/1329/659 166/1333/164 165/1334/163
f 662/1324/659 165/1335/163 138/1325/138
f 666/1336/663 494/1270/492 639/1269/636
f 666/1336/663 639/1269/636 667/1337/664
f 666/1336/663 667/1337/664 668/1338/665
f 666/1336/663 668/1338/665 669/1339/666
f 666/1336/663 669/1339/666 496/944/494
f 666/1336/663 496/944/494 495/1340/493
f 666/1336/663 495/1340/493 494/1270/492
f 670/1341/667 496/944/494 669/1339/666
f 670/1341/667 669/1339/666 668/1338/665
f 670/1342/667 668/1343/665 671/1344/668
f 670/1342/667 671/1344/668 672/1345/669
f 670/1342/667 672/1345/669 673/1346/670
f 670/1342/667 673/1346/670 500/948/498
f 670/1342/667 500/948/498 499/947/497
f 670/1341/667 499/945/497 496/944/494
f 553/1072/550 374/681/372 166/295/164
f 553/1347/550 166/1333/164 665/1332/662
f 553/1347/550 665/1332/662 664/1331/661
f 553/1347/550 664/1331/661 674/1348/671
f 553/1347/550 674/1348/671 675/1349/672
f 553/1347/550 675/1349/672 554/1350/551
f 676/1351/673 518/996/516 527/1012/524
f 676/1351/673 527/1012/524 526/1011/523
f 676/1352/673 526/1299/523 651/1298/648
f 676/1352/673 651/1298/648 677/1353/674
f 676/1351/673 677/1354/674 678/1355/675
f 676/1351/673 678/1355/675 679/1356/676
f 676/1351/673 679/1356/676 680/1357/677
f 676/1351/673 680/1357/677 518/996/516
f 640/1271/637 519/997/123 518/996/516
f 640/1271/637 518/996/516 680/1357/677
f 640/1271/637 680/1357/677 679/1356/676
f 640/1271/637 679/1356/676 681/1358/678
f 640/1271/637 681/1358/678 682/1359/679
f 640/1271/637 682/1359/679 641/1272/638
f 575/1360/572 542/1043/539 541/1042/538
f 575/1360/572 541/1042/538 683/1361/680
f 575/1360/572 683/1361/680 684/1362/681
f 575/1360/572 684/1362/681 685/1363/682
f 575/1120/572 685/1364/682 686/1365/683
f 575/1120/572 686/1365/683 576/1121/573
f 621/1227/618 620/1226/617 687/1366/684
f 621/1227/618 687/1366/684 688/1367/685
f 621/1227/618 688/1367/685 689/1368/686
f 621/1227/618 689/1368/686 690/1369/687
f 621/1227/618 690/1369/687 256/1370/254
f 621/1227/618 256/1370/254 255/1228/253
f 691/1371/688 638/1372/635 637/1265/634
f 691/1371/688 637/1265/634 692/1373/689
f 691/1371/688 692/1373/689 693/1374/690
f 691/1371/688 693/1374/690 694/1375/691
f 691/1376/688 694/1377/691 668/1338/665
f 691/1376/688 668/1338/665 667/1337/664
f 691/1376/688 667/1337/664 639/1269/636
f 691/1376/688 639/1269/636 638/1268/635
f 695/1378/692 256/838/254 690/1379/687
f 695/1378/692 690/1379/687 689/1380/686
f 695/1378/692 689/1380/686 696/1381/693
f 695/1378/692 696/1381/693 697/1382/694
f 695/1383/692 697/1384/694 698/1385/695
f 695/1378/692 698/1386/695 453/840/451
f 695/1378/692 453/840/451 452/839/450
f 695/1378/692 452/839/450 256/838/254
f 699/1387/696 453/1058/451 698/1388/695
f 699/1387/696 698/1388/695 697/1389/694
f 699/1390/696 697/1391/694 700/1392/697
f 699/1387/696 700/1393/697 701/1394/698
f 699/1387/696 701/1394/698 702/1395/699
f 699/1387/696 702/1395/699 549/1315/546
f 699/1387/696 549/1315/546 548/1059/545
f 699/1387/696 548/1059/545 453/1058/451
f 703/1396/700 694/1375/691 693/1374/690
f 703/1396/700 693/1374/690 704/1397/701
f 703/1398/700 704/1399/701 705/1400/702
f 703/1401/700 705/1402/702 706/1403/703
f 703/1401/700 706/1403/703 672/1345/669
f 703/1401/700 672/1345/669 671/1344/668
f 703/1401/700 671/1344/668 668/1343/665
f 703/1404/700 668/1338/665 694/1377/691
f 510/979/508 500/978/498 673/1405/670
f 510/979/508 673/1405/670 672/1406/669
f 510/981/508 672/1407/669 707/1408/704
f 510/981/508 707/1408/704 708/1409/705
f 510/981/508 708/1409/705 488/912/486
f 709/1410/706 581/1411/578 624/1412/621
f 709/1410/706 624/1412/621 623/1413/620
f 709/1414/706 623/1415/620 646/1416/643
f 709/1417/706 646/1418/643 710/1419/707
f 709/1417/706 710/1419/707 711/1420/708
f 709/1417/706 711/1420/708 712/1421/709
f 709/1417/706 712/1421/709 582/1422/579
f 709/1417/706 582/1422/579 581/1423/578
f 659/1316/656 549/1315/546 702/1395/699
f 659/1316/656 702/1395/699 701/1394/698
f 659/1316/656 701/1394/698 713/1424/710
f 659/1425/656 713/1426/710 714/1427/711
f 659/1425/656 714/1427/711 715/1428/712
f 659/1429/656 715/1430/712 649/1294/646
f 659/1429/656 649/1294/646 648/1293/645
f 682/1359/679 681/1358/678 679/1356/676
f 682/1359/679 679/1356/676 716/1431/713
f 682/1432/679 716/1433/713 693/1374/690
f 682/1432/679 693/1374/690 692/1373/689
f 682/1432/679 692/1373/689 637/1265/634
f 682/1432/679 637/1265/634 641/1274/638
f 655/1306/652 586/1145/583 585/1144/582
f 655/1306/652 585/1144/582 717/1434/714
f 655/1435/652 717/1436/714 718/1437/715
f 655/1435/652 718/1437/715 719/1438/716
f 655/1439/652 719/1440/716 720/1441/717
f 655/1306/652 720/1442/717 656/1307/653
f 721/1443/718 585/1144/582 591/1154/588
f 721/1443/718 591/1154/588 590/1153/587
f 721/1444/718 590/1445/587 722/1446/719
f 721/1444/718 722/1446/719 723/1447/720
f 721/1444/718 723/1447/720 724/1448/721
f 721/1444/718 724/1448/721 718/1437/715
f 721/1444/718 718/1437/715 717/1436/714
f 721/1443/718 717/1434/714 585/1144/582
f 725/1449/722 693/1374/690 716/1433/713
f 725/1450/722 716/1431/713 679/1356/676
f 725/1450/722 679/1356/676 678/1355/675
f 725/1450/722 678/1355/675 677/1354/674
f 725/1451/722 677/1452/674 726/1453/723
f 725/1451/722 726/1453/723 705/1454/702
f 725/1451/722 705/1454/702 704/1455/701
f 725/1449/722 704/1397/701 693/1374/690
f 727/1456/724 590/1445/587 595/1457/592
f 727/1456/724 595/1457/592 594/1174/591
f 727/1456/724 594/1174/591 728/1458/725
f 727/1456/724 728/1458/725 729/1459/726
f 727/1456/724 729/1459/726 730/1460/727
f 727/1456/724 730/1460/727 723/1447/720
f 727/1456/724 723/1447/720 722/1446/719
f 727/1456/724 722/1446/719 590/1445/587
f 731/1461/728 594/1174/591 599/1173/596
f 731/1461/728 599/1173/596 598/1462/595
f 731/1463/728 598/1464/595 732/1465/729
f 731/1463/728 732/1465/729 733/1466/730
f 731/1461/728 733/1467/730 734/1468/731
f 731/1461/728 734/1468/731 729/1459/726
f 731/1461/728 729/1459/726 728/1458/725
f 731/1461/728 728/1458/725 594/1174/591
f 534/1025/531 533/1024/530 735/1469/732
f 534/1025/531 735/1469/732 736/1470/733
f 534/1471/531 736/1472/733 684/1473/681
f 534/1041/531 684/1362/681 683/1361/680
f 534/1041/531 683/1361/680 541/1042/538
f 737/1474/734 598/1186/595 603/1185/600
f 737/1474/734 603/1185/600 602/1184/599
f 737/1475/734 602/1476/599 738/1477/735
f 737/1475/734 738/1477/735 739/1478/736
f 737/1475/734 739/1478/736 740/1479/737
f 737/1480/734 740/1481/737 733/1466/730
f 737/1480/734 733/1466/730 732/1465/729
f 737/1480/734 732/1465/729 598/1464/595
f 741/1482/738 602/1196/599 607/1195/604
f 741/1482/738 607/1195/604 606/1194/603
f 741/1483/738 606/1484/603 742/1485/739
f 741/1483/738 742/1485/739 743/1486/740
f 741/1483/738 743/1486/740 744/1487/741
f 741/1483/738 744/1487/741 739/1478/736
f 741/1483/738 739/1478/736 738/1477/735
f 741/1483/738 738/1477/735 602/1476/599
f 745/1488/742 488/912/486 708/1409/705
f 745/1488/742 708/1409/705 746/1489/743
f 745/1488/742 746/1489/743 747/1490/744
f 745/1488/742 747/1490/744 469/914/467
f 745/1488/742 469/914/467 489/913/487
f 745/1488/742 489/913/487 488/912/486
f 748/1491/745 469/914/467 747/1490/744
f 748/1491/745 747/1490/744 746/1489/743
f 748/1492/745 746/1493/743 749/1494/746
f 748/1495/745 749/1496/746 750/1497/747
f 748/1495/745 750/1497/747 751/1498/748
f 748/1495/745 751/1498/748 471/876/469
f 748/1495/745 471/876/469 470/875/468
f 748/1491/745 470/1499/468 469/914/467
f 752/1500/749 672/1501/669 706/1502/703
f 752/1503/749 706/1403/703 705/1402/702
f 752/1504/749 705/1505/702 753/1506/750
f 752/1504/749 753/1506/750 754/1507/751
f 752/1508/749 754/1509/751 755/1510/752
f 752/1511/749 755/1512/752 756/1513/753
f 752/1500/749 756/1514/753 672/1501/669
f 756/1513/753 755/1512/752 757/1515/754
f 756/1513/753 757/1515/754 746/1489/743
f 756/1513/753 746/1489/743 707/1408/704
f 756/1513/753 707/1408/704 672/1407/669
f 758/1516/755 606/1517/603 619/1518/616
f 758/1519/755 619/1520/616 618/1521/615
f 758/1519/755 618/1521/615 759/1522/756
f 758/1519/755 759/1522/756 760/1523/757
f 758/1519/755 760/1523/757 761/1524/758
f 758/1516/755 761/1525/758 743/1526/740
f 758/1516/755 743/1526/740 742/1527/739
f 758/1516/755 742/1527/739 606/1517/603
f 746/1489/743 708/1409/705 707/1408/704
f 762/1528/759 651/1298/648 650/1297/647
f 762/1528/759 650/1297/647 649/1296/646
f 762/1528/759 649/1296/646 763/1529/760
f 762/1528/759 763/1529/760 764/1530/761
f 762/1528/759 764/1530/761 765/1531/762
f 762/1528/759 765/1531/762 726/1532/723
f 762/1528/759 726/1532/723 677/1353/674
f 762/1528/759 677/1353/674 651/1298/648
f 766/1533/763 746/1493/743 757/1534/754
f 766/1533/763 757/1534/754 767/1535/764
f 766/1533/763 767/1535/764 768/1536/765
f 766/1533/763 768/1536/765 749/1494/746
f 766/1533/763 749/1494/746 746/1493/743
f 652/1301/649 471/920/469 751/1537/748
f 652/1301/649 751/1537/748 750/1538/747
f 652/1301/649 750/1538/747 769/1539/766
f 652/1301/649 769/1539/766 653/1302/650
f 753/1506/750 705/1505/702 726/1540/723
f 753/1541/750 726/1532/723 765/1531/762
f 753/1541/750 765/1531/762 764/1530/761
f 753/1506/750 764/1542/761 754/1507/751
f 768/1536/765 767/1535/764 770/1543/767
f 768/1544/765 770/1545/767 771/1546/768
f 768/1544/765 771/1546/768 750/1538/747
f 768/1547/765 750/1497/747 749/1496/746
f 771/1546/768 770/1545/767 772/1548/769
f 771/1546/768 772/1548/769 773/1549/770
f 771/1546/768 773/1549/770 769/1539/766
f 771/1546/768 769/1539/766 750/1538/747
f 774/1550/771 769/1539/766 773/1549/770
f 774/1550/771 773/1549/770 775/1551/772
f 774/1552/771 775/1553/772 776/1554/773
f 774/1552/771 776/1554/773 653/1327/650
f 774/1550/771 653/1302/650 769/1539/766
f 715/1428/712 714/1427/711 777/1555/774
f 715/1430/712 777/1556/774 764/1557/761
f 715/1430/712 764/1557/761 763/1558/760
f 715/1430/712 763/1558/760 649/1294/646
f 628/1559/625 627/1560/624 778/1561/775
f 628/1559/625 778/1561/775 759/1522/756
f 628/1559/625 759/1522/756 618/1521/615
f 777/1555/774 714/1427/711 779/1562/776
f 777/1563/774 779/1564/776 780/1565/777
f 777/1563/774 780/1565/777 781/1566/778
f 777/1556/774 781/1567/778 754/1568/751
f 777/1556/774 754/1568/751 764/1557/761
f 782/1569/779 754/1570/751 781/1571/778
f 782/1572/779 781/1566/778 780/1565/777
f 782/1572/779 780/1565/777 783/1573/780
f 782/1572/779 783/1573/780 784/1574/781
f 782/1572/779 784/1574/781 785/1575/782
f 782/1569/779 785/1576/782 754/1570/751
f 755/1577/752 754/1570/751 785/1576/782
f 755/1578/752 785/1579/782 786/1580/783
f 755/1581/752 786/1582/783 787/1583/784
f 755/1581/752 787/1583/784 757/1584/754
f 776/1554/773 775/1553/772 788/1585/785
f 776/1586/773 788/1587/785 789/1588/786
f 776/1586/773 789/1588/786 664/1331/661
f 776/1586/773 664/1331/661 663/1330/660
f 776/1554/773 663/1328/660 653/1327/650
f 767/1589/764 757/1584/754 787/1583/784
f 767/1589/764 787/1583/784 790/1590/787
f 767/1589/764 790/1590/787 791/1591/788
f 767/1592/764 791/1593/788 792/1594/789
f 767/1592/764 792/1594/789 770/1595/767
f 720/1441/717 719/1440/716 793/1596/790
f 720/1441/717 793/1596/790 794/1597/791
f 720/1598/717 794/1599/791 795/1600/792
f 720/1601/717 795/1602/792 796/1603/793
f 720/1601/717 796/1603/793 657/1310/654
f 720/1604/717 657/1605/654 656/1606/653
f 793/1596/790 719/1440/716 718/1607/715
f 793/1596/790 718/1607/715 724/1608/721
f 793/1596/790 724/1608/721 723/1609/720
f 793/1596/790 723/1609/720 797/1610/794
f 793/1596/790 797/1610/794 798/1611/795
f 793/1596/790 798/1611/795 794/1597/791
f 799/1612/796 723/1447/720 730/1460/727
f 799/1612/796 730/1460/727 729/1459/726
f 799/1612/796 729/1459/726 800/1613/797
f 799/1614/796 800/1615/797 801/1616/798
f 799/1614/796 801/1616/798 802/1617/799
f 799/1614/796 802/1617/799 798/1611/795
f 799/1614/796 798/1611/795 797/1610/794
f 799/1614/796 797/1610/794 723/1609/720
f 803/1618/800 729/1459/726 734/1468/731
f 803/1618/800 734/1468/731 733/1467/730
f 803/1619/800 733/1620/730 804/1621/801
f 803/1619/800 804/1621/801 805/1622/802
f 803/1623/800 805/1624/802 806/1625/803
f 803/1626/800 806/1627/803 801/1616/798
f 803/1626/800 801/1616/798 800/1615/797
f 803/1618/800 800/1613/797 729/1459/726
f 807/1628/804 657/1310/654 796/1603/793
f 807/1628/804 796/1603/793 795/1602/792
f 807/1628/804 795/1602/792 808/1629/805
f 807/1628/804 808/1629/805 809/1630/806
f 807/1628/804 809/1630/806 644/1321/641
f 807/1628/804 644/1321/641 661/1320/658
f 807/1628/804 661/1320/658 657/1310/654
f 810/1631/807 532/1023/529 539/1036/536
f 810/1631/807 539/1036/536 538/1035/535
f 810/1632/807 538/1633/535 811/1634/808
f 810/1632/807 811/1634/808 812/1635/809
f 810/1632/807 812/1635/809 813/1636/810
f 810/1631/807 813/1637/810 814/1638/811
f 810/1631/807 814/1638/811 815/1639/812
f 810/1631/807 815/1639/812 532/1023/529
f 735/1469/732 533/1024/530 532/1023/529
f 735/1469/732 532/1023/529 815/1639/812
f 735/1469/732 815/1639/812 814/1638/811
f 735/1469/732 814/1638/811 816/1640/813
f 735/1641/732 816/1642/813 817/1643/814
f 735/1641/732 817/1643/814 736/1472/733
f 818/1644/815 644/1321/641 809/1630/806
f 818/1645/815 809/1646/806 819/1647/816
f 818/1645/815 819/1647/816 820/1648/817
f 818/1649/815 820/1650/817 821/1651/818
f 818/1652/815 821/1653/818 710/1419/707
f 818/1652/815 710/1419/707 646/1418/643
f 818/1652/815 646/1418/643 645/1654/642
f 818/1655/815 645/1656/642 644/1657/641
f 798/1658/795 802/1659/799 822/1660/819
f 798/1658/795 822/1660/819 823/1661/820
f 798/1658/795 823/1661/820 795/1600/792
f 798/1658/795 795/1600/792 794/1599/791
f 824/1662/821 733/1620/730 740/1479/737
f 824/1662/821 740/1479/737 739/1478/736
f 824/1662/821 739/1478/736 744/1487/741
f 824/1662/821 744/1487/741 743/1486/740
f 824/1662/821 743/1486/740 825/1663/822
f 824/1662/821 825/1663/822 805/1622/802
f 824/1662/821 805/1622/802 804/1621/801
f 824/1662/821 804/1621/801 733/1620/730
f 784/1574/781 783/1573/780 826/1664/823
f 784/1574/781 826/1664/823 827/1665/824
f 784/1666/781 827/1667/824 828/1668/825
f 784/1666/781 828/1668/825 829/1669/826
f 784/1670/781 829/1671/826 786/1582/783
f 784/1574/781 786/1672/783 785/1575/782
f 830/1673/827 743/1526/740 761/1525/758
f 830/1674/827 761/1524/758 760/1523/757
f 830/1675/827 760/1676/757 831/1677/828
f 830/1678/827 831/1679/828 832/1680/829
f 830/1678/827 832/1680/829 833/1681/830
f 830/1678/827 833/1681/830 805/1624/802
f 830/1673/827 805/1682/802 825/1683/822
f 830/1673/827 825/1683/822 743/1526/740
f 834/1684/831 773/1549/770 772/1548/769
f 834/1685/831 772/1686/769 835/1687/832
f 834/1685/831 835/1687/832 836/1688/833
f 834/1685/831 836/1688/833 837/1689/834
f 834/1690/831 837/1691/834 838/1692/835
f 834/1690/831 838/1692/835 775/1553/772
f 834/1684/831 775/1551/772 773/1549/770
f 790/1590/787 787/1583/784 786/1582/783
f 790/1590/787 786/1582/783 829/1671/826
f 790/1590/787 829/1671/826 828/1693/825
f 790/1590/787 828/1693/825 839/1694/836
f 790/1590/787 839/1694/836 840/1695/837
f 790/1590/787 840/1695/837 791/1591/788
f 841/1696/838 795/1602/792 823/1697/820
f 841/1698/838 823/1661/820 822/1660/819
f 841/1698/838 822/1660/819 842/1699/839
f 841/1698/838 842/1699/839 843/1700/840
f 841/1696/838 843/1701/840 844/1702/841
f 841/1696/838 844/1702/841 809/1630/806
f 841/1696/838 809/1630/806 808/1629/805
f 841/1696/838 808/1629/805 795/1602/792
f 801/1616/798 806/1627/803 845/1703/842
f 801/1704/798 845/1705/842 846/1706/843
f 801/1704/798 846/1706/843 822/1660/819
f 801/1704/798 822/1660/819 802/1659/799
f 847/1707/844 822/1660/819 846/1706/843
f 847/1707/844 846/1706/843 845/1705/842
f 847/1707/844 845/1705/842 848/1708/845
f 847/1709/844 848/1710/845 849/1711/846
f 847/1709/844 849/1711/846 850/1712/847
f 847/1709/844 850/1712/847 851/1713/848
f 847/1709/844 851/1713/848 843/1714/840
f 847/1709/844 843/1714/840 842/1715/839
f 847/1707/844 842/1699/839 822/1660/819
f 805/1624/802 833/1681/830 852/1716/849
f 805/1624/802 852/1716/849 845/1717/842
f 805/1624/802 845/1717/842 806/1625/803
f 853/1718/850 538/1054/535 546/1053/543
f 853/1718/850 546/1053/543 545/1052/542
f 853/1719/850 545/1135/542 854/1720/851
f 853/1719/850 854/1720/851 855/1721/852
f 853/1719/850 855/1721/852 856/1722/853
f 853/1718/850 856/1723/853 812/1724/809
f 853/1718/850 812/1724/809 811/1725/808
f 853/1718/850 811/1725/808 538/1054/535
f 686/1726/683 685/1727/682 857/1728/854
f 686/1729/683 857/1730/854 858/1731/855
f 686/1729/683 858/1731/855 859/1732/856
f 686/1729/683 859/1732/856 860/1733/857
f 686/1365/683 860/1734/857 577/1122/574
f 686/1365/683 577/1122/574 576/1121/573
f 687/1366/684 620/1226/617 577/1122/574
f 687/1366/684 577/1122/574 860/1734/857
f 687/1735/684 860/1733/857 859/1732/856
f 687/1735/684 859/1732/856 861/1736/858
f 687/1735/684 861/1736/858 862/1737/859
f 687/1735/684 862/1737/859 688/1738/685
f 792/1594/789 791/1593/788 840/1739/837
f 792/1594/789 840/1739/837 863/1740/860
f 792/1594/789 863/1740/860 864/1741/861
f 792/1594/789 864/1741/861 835/1687/832
f 792/1594/789 835/1687/832 772/1686/769
f 792/1594/789 772/1686/769 770/1595/767
f 778/1742/775 627/1743/624 865/1744/862
f 778/1742/775 865/1744/862 760/1676/757
f 778/1561/775 760/1523/757 759/1522/756
f 788/1585/785 775/1553/772 838/1692/835
f 788/1585/785 838/1692/835 866/1745/863
f 788/1746/785 866/1747/863 867/1748/864
f 788/1587/785 867/1749/864 789/1588/786
f 868/1750/865 664/1331/661 789/1588/786
f 868/1750/865 789/1588/786 867/1749/864
f 868/1751/865 867/1748/864 869/1752/866
f 868/1750/865 869/1753/866 870/1754/867
f 868/1750/865 870/1754/867 675/1349/672
f 868/1750/865 675/1349/672 674/1348/671
f 868/1750/865 674/1348/671 664/1331/661
f 871/1755/868 849/1711/846 848/1710/845
f 871/1755/868 848/1710/845 872/1756/869
f 871/1755/868 872/1756/869 873/1757/870
f 871/1755/868 873/1757/870 874/1758/871
f 871/1755/868 874/1758/871 850/1712/847
f 871/1755/868 850/1712/847 849/1711/846
f 832/1759/829 831/1677/828 865/1744/862
f 832/1759/829 865/1744/862 875/1760/872
f 832/1680/829 875/1761/872 876/1762/873
f 832/1680/829 876/1762/873 877/1763/874
f 832/1680/829 877/1763/874 852/1716/849
f 832/1680/829 852/1716/849 833/1681/830
f 865/1744/862 831/1677/828 760/1676/757
f 555/1764/552 554/1350/551 675/1349/672
f 555/1764/552 675/1349/672 870/1754/867
f 555/1764/552 870/1754/867 609/1765/606
f 878/1766/875 814/1638/811 813/1637/810
f 878/1767/875 813/1636/810 812/1635/809
f 878/1767/875 812/1635/809 879/1768/876
f 878/1767/875 879/1768/876 880/1769/877
f 878/1767/875 880/1769/877 881/1770/878
f 878/1767/875 881/1770/878 817/1771/814
f 878/1767/875 817/1771/814 816/1772/813
f 878/1766/875 816/1640/813 814/1638/811
f 610/1773/607 609/1765/606 870/1754/867
f 610/1773/607 870/1754/867 869/1753/866
f 610/1774/607 869/1752/866 613/1775/610
f 848/1776/845 845/1717/842 852/1716/849
f 848/1776/845 852/1716/849 877/1763/874
f 848/1776/845 877/1763/874 872/1777/869
f 882/1778/879 627/1779/624 634/1780/631
f 882/1778/879 634/1780/631 631/1781/628
f 882/1778/879 631/1781/628 883/1782/880
f 882/1778/879 883/1782/880 884/1783/881
f 882/1778/879 884/1783/881 885/1784/882
f 882/1778/879 885/1784/882 886/1785/883
f 882/1786/879 886/1787/883 865/1744/862
f 882/1786/879 865/1744/862 627/1743/624
f 817/1771/814 881/1770/878 887/1788/884
f 817/1789/814 887/1790/884 888/1791/885
f 817/1789/814 888/1791/885 684/1362/681
f 817/1643/814 684/1473/681 736/1472/733
f 873/1792/870 872/1777/869 877/1763/874
f 873/1792/870 877/1763/874 876/1762/873
f 873/1792/870 876/1762/873 889/1793/886
f 873/1792/870 889/1793/886 890/1794/887
f 873/1792/870 890/1794/887 891/1795/888
f 873/1792/870 891/1795/888 874/1796/871
f 892/1797/889 545/1135/542 583/1134/580
f 892/1798/889 583/1799/580 712/1421/709
f 892/1800/889 712/1801/709 893/1802/890
f 892/1800/889 893/1802/890 894/1803/891
f 892/1800/889 894/1803/891 895/1804/892
f 892/1797/889 895/1805/892 855/1721/852
f 892/1797/889 855/1721/852 854/1720/851
f 892/1797/889 854/1720/851 545/1135/542
f 896/1806/893 843/1714/840 851/1713/848
f 896/1806/893 851/1713/848 850/1712/847
f 896/1806/893 850/1712/847 897/1807/894
f 896/1806/893 897/1807/894 898/1808/895
f 896/1806/893 898/1808/895 899/1809/896
f 896/1806/893 899/1809/896 900/1810/897
f 896/1806/893 900/1810/897 901/1811/898
f 896/1806/893 901/1811/898 843/1714/840
f 902/1812/899 843/1813/840 901/1814/898
f 902/1812/899 901/1814/898 900/1815/897
f 902/1816/899 900/1817/897 903/1818/900
f 902/1816/899 903/1818/900 904/1819/901
f 902/1820/899 904/1821/901 819/1647/816
f 902/1820/899 819/1647/816 809/1646/806
f 902/1822/899 809/1630/806 844/1702/841
f 902/1822/899 844/1702/841 843/1701/840
f 874/1758/871 891/1823/888 898/1808/895
f 874/1758/871 898/1808/895 897/1807/894
f 874/1758/871 897/1807/894 850/1712/847
f 712/1421/709 583/1799/580 582/1422/579
f 905/1824/902 696/1381/693 689/1380/686
f 905/1824/902 689/1380/686 906/1825/903
f 905/1824/902 906/1825/903 907/1826/904
f 905/1824/902 907/1826/904 908/1827/905
f 905/1828/902 908/1829/905 697/1391/694
f 905/1828/902 697/1391/694 696/1830/693
f 908/1827/905 907/1826/904 909/1831/906
f 908/1827/905 909/1831/906 910/1832/907
f 908/1827/905 910/1832/907 911/1833/908
f 908/1829/905 911/1834/908 912/1835/909
f 908/1829/905 912/1835/909 913/1836/910
f 908/1829/905 913/1836/910 697/1391/694
f 914/1837/911 697/1391/694 913/1836/910
f 914/1837/911 913/1836/910 912/1835/909
f 914/1837/911 912/1835/909 915/1838/912
f 914/1837/911 915/1838/912 916/1839/913
f 914/1837/911 916/1839/913 917/1840/914
f 914/1837/911 917/1840/914 701/1841/698
f 914/1837/911 701/1841/698 700/1392/697
f 914/1837/911 700/1392/697 697/1391/694
f 826/1664/823 783/1573/780 780/1565/777
f 826/1664/823 780/1565/777 918/1842/915
f 826/1843/823 918/1844/915 919/1845/916
f 826/1843/823 919/1845/916 920/1846/917
f 826/1847/823 920/1848/917 921/1849/918
f 826/1847/823 921/1849/918 827/1667/824
f 880/1769/877 879/1768/876 922/1850/919
f 880/1851/877 922/1852/919 923/1853/920
f 880/1854/877 923/1855/920 924/1856/921
f 880/1854/877 924/1856/921 925/1857/922
f 880/1854/877 925/1857/922 887/1858/884
f 880/1769/877 887/1788/884 881/1770/878
f 926/1859/923 780/1860/777 779/1562/776
f 926/1859/923 779/1562/776 714/1427/711
f 926/1859/923 714/1427/711 927/1861/924
f 926/1859/923 927/1861/924 928/1862/925
f 926/1863/923 928/1864/925 929/1865/926
f 926/1863/923 929/1865/926 919/1845/916
f 926/1863/923 919/1845/916 918/1844/915
f 926/1859/923 918/1866/915 780/1860/777
f 930/1867/927 701/1841/698 917/1840/914
f 930/1867/927 917/1840/914 916/1839/913
f 930/1868/927 916/1869/913 931/1870/928
f 930/1868/927 931/1870/928 928/1862/925
f 930/1868/927 928/1862/925 927/1861/924
f 930/1868/927 927/1861/924 714/1427/711
f 930/1868/927 714/1427/711 713/1426/710
f 930/1868/927 713/1426/710 701/1871/698
f 869/1752/866 867/1748/864 932/1872/929
f 869/1752/866 932/1872/929 933/1873/930
f 869/1752/866 933/1873/930 614/1874/611
f 869/1752/866 614/1874/611 613/1775/610
f 886/1785/883 885/1784/882 934/1875/931
f 886/1785/883 934/1875/931 935/1876/932
f 886/1787/883 935/1877/932 936/1878/933
f 886/1787/883 936/1878/933 937/1879/934
f 886/1787/883 937/1879/934 875/1760/872
f 886/1787/883 875/1760/872 865/1744/862
f 857/1880/854 685/1363/682 684/1362/681
f 857/1880/854 684/1362/681 888/1791/885
f 857/1880/854 888/1791/885 887/1790/884
f 857/1881/854 887/1882/884 938/1883/935
f 857/1881/854 938/1883/935 939/1884/936
f 857/1730/854 939/1885/936 858/1731/855
f 889/1886/886 876/1887/873 875/1760/872
f 889/1886/886 875/1760/872 937/1879/934
f 889/1886/886 937/1879/934 936/1878/933
f 889/1886/886 936/1878/933 940/1888/937
f 889/1886/886 940/1888/937 941/1889/938
f 889/1886/886 941/1889/938 890/1890/887
f 942/1891/939 835/1687/832 864/1741/861
f 942/1892/939 864/1893/861 943/1894/940
f 942/1895/939 943/1896/940 944/1897/941
f 942/1895/939 944/1897/941 945/1898/942
f 942/1895/939 945/1898/942 837/1899/834
f 942/1891/939 837/1689/834 836/1688/833
f 942/1891/939 836/1688/833 835/1687/832
f 866/1900/863 838/1901/835 837/1899/834
f 866/1900/863 837/1899/834 946/1902/943
f 866/1747/863 946/1903/943 947/1904/944
f 866/1747/863 947/1904/944 932/1872/929
f 866/1747/863 932/1872/929 867/1748/864
f 948/1905/945 887/1906/884 925/1907/922
f 948/1908/945 925/1909/922 924/1910/921
f 948/1908/945 924/1910/921 949/1911/946
f 948/1908/945 949/1911/946 950/1912/947
f 948/1913/945 950/1914/947 951/1915/948
f 948/1913/945 951/1915/948 939/1884/936
f 948/1913/945 939/1884/936 938/1883/935
f 948/1913/945 938/1883/935 887/1882/884
f 933/1873/930 932/1872/929 947/1904/944
f 933/1873/930 947/1904/944 952/1916/949
f 933/1873/930 952/1916/949 884/1917/881
f 933/1873/930 884/1917/881 883/1918/880
f 933/1873/930 883/1918/880 631/1919/628
f 933/1873/930 631/1919/628 630/1920/627
f 933/1873/930 630/1920/627 614/1874/611
f 922/1921/919 879/1922/876 812/1724/809
f 922/1921/919 812/1724/809 856/1723/853
f 922/1923/919 856/1722/853 855/1721/852
f 922/1923/919 855/1721/852 953/1924/950
f 922/1923/919 953/1924/950 954/1925/951
f 922/1923/919 954/1925/951 923/1926/920
f 862/1737/859 861/1736/858 955/1927/952
f 862/1737/859 955/1927/952 956/1928/953
f 862/1737/859 956/1928/953 907/1929/904
f 862/1737/859 907/1929/904 906/1930/903
f 862/1737/859 906/1930/903 689/1931/686
f 862/1737/859 689/1931/686 688/1738/685
f 957/1932/954 837/1899/834 945/1898/942
f 957/1932/954 945/1898/942 944/1897/941
f 957/1932/954 944/1897/941 958/1933/955
f 957/1934/954 958/1935/955 959/1936/956
f 957/1934/954 959/1936/956 960/1937/957
f 957/1934/954 960/1937/957 947/1904/944
f 957/1934/954 947/1904/944 946/1903/943
f 957/1932/954 946/1902/943 837/1899/834
f 961/1938/958 909/1939/906 907/1940/904
f 961/1941/958 907/1929/904 962/1942/959
f 961/1943/958 962/1944/959 963/1945/960
f 961/1938/958 963/1946/960 909/1939/906
f 963/1945/960 962/1944/959 964/1947/961
f 963/1945/960 964/1947/961 965/1948/962
f 963/1945/960 965/1948/962 966/1949/963
f 963/1946/960 966/1950/963 910/1951/907
f 963/1946/960 910/1951/907 909/1939/906
f 941/1889/938 940/1888/937 967/1952/964
f 941/1953/938 967/1954/964 968/1955/965
f 941/1953/938 968/1955/965 969/1956/966
f 941/1953/938 969/1956/966 970/1957/967
f 941/1953/938 970/1957/967 891/1958/888
f 941/1889/938 891/1959/888 890/1890/887
f 970/1957/967 969/1956/966 971/1960/968
f 970/1957/967 971/1960/968 972/1961/969
f 970/1957/967 972/1961/969 898/1962/895
f 970/1957/967 898/1962/895 891/1958/888
f 921/1849/918 920/1848/917 973/1963/970
f 921/1849/918 973/1963/970 974/1964/971
f 921/1849/918 974/1964/971 975/1965/972
f 921/1849/918 975/1965/972 976/1966/824
f 921/1849/918 976/1966/824 828/1668/825
f 921/1849/918 828/1668/825 827/1667/824
f 977/1967/973 828/1668/825 976/1966/824
f 977/1967/973 976/1966/824 975/1965/972
f 977/1968/973 975/1969/972 978/1970/974
f 977/1971/973 978/1972/974 979/1973/975
f 977/1971/973 979/1973/975 980/1974/976
f 977/1975/973 980/1976/976 840/1695/837
f 977/1975/973 840/1695/837 839/1694/836
f 977/1975/973 839/1694/836 828/1693/825
f 934/1875/931 885/1784/882 884/1783/881
f 934/1875/931 884/1783/881 981/1977/977
f 934/1875/931 981/1977/977 982/1978/978
f 934/1875/931 982/1978/978 983/1979/979
f 934/1875/931 983/1979/979 984/1980/980
f 934/1875/931 984/1980/980 935/1876/932
f 985/1981/981 840/1739/837 980/1982/976
f 985/1983/981 980/1974/976 979/1973/975
f 985/1983/981 979/1973/975 986/1984/982
f 985/1983/981 986/1984/982 987/1985/983
f 985/1983/981 987/1985/983 988/1986/984
f 985/1983/981 988/1986/984 864/1893/861
f 985/1981/981 864/1741/861 863/1740/860
f 985/1981/981 863/1740/860 840/1739/837
f 962/1942/959 907/1929/904 956/1928/953
f 962/1942/959 956/1928/953 955/1927/952
f 962/1942/959 955/1927/952 989/1987/985
f 962/1944/959 989/1988/985 990/1989/986
f 962/1944/959 990/1989/986 964/1947/961
f 991/1990/987 911/1991/908 910/1951/907
f 991/1990/987 910/1951/907 992/1992/988
f 991/1990/987 992/1992/988 993/1993/989
f 991/1990/987 993/1993/989 994/1994/990
f 991/1990/987 994/1994/990 995/1995/991
f 991/1990/987 995/1995/991 996/1996/992
f 991/1990/987 996/1996/992 912/1997/909
f 991/1998/987 912/1835/909 911/1834/908
f 997/1999/993 819/2000/816 904/2001/901
f 997/1999/993 904/2001/901 998/2002/994
f 997/2003/993 998/2004/994 999/2005/995
f 997/2003/993 999/2005/995 1000/2006/996
f 997/2003/993 1000/2006/996 1001/2007/997
f 997/2003/993 1001/2007/997 821/2008/818
f 997/2003/993 821/2008/818 820/2009/817
f 997/2003/993 820/2009/817 819/2010/816
f 1002/2011/998 884/1917/881 952/1916/949
f 1002/2011/998 952/1916/949 947/1904/944
f 1002/2011/998 947/1904/944 960/1937/957
f 1002/2011/998 960/1937/957 959/1936/956
f 1002/2011/998 959/1936/956 1003/2012/999
f 1002/2013/998 1003/2014/999 982/1978/978
f 1002/2013/998 982/1978/978 981/1977/977
f 1002/2013/998 981/1977/977 884/1783/881
f 943/1894/940 864/1893/861 988/1986/984
f 943/1894/940 988/1986/984 987/1985/983
f 943/1894/940 987/1985/983 1004/2015/1000
f 943/1896/940 1004/2016/1000 1005/2017/1001
f 943/1896/940 1005/2017/1001 944/1897/941
f 1006/2018/1002 912/1997/909 996/1996/992
f 1006/2018/1002 996/1996/992 995/1995/991
f 1006/2018/1002 995/1995/991 1007/2019/1003
f 1006/2020/1002 1007/2021/1003 1008/2022/1004
f 1006/2020/1002 1008/2022/1004 1009/2023/1005
f 1006/2024/1002 1009/2025/1005 916/1839/913
f 1006/2024/1002 916/1839/913 915/1838/912
f 1006/2024/1002 915/1838/912 912/1835/909
f 1010/2026/1006 898/1808/895 972/2027/969
f 1010/2026/1006 972/2027/969 971/2028/968
f 1010/2026/1006 971/2028/968 1011/2029/1007
f 1010/2030/1006 1011/2031/1007 1012/2032/1008
f 1010/2030/1006 1012/2032/1008 1013/2033/1009
f 1010/2030/1006 1013/2033/1009 900/1817/897
f 1010/2026/1006 900/1810/897 899/1809/896
f 1010/2026/1006 899/1809/896 898/1808/895
f 966/2034/963 965/2035/962 1014/2036/1010
f 966/1950/963 1014/2037/1010 992/1992/988
f 966/1950/963 992/1992/988 910/1951/907
f 1015/2038/1011 916/2039/913 1009/2040/1005
f 1015/2038/1011 1009/2040/1005 1008/2041/1004
f 1015/2042/1011 1008/2022/1004 1016/2043/1012
f 1015/2044/1011 1016/2045/1012 1017/2046/1013
f 1015/2044/1011 1017/2046/1013 1018/2047/1014
f 1015/2044/1011 1018/2047/1014 928/1864/925
f 1015/2044/1011 928/1864/925 931/2048/928
f 1015/2049/1011 931/1870/928 916/1869/913
f 939/1885/936 951/2050/948 1019/2051/1015
f 939/1885/936 1019/2051/1015 1020/2052/1016
f 939/1885/936 1020/2052/1016 859/1732/856
f 939/1885/936 859/1732/856 858/1731/855
f 1021/2053/1017 900/1817/897 1013/2033/1009
f 1021/2053/1017 1013/2033/1009 1012/2032/1008
f 1021/2053/1017 1012/2032/1008 1022/2054/1018
f 1021/2053/1017 1022/2054/1018 1023/2055/1019
f 1021/2053/1017 1023/2055/1019 998/2056/994
f 1021/2053/1017 998/2056/994 904/1819/901
f 1021/2053/1017 904/1819/901 903/1818/900
f 1021/2053/1017 903/1818/900 900/1817/897
f 955/1927/952 861/1736/858 859/1732/856
f 955/1927/952 859/1732/856 1020/2052/1016
f 955/1927/952 1020/2052/1016 1019/2051/1015
f 955/1927/952 1019/2051/1015 989/1987/985
f 1024/2057/1020 928/1864/925 1018/2047/1014
f 1024/2057/1020 1018/2047/1014 1017/2046/1013
f 1024/2057/1020 1017/2046/1013 1025/2058/1021
f 1024/2057/1020 1025/2058/1021 1026/2059/1022
f 1024/2057/1020 1026/2059/1022 1027/2060/1023
f 1024/2057/1020 1027/2060/1023 919/1845/916
f 1024/2057/1020 919/1845/916 929/1865/926
f 1024/2057/1020 929/1865/926 928/1864/925
f 984/1980/980 983/1979/979 1028/2061/1024
f 984/2062/980 1028/2063/1024 1029/2064/1025
f 984/2062/980 1029/2064/1025 1030/2065/1026
f 984/2066/980 1030/2067/1026 1031/2068/1027
f 984/2066/980 1031/2068/1027 936/1878/933
f 984/2066/980 936/1878/933 935/1877/932
f 1032/2069/1028 712/1801/709 711/2070/708
f 1032/2069/1028 711/2070/708 710/2071/707
f 1032/2069/1028 710/2071/707 1033/2072/1029
f 1032/2069/1028 1033/2072/1029 1034/2073/1030
f 1032/2069/1028 1034/2073/1030 1035/2074/1031
f 1032/2069/1028 1035/2074/1031 894/1803/891
f 1032/2069/1028 894/1803/891 893/1802/890
f 1032/2069/1028 893/1802/890 712/1801/709
f 1036/2075/1032 710/2071/707 821/2076/818
f 1036/2075/1032 821/2076/818 1001/2077/997
f 1036/2075/1032 1001/2077/997 1000/2078/996
f 1036/2075/1032 1000/2078/996 1037/2079/1033
f 1036/2075/1032 1037/2079/1033 1034/2073/1030
f 1036/2075/1032 1034/2073/1030 1033/2072/1029
f 1036/2075/1032 1033/2072/1029 710/2071/707
f 967/1952/964 940/1888/937 936/1878/933
f 967/1952/964 936/1878/933 1031/2068/1027
f 967/1952/964 1031/2068/1027 1030/2067/1026
f 967/1954/964 1030/2080/1026 1038/2081/1034
f 967/1954/964 1038/2081/1034 1039/2082/1035
f 967/1954/964 1039/2082/1035 1040/2083/1036
f 967/1954/964 1040/2083/1036 968/1955/965
f 954/1925/951 953/1924/950 1041/2084/1037
f 954/1925/951 1041/2084/1037 1042/2085/1038
f 954/2086/951 1042/2087/1038 1043/2088/1039
f 954/2086/951 1043/2088/1039 1044/2089/1040
f 954/2086/951 1044/2089/1040 924/2090/921
f 954/1925/951 924/2091/921 923/1926/920
f 973/2092/970 920/1846/917 919/1845/916
f 973/2092/970 919/1845/916 1027/2060/1023
f 973/2092/970 1027/2060/1023 1026/2059/1022
f 973/1963/970 1026/2093/1022 1045/2094/1041
f 973/1963/970 1045/2094/1041 1046/2095/1042
f 973/1963/970 1046/2095/1042 974/1964/971
f 1047/2096/1043 969/1956/966 968/1955/965
f 1047/2096/1043 968/1955/965 1048/2097/1044
f 1047/2096/1043 1048/2097/1044 1049/2098/1045
f 1047/2099/1043 1049/2100/1045 1050/2101/1046
f 1047/2099/1043 1050/2101/1046 1051/2102/1047
f 1047/2099/1043 1051/2102/1047 1052/2103/1048
f 1047/2096/1043 1052/2104/1048 971/1960/968
f 1047/2096/1043 971/1960/968 969/1956/966
f 1053/2105/1049 971/2106/968 1052/2103/1048
f 1053/2105/1049 1052/2103/1048 1051/2102/1047
f 1053/2105/1049 1051/2102/1047 1054/2107/1050
f 1053/2108/1049 1054/2109/1050 1055/2110/1051
f 1053/2108/1049 1055/2110/1051 1056/2111/1052
f 1053/2108/1049 1056/2111/1052 1012/2032/1008
f 1053/2108/1049 1012/2032/1008 1011/2031/1007
f 1053/2108/1049 1011/2031/1007 971/2112/968
f 1057/2113/1053 1019/2114/1015 951/2115/948
f 1057/2116/1053 951/1915/948 950/1914/947
f 1057/2117/1053 950/2118/947 1058/2119/1054
f 1057/2113/1053 1058/2120/1054 990/1989/986
f 1057/2113/1053 990/1989/986 1019/2114/1015
f 990/1989/986 989/1988/985 1019/2114/1015
f 1040/2083/1036 1039/2082/1035 1059/2121/1055
f 1040/2083/1036 1059/2121/1055 1060/2122/1056
f 1040/2083/1036 1060/2122/1056 1049/2098/1045
f 1040/2083/1036 1049/2098/1045 1048/2097/1044
f 1040/2083/1036 1048/2097/1044 968/1955/965
f 1061/2123/1057 1012/2032/1008 1056/2111/1052
f 1061/2123/1057 1056/2111/1052 1055/2110/1051
f 1061/2123/1057 1055/2110/1051 1062/2124/1058
f 1061/2123/1057 1062/2124/1058 1063/2125/1059
f 1061/2123/1057 1063/2125/1059 1064/2126/1060
f 1061/2123/1057 1064/2126/1060 1023/2055/1019
f 1061/2123/1057 1023/2055/1019 1022/2054/1018
f 1061/2123/1057 1022/2054/1018 1012/2032/1008
f 1065/2127/1061 924/1910/921 1044/2128/1040
f 1065/2129/1061 1044/2089/1040 1043/2088/1039
f 1065/2129/1061 1043/2088/1039 1066/2130/1062
f 1065/2129/1061 1066/2130/1062 1067/2131/1063
f 1065/2127/1061 1067/2132/1063 1068/2133/1064
f 1065/2127/1061 1068/2133/1064 950/1912/947
f 1065/2127/1061 950/1912/947 949/1911/946
f 1065/2127/1061 949/1911/946 924/1910/921
f 1014/2036/1010 965/2035/962 1069/2134/1065
f 1014/2036/1010 1069/2134/1065 1070/2135/1066
f 1014/2036/1010 1070/2135/1066 1071/2136/1067
f 1014/2037/1010 1071/2137/1067 1072/2138/1068
f 1014/2037/1010 1072/2138/1068 992/1992/988
f 1028/2061/1024 983/1979/979 982/1978/978
f 1028/2061/1024 982/1978/978 1073/2139/1069
f 1028/2063/1024 1073/2140/1069 1074/2141/1070
f 1028/2063/1024 1074/2141/1070 1075/2142/1071
f 1028/2063/1024 1075/2142/1071 1076/2143/1072
f 1028/2063/1024 1076/2143/1072 1029/2064/1025
f 1077/2144/1073 982/1978/978 1003/2014/999
f 1077/2144/1073 1003/2014/999 959/2145/956
f 1077/2144/1073 959/2145/956 1078/2146/1074
f 1077/2147/1073 1078/2148/1074 1079/2149/1075
f 1077/2150/1073 1079/2151/1075 1080/2152/1076
f 1077/2150/1073 1080/2152/1076 1074/2153/1070
f 1077/2150/1073 1074/2153/1070 1073/2154/1069
f 1077/2144/1073 1073/2139/1069 982/1978/978
f 958/1933/955 944/1897/941 1005/2017/1001
f 958/1933/955 1005/2017/1001 1081/2155/1077
f 958/1933/955 1081/2155/1077 1078/2156/1074
f 958/1935/955 1078/2157/1074 959/1936/956
f 1041/2084/1037 953/1924/950 855/1721/852
f 1041/2084/1037 855/1721/852 895/1805/892
f 1041/2158/1037 895/1804/892 894/1803/891
f 1041/2158/1037 894/1803/891 1082/2159/1078
f 1041/2160/1037 1082/2161/1078 1083/2162/1079
f 1041/2160/1037 1083/2162/1079 1042/2087/1038
f 1084/2163/1080 998/2056/994 1023/2055/1019
f 1084/2164/1080 1023/2165/1019 1064/2166/1060
f 1084/2164/1080 1064/2166/1060 1085/2167/1081
f 1084/2164/1080 1085/2167/1081 1086/2168/1082
f 1084/2164/1080 1086/2168/1082 1000/2169/996
f 1084/2170/1080 1000/2006/996 999/2005/995
f 1084/2170/1080 999/2005/995 998/2004/994
f 965/1948/962 964/1947/961 990/1989/986
f 965/1948/962 990/1989/986 1087/2171/1083
f 965/2035/962 1087/2172/1083 1088/2173/1084
f 965/2035/962 1088/2173/1084 1069/2134/1065
f 1058/2119/1054 950/2118/947 1089/2174/1085
f 1058/2119/1054 1089/2174/1085 1090/2175/1086
f 1058/2119/1054 1090/2175/1086 1091/2176/1087
f 1058/2119/1054 1091/2176/1087 1088/2173/1084
f 1058/2119/1054 1088/2173/1084 1087/2172/1083
f 1058/2119/1054 1087/2172/1083 990/2177/986
f 1068/2178/1064 1067/2179/1063 1092/2180/1088
f 1068/2178/1064 1092/2180/1088 1093/2181/1089
f 1068/2133/1064 1093/2182/1089 1094/2183/1090
f 1068/2133/1064 1094/2183/1090 1090/2184/1086
f 1068/2133/1064 1090/2184/1086 1089/2185/1085
f 1068/2133/1064 1089/2185/1085 950/1912/947
f 1095/2186/1091 1016/2043/1012 1008/2022/1004
f 1095/2186/1091 1008/2022/1004 1096/2187/1092
f 1095/2186/1091 1096/2187/1092 1097/2188/1093
f 1095/2186/1091 1097/2188/1093 1098/2189/1094
f 1095/2186/1091 1098/2189/1094 1099/2190/1095
f 1095/2186/1091 1099/2190/1095 1100/2191/1096
f 1095/2186/1091 1100/2191/1096 1017/2192/1013
f 1095/2186/1091 1017/2192/1013 1016/2043/1012
f 1101/2193/1097 1017/2192/1013 1100/2191/1096
f 1101/2193/1097 1100/2191/1096 1099/2190/1095
f 1101/2194/1097 1099/2195/1095 1102/2196/1098
f 1101/2194/1097 1102/2196/1098 1103/2197/1099
f 1101/2198/1097 1103/2199/1099 1104/2200/1100
f 1101/2198/1097 1104/2200/1100 1026/2201/1022
f 1101/2198/1097 1026/2201/1022 1025/2202/1021
f 1101/2193/1097 1025/2203/1021 1017/2192/1013
f 1105/2204/1101 979/1973/975 978/1972/974
f 1105/2205/1101 978/1970/974 975/1969/972
f 1105/2205/1101 975/1969/972 1106/2206/1102
f 1105/2205/1101 1106/2206/1102 1107/2207/1103
f 1105/2205/1101 1107/2207/1103 1108/2208/1104
f 1105/2205/1101 1108/2208/1104 1109/2209/1105
f 1105/2204/1101 1109/2210/1105 1110/2211/1106
f 1105/2204/1101 1110/2211/1106 979/1973/975
f 1111/2212/1107 979/1973/975 1110/2211/1106
f 1111/2212/1107 1110/2211/1106 1109/2210/1105
f 1111/2213/1107 1109/2214/1105 1112/2215/1108
f 1111/2213/1107 1112/2215/1108 1113/2216/1109
f 1111/2213/1107 1113/2216/1109 1114/2217/1110
f 1111/2212/1107 1114/2218/1110 987/1985/983
f 1111/2212/1107 987/1985/983 986/1984/982
f 1111/2212/1107 986/1984/982 979/1973/975
f 1115/2219/1111 1008/2022/1004 1007/2021/1003
f 1115/2220/1111 1007/2221/1003 995/2222/991
f 1115/2220/1111 995/2222/991 1116/2223/1112
f 1115/2224/1111 1116/2225/1112 1117/2226/1113
f 1115/2224/1111 1117/2226/1113 1118/2227/1114
f 1115/2219/1111 1118/2228/1114 1097/2188/1093
f 1115/2219/1111 1097/2188/1093 1096/2187/1092
f 1115/2219/1111 1096/2187/1092 1008/2022/1004
f 1063/2229/1059 1062/2230/1058 1119/2231/1115
f 1063/2229/1059 1119/2231/1115 1120/2232/1116
f 1063/2229/1059 1120/2232/1116 1121/2233/1117
f 1063/2229/1059 1121/2233/1117 1122/2234/1118
f 1063/2229/1059 1122/2234/1118 1064/2166/1060
f 1085/2167/1081 1064/2166/1060 1122/2234/1118
f 1085/2167/1081 1122/2234/1118 1123/2235/1119
f 1085/2167/1081 1123/2235/1119 1124/2236/1120
f 1085/2167/1081 1124/2236/1120 1125/2237/1121
f 1085/2167/1081 1125/2237/1121 1086/2168/1082
f 1126/2238/1122 1026/2093/1022 1104/2239/1100
f 1126/2240/1122 1104/2200/1100 1103/2199/1099
f 1126/2240/1122 1103/2199/1099 1127/2241/1123
f 1126/2240/1122 1127/2241/1123 1128/2242/1124
f 1126/2240/1122 1128/2242/1124 1129/2243/1125
f 1126/2238/1122 1129/2244/1125 1046/2095/1042
f 1126/2238/1122 1046/2095/1042 1045/2094/1041
f 1126/2238/1122 1045/2094/1041 1026/2093/1022
f 1070/2135/1066 1069/2134/1065 1088/2173/1084
f 1070/2135/1066 1088/2173/1084 1130/2245/1126
f 1070/2135/1066 1130/2245/1126 1131/2246/1127
f 1070/2135/1066 1131/2246/1127 1132/2247/1128
f 1070/2135/1066 1132/2247/1128 1133/2248/1129
f 1070/2135/1066 1133/2248/1129 1071/2136/1067
f 1134/2249/1130 1091/2176/1087 1090/2175/1086
f 1134/2249/1130 1090/2175/1086 1135/2250/1131
f 1134/2249/1130 1135/2250/1131 1136/2251/1132
f 1134/2249/1130 1136/2251/1132 1137/2252/1133
f 1134/2249/1130 1137/2252/1133 1131/2246/1127
f 1134/2249/1130 1131/2246/1127 1130/2245/1126
f 1134/2249/1130 1130/2245/1126 1088/2173/1084
f 1134/2249/1130 1088/2173/1084 1091/2176/1087
f 1138/2253/1134 1050/2101/1046 1049/2100/1045
f 1138/2253/1134 1049/2100/1045 1139/2254/1135
f 1138/2253/1134 1139/2254/1135 1140/2255/1136
f 1138/2253/1134 1140/2255/1136 1141/2256/1137
f 1138/2253/1134 1141/2256/1137 1142/2257/1138
f 1138/2253/1134 1142/2257/1138 1143/2258/1139
f 1138/2253/1134 1143/2258/1139 1051/2102/1047
f 1138/2253/1134 1051/2102/1047 1050/2101/1046
f 1144/2259/1140 987/1985/983 1114/2218/1110
f 1144/2260/1140 1114/2217/1110 1113/2216/1109
f 1144/2260/1140 1113/2216/1109 1145/2261/1141
f 1144/2260/1140 1145/2261/1141 1146/2262/1142
f 1144/2263/1140 1146/2264/1142 1005/2017/1001
f 1144/2263/1140 1005/2017/1001 1004/2016/1000
f 1144/2259/1140 1004/2015/1000 987/1985/983
f 1147/2265/1143 994/1994/990 993/1993/989
f 1147/2266/1143 993/2267/989 1148/2268/1144
f 1147/2266/1143 1148/2268/1144 1149/2269/1145
f 1147/2266/1143 1149/2269/1145 1150/2270/1146
f 1147/2266/1143 1150/2270/1146 1117/2271/1113
f 1147/2266/1143 1117/2271/1113 1116/2223/1112
f 1147/2266/1143 1116/2223/1112 995/2222/991
f 1147/2266/1143 995/2222/991 994/2272/990
f 1046/2095/1042 1129/2244/1125 1107/2273/1103
f 1046/2095/1042 1107/2273/1103 1106/2274/1102
f 1046/2095/1042 1106/2274/1102 975/1965/972
f 1046/2095/1042 975/1965/972 974/1964/971
f 1151/2275/1147 1078/2156/1074 1081/2155/1077
f 1151/2275/1147 1081/2155/1077 1005/2017/1001
f 1151/2276/1147 1005/2277/1001 1152/2278/1148
f 1151/2276/1147 1152/2278/1148 1153/2279/1149
f 1151/2276/1147 1153/2279/1149 1079/2151/1075
f 1151/2276/1147 1079/2151/1075 1078/2280/1074
f 1125/2281/1121 1124/2282/1120 1154/2283/1150
f 1125/2281/1121 1154/2283/1150 1155/2284/1151
f 1125/2281/1121 1155/2284/1151 1034/2073/1030
f 1125/2281/1121 1034/2073/1030 1037/2079/1033
f 1125/2281/1121 1037/2079/1033 1000/2078/996
f 1125/2237/1121 1000/2169/996 1086/2168/1082
f 1083/2285/1079 1082/2286/1078 1156/2287/1152
f 1083/2285/1079 1156/2287/1152 1157/2288/1153
f 1083/2285/1079 1157/2288/1153 1158/2289/1154
f 1083/2285/1079 1158/2289/1154 1159/2290/1155
f 1083/2285/1079 1159/2290/1155 1043/2291/1039
f 1083/2162/1079 1043/2088/1039 1042/2087/1038
f 1133/2292/1129 1132/2293/1128 1160/2294/1156
f 1133/2292/1129 1160/2294/1156 1161/2295/1157
f 1133/2296/1129 1161/2297/1157 1149/2298/1145
f 1133/2296/1129 1149/2298/1145 1148/2299/1144
f 1133/2300/1129 1148/2301/1144 1072/2138/1068
f 1133/2300/1129 1072/2138/1068 1071/2137/1067
f 1162/2302/1158 1049/2303/1045 1060/2304/1056
f 1162/2302/1158 1060/2304/1056 1163/2305/1159
f 1162/2302/1158 1163/2305/1159 1164/2306/1160
f 1162/2307/1158 1164/2308/1160 1165/2309/1161
f 1162/2302/1158 1165/2310/1161 1140/2311/1136
f 1162/2302/1158 1140/2311/1136 1139/2312/1135
f 1162/2302/1158 1139/2312/1135 1049/2303/1045
f 1146/2262/1142 1145/2261/1141 1166/2313/1162
f 1146/2314/1142 1166/2315/1162 1167/2316/1163
f 1146/2314/1142 1167/2316/1163 1152/2317/1148
f 1146/2264/1142 1152/2318/1148 1005/2017/1001
f 1168/2319/1164 1090/2184/1086 1094/2183/1090
f 1168/2319/1164 1094/2183/1090 1093/2182/1089
f 1168/2319/1164 1093/2182/1089 1169/2320/1165
f 1168/2321/1164 1169/2322/1165 1170/2323/1166
f 1168/2319/1164 1170/2324/1166 1171/2325/1167
f 1168/2319/1164 1171/2325/1167 1136/2326/1132
f 1168/2319/1164 1136/2326/1132 1135/2327/1131
f 1168/2319/1164 1135/2327/1131 1090/2184/1086
f 1172/2328/1168 1051/2102/1047 1143/2258/1139
f 1172/2328/1168 1143/2258/1139 1142/2257/1138
f 1172/2329/1168 1142/2330/1138 1173/2331/1169
f 1172/2329/1168 1173/2331/1169 1174/2332/1170
f 1172/2328/1168 1174/2333/1170 1175/2334/1171
f 1172/2328/1168 1175/2334/1171 1055/2335/1051
f 1172/2328/1168 1055/2335/1051 1054/2107/1050
f 1172/2328/1168 1054/2107/1050 1051/2102/1047
f 1076/2143/1072 1075/2142/1071 1176/2336/1172
f 1076/2143/1072 1176/2336/1172 1177/2337/1173
f 1076/2143/1072 1177/2337/1173 1178/2338/1174
f 1076/2143/1072 1178/2338/1174 1179/2339/1175
f 1076/2143/1072 1179/2339/1175 1030/2065/1026
f 1076/2143/1072 1030/2065/1026 1029/2064/1025
f 1180/2340/1176 1043/2291/1039 1159/2290/1155
f 1180/2340/1176 1159/2290/1155 1158/2289/1154
f 1180/2340/1176 1158/2289/1154 1181/2341/1177
f 1180/2342/1176 1181/2343/1177 1182/2344/1178
f 1180/2342/1176 1182/2344/1178 1183/2345/1179
f 1180/2342/1176 1183/2345/1179 1184/2346/1180
f 1180/2340/1176 1184/2347/1180 1043/2291/1039
f 1184/2346/1180 1183/2345/1179 1185/2348/1181
f 1184/2346/1180 1185/2348/1181 1186/2349/1182
f 1184/2350/1180 1186/2351/1182 1067/2352/1063
f 1184/2353/1180 1067/2354/1063 1066/2355/1062
f 1184/2356/1180 1066/2130/1062 1043/2088/1039
f 1119/2231/1115 1062/2230/1058 1055/2357/1051
f 1119/2358/1115 1055/2335/1051 1175/2334/1171
f 1119/2358/1115 1175/2334/1171 1174/2333/1170
f 1119/2359/1115 1174/2332/1170 1187/2360/1183
f 1119/2359/1115 1187/2360/1183 1188/2361/1184
f 1119/2362/1115 1188/2363/1184 1120/2364/1116
f 1189/2365/1185 1039/2082/1035 1038/2081/1034
f 1189/2365/1185 1038/2081/1034 1030/2080/1026
f 1189/2366/1185 1030/2065/1026 1179/2339/1175
f 1189/2366/1185 1179/2339/1175 1178/2338/1174
f 1189/2366/1185 1178/2338/1174 1190/2367/1186
f 1189/2366/1185 1190/2367/1186 1191/2368/1187
f 1189/2366/1185 1191/2368/1187 1192/2369/1188
f 1189/2365/1185 1192/2370/1188 1039/2082/1035
f 1059/2121/1055 1039/2082/1035 1192/2370/1188
f 1059/2371/1055 1192/2369/1188 1191/2368/1187
f 1059/2371/1055 1191/2368/1187 1193/2372/1189
f 1059/2373/1055 1193/2374/1189 1194/2375/1190
f 1059/2376/1055 1194/2377/1190 1195/2378/1191
f 1059/2121/1055 1195/2379/1191 1060/2122/1056
f 1156/2287/1152 1082/2286/1078 894/2380/891
f 1156/2381/1152 894/1803/891 1035/2074/1031
f 1156/2381/1152 1035/2074/1031 1034/2073/1030
f 1156/2381/1152 1034/2073/1030 1155/2284/1151
f 1156/2287/1152 1155/2382/1151 1154/2383/1150
f 1156/2287/1152 1154/2383/1150 1157/2288/1153
f 1121/2384/1117 1120/2364/1116 1188/2363/1184
f 1121/2385/1117 1188/2361/1184 1196/2386/1192
f 1121/2385/1117 1196/2386/1192 1197/2387/1193
f 1121/2388/1117 1197/2389/1193 1198/2390/1194
f 1121/2391/1117 1198/2392/1194 1123/2393/1119
f 1121/2233/1117 1123/2235/1119 1122/2234/1118
f 1128/2242/1124 1127/2241/1123 1199/2394/1195
f 1128/2395/1124 1199/2396/1195 1200/2397/1196
f 1128/2395/1124 1200/2397/1196 1201/2398/1197
f 1128/2395/1124 1201/2398/1197 1107/2399/1103
f 1128/2400/1124 1107/2401/1103 1129/2402/1125
f 1123/2393/1119 1198/2392/1194 1202/2403/1198
f 1123/2393/1119 1202/2403/1198 1203/2404/1199
f 1123/2393/1119 1203/2404/1199 1154/2383/1150
f 1123/2405/1119 1154/2283/1150 1124/2282/1120
f 1163/2406/1159 1060/2122/1056 1195/2379/1191
f 1163/2407/1159 1195/2378/1191 1194/2377/1190
f 1163/2408/1159 1194/2409/1190 1204/2410/1200
f 1163/2408/1159 1204/2410/1200 1164/2411/1160
f 1158/2289/1154 1157/2288/1153 1154/2383/1150
f 1158/2289/1154 1154/2383/1150 1203/2404/1199
f 1158/2289/1154 1203/2404/1199 1202/2403/1198
f 1158/2289/1154 1202/2403/1198 1181/2341/1177
f 1205/2412/1201 1109/2209/1105 1108/2208/1104
f 1205/2412/1201 1108/2208/1104 1107/2207/1103
f 1205/2413/1201 1107/2399/1103 1201/2398/1197
f 1205/2413/1201 1201/2398/1197 1200/2397/1196
f 1205/2413/1201 1200/2397/1196 1206/2414/1202
f 1205/2413/1201 1206/2414/1202 1207/2415/1203
f 1205/2413/1201 1207/2415/1203 1208/2416/1204
f 1205/2412/1201 1208/2417/1204 1109/2209/1105
f 1209/2418/1205 1109/2209/1105 1208/2417/1204
f 1209/2419/1205 1208/2416/1204 1207/2415/1203
f 1209/2419/1205 1207/2415/1203 1210/2420/1206
f 1209/2419/1205 1210/2420/1206 1211/2421/1207
f 1209/2419/1205 1211/2421/1207 1212/2422/1208
f 1209/2423/1205 1212/2424/1208 1113/2216/1109
f 1209/2423/1205 1113/2216/1109 1112/2215/1108
f 1209/2423/1205 1112/2215/1108 1109/2214/1105
f 1213/2425/1209 1067/2352/1063 1186/2351/1182
f 1213/2426/1209 1186/2349/1182 1185/2348/1181
f 1213/2427/1209 1185/2428/1181 1214/2429/1210
f 1213/2427/1209 1214/2429/1210 1215/2430/1211
f 1213/2431/1209 1215/2432/1211 1216/2433/1212
f 1213/2425/1209 1216/2434/1212 1093/2435/1089
f 1213/2425/1209 1093/2435/1089 1092/2436/1088
f 1213/2425/1209 1092/2436/1088 1067/2352/1063
f 1166/2313/1162 1145/2261/1141 1113/2216/1109
f 1166/2313/1162 1113/2216/1109 1212/2424/1208
f 1166/2437/1162 1212/2422/1208 1211/2421/1207
f 1166/2438/1162 1211/2439/1207 1217/2440/1213
f 1166/2438/1162 1217/2440/1213 1218/2441/1214
f 1166/2438/1162 1218/2441/1214 1167/2442/1163
f 1197/2387/1193 1196/2386/1192 1188/2361/1184
f 1197/2387/1193 1188/2361/1184 1219/2443/1215
f 1197/2389/1193 1219/2444/1215 1220/2445/1216
f 1197/2389/1193 1220/2445/1216 1221/2446/1217
f 1197/2389/1193 1221/2446/1217 1202/2447/1198
f 1197/2389/1193 1202/2447/1198 1198/2390/1194
f 1222/2448/1218 1140/2449/1136 1165/2309/1161
f 1222/2448/1218 1165/2309/1161 1164/2308/1160
f 1222/2448/1218 1164/2308/1160 1223/2450/1219
f 1222/2448/1218 1223/2450/1219 1224/2451/1220
f 1222/2452/1218 1224/2453/1220 1225/2454/1221
f 1222/2452/1218 1225/2454/1221 1226/2455/1222
f 1222/2448/1218 1226/2456/1222 1227/2457/1223
f 1222/2448/1218 1227/2457/1223 1140/2449/1136
f 1228/2458/1224 1140/2449/1136 1227/2457/1223
f 1228/2458/1224 1227/2457/1223 1226/2456/1222
f 1228/2459/1224 1226/2460/1222 1229/2461/1225
f 1228/2459/1224 1229/2461/1225 1230/2462/1226
f 1228/2459/1224 1230/2462/1226 1231/2463/1227
f 1228/2459/1224 1231/2463/1227 1142/2464/1138
f 1228/2458/1224 1142/2465/1138 1141/2466/1137
f 1228/2458/1224 1141/2466/1137 1140/2449/1136
f 1232/2467/1228 1093/2435/1089 1216/2434/1212
f 1232/2468/1228 1216/2469/1212 1215/2470/1211
f 1232/2468/1228 1215/2470/1211 1233/2471/1229
f 1232/2468/1228 1233/2471/1229 1234/2472/1230
f 1232/2468/1228 1234/2472/1230 1235/2473/1231
f 1232/2474/1228 1235/2475/1231 1170/2476/1166
f 1232/2474/1228 1170/2476/1166 1169/2477/1165
f 1232/2467/1228 1169/2478/1165 1093/2435/1089
f 1176/2336/1172 1075/2142/1071 1074/2141/1070
f 1176/2336/1172 1074/2141/1070 1236/2479/1232
f 1176/2480/1172 1236/2481/1232 1237/2482/1233
f 1176/2480/1172 1237/2482/1233 1238/2483/1234
f 1176/2480/1172 1238/2483/1234 1239/2484/1235
f 1176/2480/1172 1239/2484/1235 1177/2485/1173
f 1182/2344/1178 1181/2343/1177 1202/2447/1198
f 1182/2344/1178 1202/2447/1198 1221/2446/1217
f 1182/2344/1178 1221/2446/1217 1220/2445/1216
f 1182/2344/1178 1220/2445/1216 1240/2486/1236
f 1182/2344/1178 1240/2486/1236 1185/2348/1181
f 1182/2344/1178 1185/2348/1181 1183/2345/1179
f 1241/2487/1237 1137/2488/1133 1136/2489/1132
f 1241/2487/1237 1136/2489/1132 1242/2490/1238
f 1241/2487/1237 1242/2490/1238 1243/2491/1239
f 1241/2487/1237 1243/2491/1239 1244/2492/1240
f 1241/2487/1237 1244/2492/1240 1245/2493/1241
f 1241/2487/1237 1245/2493/1241 1246/2494/1242
f 1241/2487/1237 1246/2494/1242 1131/2495/1127
f 1241/2487/1237 1131/2495/1127 1137/2488/1133
f 1160/2294/1156 1132/2293/1128 1131/2495/1127
f 1160/2294/1156 1131/2495/1127 1246/2494/1242
f 1160/2294/1156 1246/2494/1242 1245/2493/1241
f 1160/2294/1156 1245/2493/1241 1247/2496/1243
f 1160/2294/1156 1247/2496/1243 1248/2497/1244
f 1160/2294/1156 1248/2497/1244 1161/2295/1157
f 1249/2498/1245 1142/2464/1138 1231/2463/1227
f 1249/2498/1245 1231/2463/1227 1230/2462/1226
f 1249/2499/1245 1230/2500/1226 1250/2501/1246
f 1249/2499/1245 1250/2501/1246 1251/2502/1247
f 1249/2499/1245 1251/2502/1247 1252/2503/1248
f 1249/2504/1245 1252/2505/1248 1174/2332/1170
f 1249/2504/1245 1174/2332/1170 1173/2331/1169
f 1249/2504/1245 1173/2331/1169 1142/2330/1138
f 1253/2506/1249 1074/2153/1070 1080/2152/1076
f 1253/2506/1249 1080/2152/1076 1079/2151/1075
f 1253/2506/1249 1079/2151/1075 1254/2507/1250
f 1253/2508/1249 1254/2509/1250 1255/2510/1251
f 1253/2508/1249 1255/2510/1251 1256/2511/1252
f 1253/2508/1249 1256/2511/1252 1237/2512/1233
f 1253/2508/1249 1237/2512/1233 1236/2513/1232
f 1253/2506/1249 1236/2514/1232 1074/2153/1070
f 1257/2515/1253 1188/2361/1184 1187/2360/1183
f 1257/2515/1253 1187/2360/1183 1174/2332/1170
f 1257/2515/1253 1174/2332/1170 1252/2505/1248
f 1257/2516/1253 1252/2503/1248 1251/2502/1247
f 1257/2516/1253 1251/2502/1247 1258/2517/1254
f 1257/2516/1253 1258/2517/1254 1220/2518/1216
f 1257/2515/1253 1220/2519/1216 1219/2443/1215
f 1257/2515/1253 1219/2443/1215 1188/2361/1184
f 1153/2520/1149 1152/2521/1148 1259/2522/1255
f 1153/2520/1149 1259/2522/1255 1260/2523/1256
f 1153/2520/1149 1260/2523/1256 1261/2524/1257
f 1153/2520/1149 1261/2524/1257 1255/2510/1251
f 1153/2520/1149 1255/2510/1251 1254/2509/1250
f 1153/2279/1149 1254/2507/1250 1079/2151/1075
f 1262/2525/1258 1150/2270/1146 1149/2269/1145
f 1262/2525/1258 1149/2269/1145 1248/2526/1244
f 1262/2527/1258 1248/2528/1244 1263/2529/1259
f 1262/2527/1258 1263/2529/1259 1264/2530/1260
f 1262/2527/1258 1264/2530/1260 1150/2531/1146
f 1264/2532/1260 1263/2533/1259 1265/2534/1261
f 1264/2532/1260 1265/2534/1261 1266/2535/1262
f 1264/2532/1260 1266/2535/1262 1267/2536/1263
f 1264/2537/1260 1267/2538/1263 1117/2539/1113
f 1264/2540/1260 1117/2271/1113 1150/2270/1146
f 1268/2541/1264 1117/2539/1113 1267/2538/1263
f 1268/2541/1264 1267/2538/1263 1266/2542/1262
f 1268/2541/1264 1266/2542/1262 1269/2543/1265
f 1268/2541/1264 1269/2543/1265 1270/2544/1266
f 1268/2541/1264 1270/2544/1266 1271/2545/1267
f 1268/2541/1264 1271/2545/1267 1272/2546/1268
f 1268/2547/1264 1272/2548/1268 1097/2549/1093
f 1268/2550/1264 1097/2188/1093 1118/2228/1114
f 1268/2541/1264 1118/2551/1114 1117/2539/1113
f 1259/2552/1255 1152/2317/1148 1167/2316/1163
f 1259/2553/1255 1167/2554/1163 1218/2555/1214
f 1259/2553/1255 1218/2555/1214 1260/2556/1256
f 1248/2557/1244 1149/2558/1145 1161/2559/1157
f 1273/2560/1269 1097/2549/1093 1272/2548/1268
f 1273/2561/1269 1272/2562/1268 1271/2563/1267
f 1273/2561/1269 1271/2563/1267 1274/2564/1270
f 1273/2560/1269 1274/2565/1270 1275/2566/1271
f 1273/2560/1269 1275/2566/1271 1276/2567/1272
f 1273/2560/1269 1276/2567/1272 1099/2195/1095
f 1273/2560/1269 1099/2195/1095 1098/2568/1094
f 1273/2560/1269 1098/2568/1094 1097/2549/1093
f 1277/2569/1273 1099/2195/1095 1276/2567/1272
f 1277/2569/1273 1276/2567/1272 1275/2566/1271
f 1277/2569/1273 1275/2566/1271 1278/2570/1274
f 1277/2569/1273 1278/2570/1274 1279/2571/1275
f 1277/2569/1273 1279/2571/1275 1280/2572/1276
f 1277/2569/1273 1280/2572/1276 1103/2197/1099
f 1277/2569/1273 1103/2197/1099 1102/2196/1098
f 1277/2569/1273 1102/2196/1098 1099/2195/1095
f 1281/2573/1277 1103/2199/1099 1280/2574/1276
f 1281/2573/1277 1280/2574/1276 1279/2575/1275
f 1281/2573/1277 1279/2575/1275 1282/2576/1278
f 1281/2573/1277 1282/2576/1278 1283/2577/1279
f 1281/2573/1277 1283/2577/1279 1199/2394/1195
f 1281/2573/1277 1199/2394/1195 1127/2241/1123
f 1281/2573/1277 1127/2241/1123 1103/2199/1099
f 1284/2578/1280 1136/2326/1132 1171/2325/1167
f 1284/2578/1280 1171/2325/1167 1170/2324/1166
f 1284/2579/1280 1170/2476/1166 1285/2580/1281
f 1284/2579/1280 1285/2580/1281 1286/2581/1282
f 1284/2579/1280 1286/2581/1282 1287/2582/1283
f 1284/2578/1280 1287/2583/1283 1243/2584/1239
f 1284/2578/1280 1243/2584/1239 1242/2585/1238
f 1284/2578/1280 1242/2585/1238 1136/2326/1132
f 1204/2410/1200 1194/2409/1190 1288/2586/1284
f 1204/2410/1200 1288/2586/1284 1289/2587/1285
f 1204/2410/1200 1289/2587/1285 1290/2588/1286
f 1204/2410/1200 1290/2588/1286 1164/2411/1160
f 1291/2589/1287 1164/2411/1160 1290/2588/1286
f 1291/2589/1287 1290/2588/1286 1289/2587/1285
f 1291/2589/1287 1289/2587/1285 1292/2590/1288
f 1291/2591/1287 1292/2592/1288 1293/2593/1289
f 1291/2591/1287 1293/2593/1289 1294/2594/1290
f 1291/2591/1287 1294/2594/1290 1224/2595/1220
f 1291/2596/1287 1224/2451/1220 1223/2450/1219
f 1291/2589/1287 1223/2597/1219 1164/2411/1160
f 1295/2598/1291 1229/2461/1225 1226/2460/1222
f 1295/2598/1291 1226/2460/1222 1296/2599/1292
f 1295/2598/1291 1296/2599/1292 1297/2600/1293
f 1295/2598/1291 1297/2600/1293 1298/2601/1294
f 1295/2598/1291 1298/2601/1294 1230/2462/1226
f 1295/2598/1291 1230/2462/1226 1229/2461/1225
f 1299/2602/1295 1226/2455/1222 1225/2454/1221
f 1299/2602/1295 1225/2454/1221 1224/2453/1220
f 1299/2602/1295 1224/2453/1220 1300/2603/1296
f 1299/2604/1295 1300/2605/1296 1301/2606/1297
f 1299/2604/1295 1301/2606/1297 1302/2607/1298
f 1299/2604/1295 1302/2607/1298 1297/2600/1293
f 1299/2604/1295 1297/2600/1293 1296/2599/1292
f 1299/2604/1295 1296/2599/1292 1226/2460/1222
f 1303/2608/1299 1194/2609/1190 1304/2610/1300
f 1303/2608/1299 1304/2610/1300 1305/2611/1301
f 1303/2608/1299 1305/2611/1301 1288/2612/1284
f 1303/2613/1299 1288/2586/1284 1194/2409/1190
f 1304/2614/1300 1194/2375/1190 1193/2374/1189
f 1304/2614/1300 1193/2374/1189 1191/2615/1187
f 1304/2614/1300 1191/2615/1187 1306/2616/1302
f 1304/2614/1300 1306/2616/1302 1307/2617/1303
f 1304/2618/1300 1307/2619/1303 1308/2620/1304
f 1304/2618/1300 1308/2620/1304 1305/2621/1301
f 1309/2622/1305 1230/2500/1226 1298/2623/1294
f 1309/2622/1305 1298/2623/1294 1297/2624/1293
f 1309/2622/1305 1297/2624/1293 1310/2625/1306
f 1309/2622/1305 1310/2625/1306 1311/2626/1307
f 1309/2622/1305 1311/2626/1307 1312/2627/1308
f 1309/2622/1305 1312/2627/1308 1251/2502/1247
f 1309/2622/1305 1251/2502/1247 1250/2501/1246
f 1309/2622/1305 1250/2501/1246 1230/2500/1226
f 1313/2628/1309 1288/2629/1284 1305/2630/1301
f 1313/2631/1309 1305/2632/1301 1314/2633/1310
f 1313/2634/1309 1314/2635/1310 1315/2636/1311
f 1313/2634/1309 1315/2636/1311 1316/2637/1312
f 1313/2634/1309 1316/2637/1312 1289/2638/1285
f 1313/2628/1309 1289/2639/1285 1288/2629/1284
f 1317/2640/1313 1305/2621/1301 1308/2620/1304
f 1317/2640/1313 1308/2620/1304 1307/2619/1303
f 1317/2640/1313 1307/2619/1303 1318/2641/1314
f 1317/2642/1313 1318/2643/1314 1319/2644/1315
f 1317/2642/1313 1319/2644/1315 1320/2645/1316
f 1317/2642/1313 1320/2645/1316 1321/2646/1317
f 1317/2647/1313 1321/2648/1317 1322/2649/1318
f 1317/2647/1313 1322/2649/1318 1305/2632/1301
f 1314/2633/1310 1305/2632/1301 1322/2649/1318
f 1314/2633/1310 1322/2649/1318 1321/2648/1317
f 1314/2633/1310 1321/2648/1317 1323/2650/1319
f 1314/2633/1310 1323/2650/1319 1324/2651/1320
f 1314/2635/1310 1324/2652/1320 1315/2636/1311
f 1325/2653/1321 1220/2518/1216 1258/2517/1254
f 1325/2653/1321 1258/2517/1254 1251/2502/1247
f 1325/2653/1321 1251/2502/1247 1312/2627/1308
f 1325/2653/1321 1312/2627/1308 1311/2626/1307
f 1325/2653/1321 1311/2626/1307 1326/2654/1322
f 1325/2653/1321 1326/2654/1322 1215/2430/1211
f 1325/2653/1321 1215/2430/1211 1214/2429/1210
f 1325/2653/1321 1214/2429/1210 1185/2428/1181
f 1325/2653/1321 1185/2428/1181 1240/2655/1236
f 1325/2653/1321 1240/2655/1236 1220/2518/1216
f 1327/2656/1323 1297/2657/1293 1302/2658/1298
f 1327/2656/1323 1302/2658/1298 1301/2659/1297
f 1327/2656/1323 1301/2659/1297 1328/2660/1324
f 1327/2661/1323 1328/2662/1324 1329/2663/1325
f 1327/2661/1323 1329/2663/1325 1330/2664/1326
f 1327/2661/1323 1330/2664/1326 1311/2665/1307
f 1327/2656/1323 1311/2666/1307 1310/2667/1306
f 1327/2656/1323 1310/2667/1306 1297/2657/1293
f 1331/2668/1327 1191/2615/1187 1190/2669/1186
f 1331/2668/1327 1190/2669/1186 1178/2670/1174
f 1331/2668/1327 1178/2670/1174 1332/2671/1328
f 1331/2668/1327 1332/2671/1328 1307/2617/1303
f 1331/2668/1327 1307/2617/1303 1306/2616/1302
f 1331/2668/1327 1306/2616/1302 1191/2615/1187
f 1239/2484/1235 1238/2483/1234 1319/2672/1315
f 1239/2673/1235 1319/2644/1315 1318/2643/1314
f 1239/2673/1235 1318/2643/1314 1307/2674/1303
f 1239/2675/1235 1307/2617/1303 1332/2671/1328
f 1239/2675/1235 1332/2671/1328 1178/2670/1174
f 1239/2484/1235 1178/2676/1174 1177/2485/1173
f 1333/2677/1329 1224/2453/1220 1294/2678/1290
f 1333/2679/1329 1294/2594/1290 1293/2593/1289
f 1333/2679/1329 1293/2593/1289 1334/2680/1330
f 1333/2679/1329 1334/2680/1330 1335/2681/1331
f 1333/2682/1329 1335/2683/1331 1336/2684/1332
f 1333/2685/1329 1336/2686/1332 1301/2687/1297
f 1333/2677/1329 1301/2688/1297 1300/2603/1296
f 1333/2677/1329 1300/2603/1296 1224/2453/1220
f 1337/2689/1333 1289/2638/1285 1316/2637/1312
f 1337/2689/1333 1316/2637/1312 1315/2636/1311
f 1337/2689/1333 1315/2636/1311 1338/2690/1334
f 1337/2691/1333 1338/2692/1334 1339/2693/1335
f 1337/2691/1333 1339/2693/1335 1340/2694/1336
f 1337/2691/1333 1340/2694/1336 1293/2593/1289
f 1337/2691/1333 1293/2593/1289 1292/2592/1288
f 1337/2689/1333 1292/2695/1288 1289/2638/1285
f 1341/2696/1337 1170/2476/1166 1235/2475/1231
f 1341/2697/1337 1235/2473/1231 1234/2472/1230
f 1341/2698/1337 1234/2699/1230 1342/2700/1338
f 1341/2698/1337 1342/2700/1338 1343/2701/1339
f 1341/2702/1337 1343/2703/1339 1344/2704/1340
f 1341/2705/1337 1344/2706/1340 1286/2707/1282
f 1341/2696/1337 1286/2581/1282 1285/2580/1281
f 1341/2696/1337 1285/2580/1281 1170/2476/1166
f 1345/2708/1341 1320/2645/1316 1319/2644/1315
f 1345/2709/1341 1319/2710/1315 1346/2711/1342
f 1345/2709/1341 1346/2711/1342 1255/2510/1251
f 1345/2709/1341 1255/2510/1251 1261/2524/1257
f 1345/2709/1341 1261/2524/1257 1260/2523/1256
f 1345/2709/1341 1260/2523/1256 1347/2712/1343
f 1345/2709/1341 1347/2712/1343 1348/2713/1344
f 1345/2714/1341 1348/2715/1344 1321/2716/1317
f 1345/2717/1341 1321/2718/1317 1320/2719/1316
f 1237/2512/1233 1256/2511/1252 1255/2510/1251
f 1237/2512/1233 1255/2510/1251 1346/2711/1342
f 1237/2482/1233 1346/2720/1342 1319/2672/1315
f 1237/2482/1233 1319/2672/1315 1238/2483/1234
f 1349/2721/1345 1215/2470/1211 1326/2722/1322
f 1349/2721/1345 1326/2722/1322 1311/2665/1307
f 1349/2721/1345 1311/2665/1307 1330/2664/1326
f 1349/2721/1345 1330/2664/1326 1329/2663/1325
f 1349/2721/1345 1329/2663/1325 1350/2723/1346
f 1349/2721/1345 1350/2723/1346 1234/2472/1230
f 1349/2721/1345 1234/2472/1230 1233/2471/1229
f 1349/2721/1345 1233/2471/1229 1215/2470/1211
f 1351/2724/1347 1321/2648/1317 1352/2725/1348
f 1351/2724/1347 1352/2725/1348 1353/2726/1349
f 1351/2724/1347 1353/2726/1349 1354/2727/1350
f 1351/2724/1347 1354/2727/1350 1355/2728/1351
f 1351/2724/1347 1355/2728/1351 1324/2651/1320
f 1351/2724/1347 1324/2651/1320 1323/2650/1319
f 1351/2724/1347 1323/2650/1319 1321/2648/1317
f 1356/2729/1352 1321/2716/1317 1348/2715/1344
f 1356/2729/1352 1348/2715/1344 1357/2730/1353
f 1356/2729/1352 1357/2730/1353 1358/2731/1354
f 1356/2729/1352 1358/2731/1354 1359/2732/1355
f 1356/2729/1352 1359/2732/1355 1360/2733/1356
f 1356/2729/1352 1360/2733/1356 1353/2734/1349
f 1356/2735/1352 1353/2726/1349 1352/2725/1348
f 1356/2735/1352 1352/2725/1348 1321/2648/1317
f 1361/2736/1357 1244/2492/1240 1243/2491/1239
f 1361/2736/1357 1243/2491/1239 1362/2737/1358
f 1361/2736/1357 1362/2737/1358 1363/2738/1359
f 1361/2739/1357 1363/2740/1359 1364/2741/1360
f 1361/2739/1357 1364/2741/1360 1365/2742/1361
f 1361/2736/1357 1365/2743/1361 1245/2493/1241
f 1361/2736/1357 1245/2493/1241 1244/2492/1240
f 1366/2744/1362 1245/2493/1241 1365/2743/1361
f 1366/2745/1362 1365/2742/1361 1364/2741/1360
f 1366/2745/1362 1364/2741/1360 1367/2746/1363
f 1366/2745/1362 1367/2746/1363 1368/2747/1364
f 1366/2745/1362 1368/2747/1364 1369/2748/1365
f 1366/2745/1362 1369/2748/1365 1248/2749/1244
f 1366/2744/1362 1248/2497/1244 1247/2496/1243
f 1366/2744/1362 1247/2496/1243 1245/2493/1241
f 1370/2750/1366 1207/2415/1203 1206/2414/1202
f 1370/2750/1366 1206/2414/1202 1200/2397/1196
f 1370/2750/1366 1200/2397/1196 1371/2751/1367
f 1370/2750/1366 1371/2751/1367 1372/2752/1368
f 1370/2753/1366 1372/2754/1368 1373/2755/1369
f 1370/2753/1366 1373/2755/1369 1374/2756/1370
f 1370/2753/1366 1374/2756/1370 1375/2757/1371
f 1370/2753/1366 1375/2757/1371 1207/2758/1203
f 1374/2756/1370 1373/2755/1369 1376/2759/1372
f 1374/2756/1370 1376/2759/1372 1377/2760/1373
f 1374/2756/1370 1377/2760/1373 1211/2439/1207
f 1374/2756/1370 1211/2439/1207 1210/2761/1206
f 1374/2756/1370 1210/2761/1206 1207/2758/1203
f 1374/2756/1370 1207/2758/1203 1375/2757/1371
f 1378/2762/1374 1200/2397/1196 1199/2396/1195
f 1378/2762/1374 1199/2396/1195 1283/2763/1279
f 1378/2762/1374 1283/2763/1279 1379/2764/1375
f 1378/2762/1374 1379/2764/1375 1372/2752/1368
f 1378/2762/1374 1372/2752/1368 1371/2751/1367
f 1378/2762/1374 1371/2751/1367 1200/2397/1196
f 1380/2765/1376 1211/2439/1207 1377/2760/1373
f 1380/2765/1376 1377/2760/1373 1376/2759/1372
f 1380/2765/1376 1376/2759/1372 1381/2766/1377
f 1380/2765/1376 1381/2766/1377 1382/2767/1378
f 1380/2765/1376 1382/2767/1378 1383/2768/1379
f 1380/2765/1376 1383/2768/1379 1218/2441/1214
f 1380/2765/1376 1218/2441/1214 1217/2440/1213
f 1380/2765/1376 1217/2440/1213 1211/2439/1207
f 1263/2769/1259 1248/2749/1244 1369/2748/1365
f 1263/2769/1259 1369/2748/1365 1368/2747/1364
f 1263/2769/1259 1368/2747/1364 1384/2770/1380
f 1263/2533/1259 1384/2771/1380 1385/2772/1381
f 1263/2533/1259 1385/2772/1381 1265/2534/1261
f 1386/2773/1382 1347/2712/1343 1260/2523/1256
f 1386/2773/1382 1260/2523/1256 1383/2774/1379
f 1386/2775/1382 1383/2768/1379 1382/2767/1378
f 1386/2775/1382 1382/2767/1378 1387/2776/1383
f 1386/2777/1382 1387/2778/1383 1357/2779/1353
f 1386/2780/1382 1357/2730/1353 1348/2715/1344
f 1386/2780/1382 1348/2715/1344 1347/2781/1343
f 1372/2782/1368 1379/2783/1375 1388/2784/1384
f 1372/2782/1368 1388/2784/1384 1389/2785/1385
f 1372/2754/1368 1389/2786/1385 1376/2759/1372
f 1372/2754/1368 1376/2759/1372 1373/2755/1369
f 1390/2787/1386 1243/2788/1239 1287/2789/1283
f 1390/2787/1386 1287/2789/1283 1286/2790/1282
f 1390/2787/1386 1286/2790/1282 1391/2791/1387
f 1390/2792/1386 1391/2793/1387 1392/2794/1388
f 1390/2792/1386 1392/2794/1388 1393/2795/1389
f 1390/2787/1386 1393/2796/1389 1362/2797/1358
f 1390/2787/1386 1362/2797/1358 1243/2788/1239
f 1394/2798/1390 1301/2799/1297 1336/2800/1332
f 1394/2801/1390 1336/2684/1332 1335/2683/1331
f 1394/2801/1390 1335/2683/1331 1395/2802/1391
f 1394/2801/1390 1395/2802/1391 1396/2803/1392
f 1394/2801/1390 1396/2803/1392 1397/2804/1393
f 1394/2798/1390 1397/2805/1393 1328/2662/1324
f 1394/2798/1390 1328/2662/1324 1301/2799/1297
f 1260/2556/1256 1218/2555/1214 1383/2806/1379
f 1283/2577/1279 1282/2576/1278 1398/2807/1394
f 1283/2577/1279 1398/2807/1394 1399/2808/1395
f 1283/2577/1279 1399/2808/1395 1400/2809/1396
f 1283/2763/1279 1400/2810/1396 1379/2764/1375
f 1354/2727/1350 1353/2726/1349 1360/2811/1356
f 1354/2812/1350 1360/2733/1356 1401/2813/1397
f 1354/2812/1350 1401/2813/1397 1402/2814/1398
f 1354/2815/1350 1402/2816/1398 1403/2817/1399
f 1354/2815/1350 1403/2817/1399 1355/2818/1351
f 1404/2819/1400 1376/2759/1372 1389/2786/1385
f 1404/2820/1400 1389/2785/1385 1388/2784/1384
f 1404/2820/1400 1388/2784/1384 1405/2821/1401
f 1404/2820/1400 1405/2821/1401 1406/2822/1402
f 1404/2820/1400 1406/2822/1402 1387/2778/1383
f 1404/2820/1400 1387/2778/1383 1382/2823/1378
f 1404/2819/1400 1382/2767/1378 1381/2766/1377
f 1404/2819/1400 1381/2766/1377 1376/2759/1372
f 1407/2824/1403 1360/2733/1356 1359/2732/1355
f 1407/2825/1403 1359/2826/1355 1408/2827/1404
f 1407/2825/1403 1408/2827/1404 1409/2828/1405
f 1407/2825/1403 1409/2828/1405 1410/2829/1406
f 1407/2825/1403 1410/2829/1406 1411/2830/1407
f 1407/2831/1403 1411/2832/1407 1402/2816/1398
f 1407/2824/1403 1402/2814/1398 1401/2813/1397
f 1407/2824/1403 1401/2813/1397 1360/2733/1356
f 1412/2833/1408 1400/2834/1396 1399/2835/1395
f 1412/2833/1408 1399/2835/1395 1413/2836/1409
f 1412/2837/1408 1413/2838/1409 1414/2839/1410
f 1412/2837/1408 1414/2839/1410 1415/2840/1411
f 1412/2837/1408 1415/2840/1411 1388/2784/1384
f 1412/2837/1408 1388/2784/1384 1379/2783/1375
f 1412/2841/1408 1379/2764/1375 1400/2810/1396
f 1416/2842/1412 1315/2843/1311 1324/2844/1320
f 1416/2842/1412 1324/2844/1320 1403/2817/1399
f 1416/2842/1412 1403/2817/1399 1417/2845/1413
f 1416/2842/1412 1417/2845/1413 1418/2846/1414
f 1416/2842/1412 1418/2846/1414 1419/2847/1415
f 1416/2848/1412 1419/2849/1415 1339/2850/1335
f 1416/2848/1412 1339/2850/1335 1338/2851/1334
f 1416/2848/1412 1338/2851/1334 1315/2852/1311
f 1406/2822/1402 1405/2821/1401 1415/2840/1411
f 1406/2822/1402 1415/2840/1411 1408/2853/1404
f 1406/2854/1402 1408/2827/1404 1359/2826/1355
f 1406/2854/1402 1359/2826/1355 1358/2855/1354
f 1406/2822/1402 1358/2856/1354 1357/2779/1353
f 1406/2822/1402 1357/2779/1353 1387/2778/1383
f 1420/2857/1416 1271/2545/1267 1270/2544/1266
f 1420/2857/1416 1270/2544/1266 1269/2543/1265
f 1420/2857/1416 1269/2543/1265 1421/2858/1417
f 1420/2857/1416 1421/2858/1417 1422/2859/1418
f 1420/2857/1416 1422/2859/1418 1423/2860/1419
f 1420/2857/1416 1423/2860/1419 1424/2861/1420
f 1420/2857/1416 1424/2861/1420 1425/2862/1421
f 1420/2857/1416 1425/2862/1421 1271/2545/1267
f 1426/2863/1422 1271/2563/1267 1425/2864/1421
f 1426/2863/1422 1425/2864/1421 1424/2865/1420
f 1426/2863/1422 1424/2865/1420 1427/2866/1423
f 1426/2863/1422 1427/2866/1423 1428/2867/1424
f 1426/2863/1422 1428/2867/1424 1429/2868/1425
f 1426/2863/1422 1429/2868/1425 1275/2869/1271
f 1426/2863/1422 1275/2869/1271 1274/2564/1270
f 1426/2863/1422 1274/2564/1270 1271/2563/1267
f 1415/2840/1411 1405/2821/1401 1388/2784/1384
f 1385/2772/1381 1384/2771/1380 1430/2870/1426
f 1385/2772/1381 1430/2870/1426 1431/2871/1427
f 1385/2772/1381 1431/2871/1427 1432/2872/1428
f 1385/2772/1381 1432/2872/1428 1433/2873/1429
f 1385/2772/1381 1433/2873/1429 1266/2535/1262
f 1385/2772/1381 1266/2535/1262 1265/2534/1261
f 1421/2858/1417 1269/2543/1265 1266/2542/1262
f 1421/2858/1417 1266/2542/1262 1433/2874/1429
f 1421/2858/1417 1433/2874/1429 1432/2875/1428
f 1421/2858/1417 1432/2875/1428 1422/2859/1418
f 1434/2876/1430 1275/2869/1271 1429/2868/1425
f 1434/2877/1430 1429/2878/1425 1428/2879/1424
f 1434/2877/1430 1428/2879/1424 1435/2880/1431
f 1434/2877/1430 1435/2880/1431 1436/2881/1432
f 1434/2877/1430 1436/2881/1432 1437/2882/1433
f 1434/2883/1430 1437/2884/1433 1279/2885/1275
f 1434/2886/1430 1279/2571/1275 1278/2570/1274
f 1434/2876/1430 1278/2887/1274 1275/2869/1271
f 1414/2888/1410 1413/2889/1409 1438/2890/1434
f 1414/2891/1410 1438/2892/1434 1439/2893/1435
f 1414/2891/1410 1439/2893/1435 1410/2829/1406
f 1414/2891/1410 1410/2829/1406 1409/2828/1405
f 1414/2891/1410 1409/2828/1405 1408/2827/1404
f 1414/2891/1410 1408/2827/1404 1415/2894/1411
f 1440/2895/1436 1293/2593/1289 1340/2694/1336
f 1440/2895/1436 1340/2694/1336 1339/2693/1335
f 1440/2895/1436 1339/2693/1335 1441/2896/1437
f 1440/2895/1436 1441/2896/1437 1442/2897/1438
f 1440/2895/1436 1442/2897/1438 1443/2898/1439
f 1440/2895/1436 1443/2898/1439 1444/2899/1440
f 1440/2895/1436 1444/2899/1440 1445/2900/1441
f 1440/2895/1436 1445/2900/1441 1335/2681/1331
f 1440/2895/1436 1335/2681/1331 1334/2680/1330
f 1440/2895/1436 1334/2680/1330 1293/2593/1289
f 1329/2663/1325 1328/2662/1324 1397/2805/1393
f 1329/2901/1325 1397/2804/1393 1446/2902/1442
f 1329/2901/1325 1446/2902/1442 1447/2903/1443
f 1329/2901/1325 1447/2903/1443 1350/2904/1346
f 1448/2905/1444 1279/2906/1275 1437/2907/1433
f 1448/2905/1444 1437/2907/1433 1436/2908/1432
f 1448/2905/1444 1436/2908/1432 1449/2909/1445
f 1448/2905/1444 1449/2909/1445 1450/2910/1446
f 1448/2905/1444 1450/2910/1446 1282/2911/1278
f 1448/2905/1444 1282/2911/1278 1279/2906/1275
f 1403/2817/1399 1324/2844/1320 1355/2818/1351
f 1450/2910/1446 1449/2909/1445 1451/2912/1447
f 1450/2910/1446 1451/2912/1447 1452/2913/1448
f 1450/2910/1446 1452/2913/1448 1453/2914/1449
f 1450/2910/1446 1453/2914/1449 1399/2835/1395
f 1450/2910/1446 1399/2835/1395 1398/2915/1394
f 1450/2910/1446 1398/2915/1394 1282/2911/1278
f 1454/2916/1450 1362/2797/1358 1393/2796/1389
f 1454/2917/1450 1393/2918/1389 1455/2919/1451
f 1454/2917/1450 1455/2919/1451 1363/2920/1359
f 1454/2917/1450 1363/2920/1359 1362/2921/1358
f 1438/2922/1434 1413/2836/1409 1399/2835/1395
f 1438/2922/1434 1399/2835/1395 1453/2914/1449
f 1438/2922/1434 1453/2914/1449 1452/2913/1448
f 1438/2922/1434 1452/2913/1448 1456/2923/1452
f 1438/2924/1434 1456/2925/1452 1457/2926/1453
f 1438/2924/1434 1457/2926/1453 1439/2927/1435
f 1447/2903/1443 1446/2902/1442 1458/2928/1454
f 1447/2929/1443 1458/2930/1454 1459/2931/1455
f 1447/2929/1443 1459/2931/1455 1343/2932/1339
f 1447/2903/1443 1343/2701/1339 1342/2700/1338
f 1447/2903/1443 1342/2700/1338 1234/2699/1230
f 1447/2903/1443 1234/2699/1230 1350/2904/1346
f 1430/2933/1426 1384/2770/1380 1368/2747/1364
f 1430/2933/1426 1368/2747/1364 1460/2934/1456
f 1430/2933/1426 1460/2934/1456 1461/2935/1457
f 1430/2933/1426 1461/2935/1457 1462/2936/1458
f 1430/2870/1426 1462/2937/1458 1463/2938/1459
f 1430/2870/1426 1463/2938/1459 1431/2871/1427
f 1396/2803/1392 1395/2802/1391 1464/2939/1460
f 1396/2940/1392 1464/2941/1460 1465/2942/1461
f 1396/2803/1392 1465/2943/1461 1446/2902/1442
f 1396/2803/1392 1446/2902/1442 1397/2804/1393
f 1466/2944/1462 1443/2945/1439 1442/2946/1438
f 1466/2944/1462 1442/2946/1438 1467/2947/1463
f 1466/2944/1462 1467/2947/1463 1468/2948/1464
f 1466/2944/1462 1468/2948/1464 1469/2949/1465
f 1466/2944/1462 1469/2949/1465 1470/2950/1466
f 1466/2944/1462 1470/2950/1466 1471/2951/1467
f 1466/2944/1462 1471/2951/1467 1444/2952/1440
f 1466/2944/1462 1444/2952/1440 1443/2945/1439
f 1472/2953/1468 1339/2850/1335 1419/2849/1415
f 1472/2954/1468 1419/2847/1415 1418/2846/1414
f 1472/2954/1468 1418/2846/1414 1473/2955/1469
f 1472/2954/1468 1473/2955/1469 1474/2956/1470
f 1472/2954/1468 1474/2956/1470 1475/2957/1471
f 1472/2953/1468 1475/2958/1471 1442/2946/1438
f 1472/2953/1468 1442/2946/1438 1441/2959/1437
f 1472/2953/1468 1441/2959/1437 1339/2850/1335
f 1463/2938/1459 1462/2937/1458 1476/2960/1472
f 1463/2938/1459 1476/2960/1472 1477/2961/1473
f 1463/2938/1459 1477/2961/1473 1478/2962/1474
f 1463/2938/1459 1478/2962/1474 1479/2963/1475
f 1463/2938/1459 1479/2963/1475 1480/2964/1476
f 1463/2938/1459 1480/2964/1476 1432/2872/1428
f 1463/2938/1459 1432/2872/1428 1431/2871/1427
f 1481/2965/1477 1432/2872/1428 1480/2964/1476
f 1481/2965/1477 1480/2964/1476 1479/2963/1475
f 1481/2966/1477 1479/2967/1475 1482/2968/1478
f 1481/2966/1477 1482/2968/1478 1483/2969/1479
f 1481/2966/1477 1483/2969/1479 1484/2970/1480
f 1481/2966/1477 1484/2970/1480 1423/2860/1419
f 1481/2966/1477 1423/2860/1419 1422/2859/1418
f 1481/2966/1477 1422/2859/1418 1432/2875/1428
f 1485/2971/1481 1423/2860/1419 1484/2970/1480
f 1485/2971/1481 1484/2970/1480 1483/2969/1479
f 1485/2972/1481 1483/2973/1479 1486/2974/1482
f 1485/2975/1481 1486/2976/1482 1487/2977/1483
f 1485/2978/1481 1487/2979/1483 1488/2980/1484
f 1485/2981/1481 1488/2982/1484 1427/2866/1423
f 1485/2981/1481 1427/2866/1423 1424/2865/1420
f 1485/2971/1481 1424/2861/1420 1423/2860/1419
f 1489/2983/1485 1442/2946/1438 1475/2958/1471
f 1489/2984/1485 1475/2957/1471 1474/2956/1470
f 1489/2984/1485 1474/2956/1470 1490/2985/1486
f 1489/2984/1485 1490/2985/1486 1491/2986/1487
f 1489/2984/1485 1491/2986/1487 1492/2987/1488
f 1489/2983/1485 1492/2988/1488 1468/2948/1464
f 1489/2983/1485 1468/2948/1464 1467/2947/1463
f 1489/2983/1485 1467/2947/1463 1442/2946/1438
f 1493/2989/1489 1444/2952/1440 1471/2951/1467
f 1493/2989/1489 1471/2951/1467 1470/2950/1466
f 1493/2990/1489 1470/2991/1466 1494/2992/1490
f 1493/2990/1489 1494/2992/1490 1495/2993/1491
f 1493/2990/1489 1495/2993/1491 1496/2994/1492
f 1493/2995/1489 1496/2996/1492 1497/2997/1493
f 1493/2995/1489 1497/2997/1493 1498/2998/1494
f 1493/2989/1489 1498/2999/1494 1444/2952/1440
f 1499/3000/1495 1444/2952/1440 1498/2999/1494
f 1499/3001/1495 1498/3002/1494 1497/3003/1493
f 1499/3001/1495 1497/3003/1493 1500/3004/1496
f 1499/3001/1495 1500/3004/1496 1501/3005/1497
f 1499/3001/1495 1501/3005/1497 1502/3006/1498
f 1499/3007/1495 1502/3008/1498 1335/2681/1331
f 1499/3007/1495 1335/2681/1331 1445/2900/1441
f 1499/3007/1495 1445/2900/1441 1444/2899/1440
f 1503/3009/1499 1368/2747/1364 1367/2746/1363
f 1503/3009/1499 1367/2746/1363 1364/2741/1360
f 1503/3009/1499 1364/2741/1360 1504/3010/1500
f 1503/3011/1499 1504/3012/1500 1505/3013/1501
f 1503/3011/1499 1505/3013/1501 1506/3014/1502
f 1503/3011/1499 1506/3014/1502 1461/3015/1457
f 1503/3009/1499 1461/2935/1457 1460/2934/1456
f 1503/3009/1499 1460/2934/1456 1368/2747/1364
f 1464/2939/1460 1395/2802/1391 1335/2683/1331
f 1464/2939/1460 1335/2683/1331 1502/3016/1498
f 1464/2941/1460 1502/3006/1498 1501/3005/1497
f 1464/2941/1460 1501/3005/1497 1507/3017/1503
f 1464/2941/1460 1507/3017/1503 1508/3018/1504
f 1464/2941/1460 1508/3018/1504 1465/2942/1461
f 1509/3019/1505 1363/3020/1359 1455/3021/1451
f 1509/3019/1505 1455/3021/1451 1510/3022/1506
f 1509/3023/1505 1510/3024/1506 1505/3013/1501
f 1509/3023/1505 1505/3013/1501 1504/3012/1500
f 1509/3025/1505 1504/3010/1500 1364/2741/1360
f 1509/3025/1505 1364/2741/1360 1363/2740/1359
f 1478/3026/1474 1477/3027/1473 1511/3028/1507
f 1478/3026/1474 1511/3028/1507 1512/3029/1508
f 1478/3030/1474 1512/3031/1508 1513/3032/1509
f 1478/3030/1474 1513/3032/1509 1514/3033/1510
f 1478/3030/1474 1514/3033/1510 1482/3034/1478
f 1478/2962/1474 1482/3035/1478 1479/2963/1475
f 1515/3036/1511 1427/3037/1423 1488/2980/1484
f 1515/3036/1511 1488/2980/1484 1487/2979/1483
f 1515/3036/1511 1487/2979/1483 1516/3038/1512
f 1515/3036/1511 1516/3038/1512 1517/3039/1513
f 1515/3036/1511 1517/3039/1513 1518/3040/1514
f 1515/3036/1511 1518/3040/1514 1435/2880/1431
f 1515/3036/1511 1435/2880/1431 1428/2879/1424
f 1515/3036/1511 1428/2879/1424 1427/3037/1423
f 1519/3041/1515 1393/2795/1389 1392/2794/1388
f 1519/3041/1515 1392/2794/1388 1520/3042/1516
f 1519/3043/1515 1520/3044/1516 1521/3045/1517
f 1519/3043/1515 1521/3045/1517 1522/3046/1518
f 1519/3041/1515 1522/3047/1518 1455/3048/1451
f 1519/3041/1515 1455/3048/1451 1393/2795/1389
f 1476/3049/1472 1462/2936/1458 1461/2935/1457
f 1476/3050/1472 1461/3051/1457 1523/3052/1519
f 1476/3050/1472 1523/3052/1519 1524/3053/1520
f 1476/3050/1472 1524/3053/1520 1525/3054/1521
f 1476/3050/1472 1525/3054/1521 1511/3028/1507
f 1476/3050/1472 1511/3028/1507 1477/3027/1473
f 1526/3055/1522 1403/2817/1399 1402/2816/1398
f 1526/3055/1522 1402/2816/1398 1527/3056/1523
f 1526/3055/1522 1527/3056/1523 1528/3057/1524
f 1526/3055/1522 1528/3057/1524 1529/3058/1525
f 1526/3055/1522 1529/3058/1525 1403/2817/1399
f 1529/3059/1525 1528/3060/1524 1530/3061/1526
f 1529/3058/1525 1530/3062/1526 1418/2846/1414
f 1529/3058/1525 1418/2846/1414 1417/2845/1413
f 1529/3058/1525 1417/2845/1413 1403/2817/1399
f 1527/3056/1523 1402/2816/1398 1411/2832/1407
f 1527/3063/1523 1411/2830/1407 1410/2829/1406
f 1527/3063/1523 1410/2829/1406 1531/3064/1527
f 1527/3063/1523 1531/3064/1527 1532/3065/1528
f 1527/3063/1523 1532/3065/1528 1533/3066/1529
f 1527/3067/1523 1533/3068/1529 1528/3060/1524
f 1457/2926/1453 1456/2925/1452 1534/3069/1530
f 1457/2926/1453 1534/3069/1530 1535/3070/1531
f 1457/3071/1453 1535/3072/1531 1532/3073/1528
f 1457/3074/1453 1532/3065/1528 1531/3064/1527
f 1457/3074/1453 1531/3064/1527 1410/2829/1406
f 1457/3074/1453 1410/2829/1406 1439/2893/1435
f 1536/3075/1532 1482/3034/1478 1514/3033/1510
f 1536/3075/1532 1514/3033/1510 1513/3032/1509
f 1536/3075/1532 1513/3032/1509 1537/3076/1533
f 1536/3075/1532 1537/3076/1533 1538/3077/1534
f 1536/3075/1532 1538/3077/1534 1539/3078/1535
f 1536/3075/1532 1539/3078/1535 1486/2976/1482
f 1536/3075/1532 1486/2976/1482 1483/3079/1479
f 1536/3075/1532 1483/3079/1479 1482/3034/1478
f 1540/3080/1536 1286/2707/1282 1344/2706/1340
f 1540/3081/1536 1344/2704/1340 1343/2703/1339
f 1540/3081/1536 1343/2703/1339 1541/3082/1537
f 1540/3081/1536 1541/3082/1537 1542/3083/1538
f 1540/3081/1536 1542/3083/1538 1543/3084/1539
f 1540/3080/1536 1543/3085/1539 1392/3086/1388
f 1540/3080/1536 1392/3086/1388 1391/3087/1387
f 1540/3080/1536 1391/3087/1387 1286/2707/1282
f 1544/3088/1540 1486/2976/1482 1539/3078/1535
f 1544/3088/1540 1539/3078/1535 1545/3089/1541
f 1544/3088/1540 1545/3089/1541 1546/3090/1542
f 1544/3091/1540 1546/3092/1542 1547/3093/1543
f 1544/3094/1540 1547/3095/1543 1487/2979/1483
f 1544/3088/1540 1487/2977/1483 1486/2976/1482
f 1548/3096/1544 1487/2979/1483 1547/3095/1543
f 1548/3097/1544 1547/3093/1543 1549/3098/1545
f 1548/3097/1544 1549/3098/1545 1550/3099/1546
f 1548/3097/1544 1550/3099/1546 1551/3100/1547
f 1548/3097/1544 1551/3100/1547 1552/3101/1548
f 1548/3097/1544 1552/3101/1548 1517/3102/1513
f 1548/3096/1544 1517/3039/1513 1516/3038/1512
f 1548/3096/1544 1516/3038/1512 1487/2979/1483
f 1553/3103/1549 1435/2880/1431 1518/3040/1514
f 1553/3103/1549 1518/3040/1514 1517/3039/1513
f 1553/3103/1549 1517/3039/1513 1554/3104/1550
f 1553/3105/1549 1554/3106/1550 1555/3107/1551
f 1553/3105/1549 1555/3107/1551 1449/3108/1445
f 1553/3103/1549 1449/3109/1445 1436/2881/1432
f 1553/3103/1549 1436/2881/1432 1435/2880/1431
f 1546/3090/1542 1545/3089/1541 1556/3110/1552
f 1546/3090/1542 1556/3110/1552 1557/3111/1553
f 1546/3092/1542 1557/3112/1553 1558/3113/1554
f 1546/3092/1542 1558/3113/1554 1559/3114/1555
f 1546/3092/1542 1559/3114/1555 1549/3098/1545
f 1546/3092/1542 1549/3098/1545 1547/3093/1543
f 1560/3115/1556 1455/3116/1451 1522/3117/1518
f 1560/3115/1556 1522/3117/1518 1561/3118/1557
f 1560/3115/1556 1561/3118/1557 1510/3119/1506
f 1560/3115/1556 1510/3119/1506 1455/3116/1451
f 1491/3120/1487 1490/3121/1486 1562/3122/1558
f 1491/3123/1487 1562/3124/1558 1563/3125/1559
f 1491/3123/1487 1563/3125/1559 1564/3126/1560
f 1491/3123/1487 1564/3126/1560 1565/3127/1561
f 1491/3128/1487 1565/3129/1561 1468/3130/1464
f 1491/3128/1487 1468/3130/1464 1492/3131/1488
f 1566/3132/1562 1468/3130/1464 1565/3129/1561
f 1566/3133/1562 1565/3127/1561 1564/3126/1560
f 1566/3133/1562 1564/3126/1560 1567/3134/1563
f 1566/3133/1562 1567/3134/1563 1568/3135/1564
f 1566/3133/1562 1568/3135/1564 1569/3136/1565
f 1566/3132/1562 1569/3137/1565 1470/2991/1466
f 1566/3132/1562 1470/2991/1466 1469/3138/1465
f 1566/3132/1562 1469/3138/1465 1468/3130/1464
f 1570/3139/1566 1461/3015/1457 1506/3014/1502
f 1570/3139/1566 1506/3014/1502 1505/3013/1501
f 1570/3139/1566 1505/3013/1501 1571/3140/1567
f 1570/3139/1566 1571/3140/1567 1572/3141/1568
f 1570/3139/1566 1572/3141/1568 1573/3142/1569
f 1570/3139/1566 1573/3142/1569 1524/3143/1520
f 1570/3139/1566 1524/3143/1520 1523/3144/1519
f 1570/3139/1566 1523/3144/1519 1461/3015/1457
f 1458/3145/1454 1446/3146/1442 1465/2942/1461
f 1458/3145/1454 1465/2942/1461 1508/3018/1504
f 1458/3145/1454 1508/3018/1504 1574/3147/1570
f 1458/3148/1454 1574/3149/1570 1575/3150/1571
f 1458/3148/1454 1575/3150/1571 1459/3151/1455
f 1576/3152/1572 1470/2991/1466 1569/3137/1565
f 1576/3153/1572 1569/3136/1565 1568/3135/1564
f 1576/3153/1572 1568/3135/1564 1577/3154/1573
f 1576/3155/1572 1577/3156/1573 1578/3157/1574
f 1576/3155/1572 1578/3157/1574 1579/3158/1575
f 1576/3152/1572 1579/3159/1575 1495/2993/1491
f 1576/3152/1572 1495/2993/1491 1494/2992/1490
f 1576/3152/1572 1494/2992/1490 1470/2991/1466
f 1580/3160/1576 1549/3098/1545 1559/3114/1555
f 1580/3161/1576 1559/3162/1555 1581/3163/1577
f 1580/3161/1576 1581/3163/1577 1582/3164/1578
f 1580/3161/1576 1582/3164/1578 1583/3165/1579
f 1580/3161/1576 1583/3165/1579 1584/3166/1580
f 1580/3167/1576 1584/3168/1580 1551/3169/1547
f 1580/3160/1576 1551/3100/1547 1550/3099/1546
f 1580/3160/1576 1550/3099/1546 1549/3098/1545
f 1585/3170/1581 1517/3102/1513 1552/3101/1548
f 1585/3170/1581 1552/3101/1548 1551/3100/1547
f 1585/3170/1581 1551/3100/1547 1586/3171/1582
f 1585/3172/1581 1586/3173/1582 1587/3174/1583
f 1585/3172/1581 1587/3174/1583 1555/3175/1551
f 1585/3170/1581 1555/3107/1551 1554/3106/1550
f 1585/3170/1581 1554/3106/1550 1517/3102/1513
f 1588/3176/1584 1510/3024/1506 1561/3177/1557
f 1588/3176/1584 1561/3177/1557 1589/3178/1585
f 1588/3176/1584 1589/3178/1585 1572/3141/1568
f 1588/3176/1584 1572/3141/1568 1571/3140/1567
f 1588/3176/1584 1571/3140/1567 1505/3013/1501
f 1588/3176/1584 1505/3013/1501 1510/3024/1506
f 1562/3179/1558 1490/3180/1486 1474/3181/1470
f 1562/3182/1558 1474/3183/1470 1590/3184/1586
f 1562/3182/1558 1590/3184/1586 1591/3185/1587
f 1562/3124/1558 1591/3186/1587 1592/3187/1588
f 1562/3124/1558 1592/3187/1588 1593/3188/1589
f 1562/3124/1558 1593/3188/1589 1563/3125/1559
f 1594/3189/1590 1474/3190/1470 1473/3191/1469
f 1594/3192/1590 1473/2955/1469 1418/2846/1414
f 1594/3193/1590 1418/3194/1414 1530/3061/1526
f 1594/3193/1590 1530/3061/1526 1528/3060/1524
f 1594/3193/1590 1528/3060/1524 1533/3068/1529
f 1594/3195/1590 1533/3066/1529 1532/3065/1528
f 1594/3195/1590 1532/3065/1528 1590/3184/1586
f 1594/3189/1590 1590/3196/1586 1474/3190/1470
f 1595/3197/1591 1551/3169/1547 1584/3168/1580
f 1595/3198/1591 1584/3166/1580 1583/3165/1579
f 1595/3198/1591 1583/3165/1579 1596/3199/1592
f 1595/3198/1591 1596/3199/1592 1534/3069/1530
f 1595/3197/1591 1534/3200/1530 1587/3174/1583
f 1595/3197/1591 1587/3174/1583 1586/3173/1582
f 1595/3197/1591 1586/3173/1582 1551/3169/1547
f 1597/3201/1593 1559/3162/1555 1558/3202/1554
f 1597/3201/1593 1558/3202/1554 1557/3203/1553
f 1597/3204/1593 1557/3205/1553 1598/3206/1594
f 1597/3207/1593 1598/3208/1594 1599/3209/1595
f 1597/3210/1593 1599/3211/1595 1600/3212/1596
f 1597/3210/1593 1600/3212/1596 1601/3213/1597
f 1597/3201/1593 1601/3214/1597 1581/3163/1577
f 1597/3201/1593 1581/3163/1577 1559/3162/1555
f 1602/3215/1598 1392/3086/1388 1543/3085/1539
f 1602/3216/1598 1543/3084/1539 1542/3083/1538
f 1602/3217/1598 1542/3218/1538 1603/3219/1599
f 1602/3217/1598 1603/3219/1599 1604/3220/1600
f 1602/3217/1598 1604/3220/1600 1605/3221/1601
f 1602/3215/1598 1605/3222/1601 1521/3223/1517
f 1602/3215/1598 1521/3223/1517 1520/3224/1516
f 1602/3215/1598 1520/3224/1516 1392/3086/1388
f 1538/3077/1534 1537/3076/1533 1606/3225/1602
f 1538/3077/1534 1606/3225/1602 1607/3226/1603
f 1538/3077/1534 1607/3226/1603 1608/3227/1604
f 1538/3077/1534 1608/3227/1604 1609/3228/1605
f 1538/3077/1534 1609/3228/1605 1545/3089/1541
f 1538/3077/1534 1545/3089/1541 1539/3078/1535
f 1555/3229/1551 1587/3230/1583 1452/2913/1448
f 1555/3229/1551 1452/2913/1448 1451/2912/1447
f 1555/3229/1551 1451/2912/1447 1449/2909/1445
f 1532/3073/1528 1535/3072/1531 1610/3231/1606
f 1532/3065/1528 1610/3232/1606 1591/3185/1587
f 1532/3065/1528 1591/3185/1587 1590/3184/1586
f 1611/3233/1607 1545/3089/1541 1609/3228/1605
f 1611/3233/1607 1609/3228/1605 1608/3227/1604
f 1611/3234/1607 1608/3235/1604 1612/3236/1608
f 1611/3234/1607 1612/3236/1608 1613/3237/1609
f 1611/3234/1607 1613/3237/1609 1614/3238/1610
f 1611/3234/1607 1614/3238/1610 1557/3205/1553
f 1611/3233/1607 1557/3111/1553 1556/3110/1552
f 1611/3233/1607 1556/3110/1552 1545/3089/1541
f 1593/3239/1589 1592/3240/1588 1615/3241/1611
f 1593/3239/1589 1615/3241/1611 1616/3242/1612
f 1593/3239/1589 1616/3242/1612 1617/3243/1613
f 1593/3239/1589 1617/3243/1613 1618/3244/1614
f 1593/3188/1589 1618/3245/1614 1564/3126/1560
f 1593/3188/1589 1564/3126/1560 1563/3125/1559
f 1534/3069/1530 1596/3199/1592 1535/3070/1531
f 1452/2913/1448 1587/3230/1583 1534/3246/1530
f 1452/3247/1448 1534/3069/1530 1456/2925/1452
f 1619/3248/1615 1522/3046/1518 1521/3045/1517
f 1619/3248/1615 1521/3045/1517 1620/3249/1616
f 1619/3250/1615 1620/3251/1616 1621/3252/1617
f 1619/3250/1615 1621/3252/1617 1622/3253/1618
f 1619/3248/1615 1622/3254/1618 1561/3255/1557
f 1619/3248/1615 1561/3255/1557 1522/3046/1518
f 1623/3256/1619 1564/3126/1560 1618/3245/1614
f 1623/3257/1619 1618/3244/1614 1617/3243/1613
f 1623/3257/1619 1617/3243/1613 1624/3258/1620
f 1623/3257/1619 1624/3258/1620 1625/3259/1621
f 1623/3257/1619 1625/3259/1621 1626/3260/1622
f 1623/3256/1619 1626/3261/1622 1577/3154/1573
f 1623/3256/1619 1577/3154/1573 1568/3135/1564
f 1623/3256/1619 1568/3135/1564 1567/3134/1563
f 1623/3256/1619 1567/3134/1563 1564/3126/1560
f 1627/3262/1623 1582/3164/1578 1581/3163/1577
f 1627/3263/1623 1581/3264/1577 1601/3265/1597
f 1627/3263/1623 1601/3265/1597 1617/3243/1613
f 1627/3263/1623 1617/3243/1613 1616/3242/1612
f 1627/3263/1623 1616/3242/1612 1615/3241/1611
f 1627/3266/1623 1615/3267/1611 1628/3268/1624
f 1627/3262/1623 1628/3269/1624 1583/3165/1579
f 1627/3262/1623 1583/3165/1579 1582/3164/1578
f 1629/3270/1625 1583/3165/1579 1628/3269/1624
f 1629/3271/1625 1628/3268/1624 1615/3267/1611
f 1629/3271/1625 1615/3267/1611 1610/3231/1606
f 1629/3271/1625 1610/3231/1606 1535/3072/1531
f 1629/3270/1625 1535/3070/1531 1596/3199/1592
f 1629/3270/1625 1596/3199/1592 1583/3165/1579
f 1630/3272/1626 1496/2996/1492 1495/3273/1491
f 1630/3272/1626 1495/3273/1491 1631/3274/1627
f 1630/3272/1626 1631/3274/1627 1632/3275/1628
f 1630/3272/1626 1632/3275/1628 1633/3276/1629
f 1630/3272/1626 1633/3276/1629 1634/3277/1630
f 1630/3272/1626 1634/3277/1630 1635/3278/1631
f 1630/3272/1626 1635/3278/1631 1497/2997/1493
f 1630/3272/1626 1497/2997/1493 1496/2996/1492
f 1610/3279/1606 1615/3241/1611 1592/3240/1588
f 1610/3279/1606 1592/3240/1588 1591/3280/1587
f 1636/3281/1632 1497/2997/1493 1635/3278/1631
f 1636/3281/1632 1635/3278/1631 1634/3277/1630
f 1636/3281/1632 1634/3277/1630 1637/3282/1633
f 1636/3283/1632 1637/3284/1633 1638/3285/1634
f 1636/3286/1632 1638/3287/1634 1639/3288/1635
f 1636/3281/1632 1639/3289/1635 1501/3290/1497
f 1636/3281/1632 1501/3290/1497 1500/3291/1496
f 1636/3281/1632 1500/3291/1496 1497/2997/1493
f 1640/3292/1636 1561/3293/1557 1622/3294/1618
f 1640/3292/1636 1622/3294/1618 1641/3295/1637
f 1640/3292/1636 1641/3295/1637 1589/3296/1585
f 1640/3292/1636 1589/3296/1585 1561/3293/1557
f 1642/3297/1638 1557/3205/1553 1614/3238/1610
f 1642/3297/1638 1614/3238/1610 1613/3237/1609
f 1642/3297/1638 1613/3237/1609 1643/3298/1639
f 1642/3299/1638 1643/3300/1639 1644/3301/1640
f 1642/3299/1638 1644/3301/1640 1645/3302/1641
f 1642/3299/1638 1645/3302/1641 1599/3303/1595
f 1642/3299/1638 1599/3303/1595 1598/3304/1594
f 1642/3297/1638 1598/3206/1594 1557/3205/1553
f 1646/3305/1642 1495/2993/1491 1579/3159/1575
f 1646/3306/1642 1579/3158/1575 1578/3157/1574
f 1646/3306/1642 1578/3157/1574 1647/3307/1643
f 1646/3306/1642 1647/3307/1643 1648/3308/1644
f 1646/3306/1642 1648/3308/1644 1649/3309/1645
f 1646/3310/1642 1649/3311/1645 1632/3275/1628
f 1646/3310/1642 1632/3275/1628 1631/3274/1627
f 1646/3310/1642 1631/3274/1627 1495/3273/1491
f 1650/3312/1646 1577/3154/1573 1626/3261/1622
f 1650/3313/1646 1626/3260/1622 1625/3259/1621
f 1650/3313/1646 1625/3259/1621 1651/3314/1647
f 1650/3315/1646 1651/3316/1647 1652/3317/1648
f 1650/3315/1646 1652/3317/1648 1653/3318/1649
f 1650/3319/1646 1653/3320/1649 1647/3307/1643
f 1650/3319/1646 1647/3307/1643 1578/3157/1574
f 1650/3319/1646 1578/3157/1574 1577/3156/1573
f 1600/3321/1596 1599/3322/1595 1625/3259/1621
f 1600/3321/1596 1625/3259/1621 1624/3258/1620
f 1600/3321/1596 1624/3258/1620 1617/3243/1613
f 1600/3321/1596 1617/3243/1613 1601/3265/1597
f 1575/3323/1571 1574/3324/1570 1654/3325/1650
f 1575/3323/1571 1654/3325/1650 1655/3326/1651
f 1575/3323/1571 1655/3326/1651 1542/3218/1538
f 1575/3150/1571 1542/3083/1538 1541/3082/1537
f 1575/3150/1571 1541/3082/1537 1343/2703/1339
f 1575/3150/1571 1343/2703/1339 1459/3151/1455
f 1656/3327/1652 1501/3005/1497 1639/3328/1635
f 1656/3329/1652 1639/3288/1635 1638/3287/1634
f 1656/3329/1652 1638/3287/1634 1657/3330/1653
f 1656/3329/1652 1657/3330/1653 1658/3331/1654
f 1656/3327/1652 1658/3332/1654 1659/3333/1655
f 1656/3327/1652 1659/3333/1655 1508/3018/1504
f 1656/3327/1652 1508/3018/1504 1507/3017/1503
f 1656/3327/1652 1507/3017/1503 1501/3005/1497
f 1660/3334/1656 1525/3054/1521 1524/3053/1520
f 1660/3335/1656 1524/3336/1520 1661/3337/1657
f 1660/3335/1656 1661/3337/1657 1662/3338/1658
f 1660/3335/1656 1662/3338/1658 1663/3339/1659
f 1660/3334/1656 1663/3340/1659 1664/3341/1660
f 1660/3334/1656 1664/3341/1660 1665/3342/1661
f 1660/3334/1656 1665/3342/1661 1511/3028/1507
f 1660/3334/1656 1511/3028/1507 1525/3054/1521
f 1666/3343/1662 1511/3028/1507 1665/3342/1661
f 1666/3343/1662 1665/3342/1661 1664/3341/1660
f 1666/3343/1662 1664/3341/1660 1667/3344/1663
f 1666/3343/1662 1667/3344/1663 1668/3345/1664
f 1666/3343/1662 1668/3345/1664 1669/3346/1665
f 1666/3343/1662 1669/3346/1665 1513/3347/1509
f 1666/3343/1662 1513/3347/1509 1512/3029/1508
f 1666/3343/1662 1512/3029/1508 1511/3028/1507
f 1599/3348/1595 1645/3349/1641 1652/3317/1648
f 1599/3348/1595 1652/3317/1648 1651/3316/1647
f 1599/3322/1595 1651/3314/1647 1625/3259/1621
f 1670/3350/1666 1521/3223/1517 1605/3222/1601
f 1670/3351/1666 1605/3221/1601 1604/3220/1600
f 1670/3351/1666 1604/3220/1600 1671/3352/1667
f 1670/3353/1666 1671/3354/1667 1672/3355/1668
f 1670/3353/1666 1672/3355/1668 1673/3356/1669
f 1670/3350/1666 1673/3357/1669 1621/3358/1617
f 1670/3350/1666 1621/3358/1617 1620/3359/1616
f 1670/3350/1666 1620/3359/1616 1521/3223/1517
f 1606/3225/1602 1537/3076/1533 1513/3032/1509
f 1606/3360/1602 1513/3347/1509 1669/3346/1665
f 1606/3360/1602 1669/3346/1665 1668/3345/1664
f 1606/3360/1602 1668/3345/1664 1674/3361/1670
f 1606/3360/1602 1674/3361/1670 1675/3362/1671
f 1606/3360/1602 1675/3362/1671 1607/3363/1603
f 1676/3364/1672 1524/3365/1520 1573/3366/1569
f 1676/3364/1672 1573/3366/1569 1572/3367/1568
f 1676/3364/1672 1572/3367/1568 1677/3368/1673
f 1676/3369/1672 1677/3370/1673 1678/3371/1674
f 1676/3369/1672 1678/3371/1674 1679/3372/1675
f 1676/3369/1672 1679/3372/1675 1662/3338/1658
f 1676/3369/1672 1662/3338/1658 1661/3337/1657
f 1676/3369/1672 1661/3337/1657 1524/3336/1520
f 1680/3373/1676 1589/3374/1585 1641/3375/1637
f 1680/3376/1676 1641/3377/1637 1681/3378/1677
f 1680/3376/1676 1681/3378/1677 1678/3371/1674
f 1680/3376/1676 1678/3371/1674 1677/3370/1673
f 1680/3373/1676 1677/3368/1673 1572/3367/1568
f 1680/3373/1676 1572/3367/1568 1589/3374/1585
f 1654/3325/1650 1574/3324/1570 1508/3379/1504
f 1654/3380/1650 1508/3018/1504 1659/3333/1655
f 1654/3380/1650 1659/3333/1655 1658/3332/1654
f 1654/3325/1650 1658/3381/1654 1682/3382/1678
f 1654/3325/1650 1682/3382/1678 1683/3383/1679
f 1654/3325/1650 1683/3383/1679 1655/3326/1651
f 1684/3384/1680 1622/3253/1618 1621/3252/1617
f 1684/3385/1680 1621/3386/1617 1685/3387/1681
f 1684/3388/1680 1685/3389/1681 1686/3390/1682
f 1684/3388/1680 1686/3390/1682 1687/3391/1683
f 1684/3392/1680 1687/3393/1683 1641/3394/1637
f 1684/3384/1680 1641/3395/1637 1622/3253/1618
f 1683/3383/1679 1682/3382/1678 1688/3396/1684
f 1683/3383/1679 1688/3396/1684 1689/3397/1685
f 1683/3383/1679 1689/3397/1685 1604/3220/1600
f 1683/3383/1679 1604/3220/1600 1603/3219/1599
f 1683/3383/1679 1603/3219/1599 1542/3218/1538
f 1683/3383/1679 1542/3218/1538 1655/3326/1651
f 1690/3398/1686 1653/3318/1649 1652/3317/1648
f 1690/3398/1686 1652/3317/1648 1691/3399/1687
f 1690/3400/1686 1691/3401/1687 1692/3402/1688
f 1690/3400/1686 1692/3402/1688 1693/3403/1689
f 1690/3400/1686 1693/3403/1689 1694/3404/1690
f 1690/3400/1686 1694/3404/1690 1648/3405/1644
f 1690/3406/1686 1648/3308/1644 1647/3307/1643
f 1690/3398/1686 1647/3407/1643 1653/3318/1649
f 1644/3408/1640 1643/3298/1639 1695/3409/1691
f 1644/3410/1640 1695/3411/1691 1696/3412/1692
f 1644/3410/1640 1696/3412/1692 1692/3413/1688
f 1644/3410/1640 1692/3413/1688 1691/3399/1687
f 1644/3410/1640 1691/3399/1687 1652/3317/1648
f 1644/3410/1640 1652/3317/1648 1645/3349/1641
f 1658/3331/1654 1657/3330/1653 1697/3414/1693
f 1658/3331/1654 1697/3414/1693 1698/3415/1694
f 1658/3331/1654 1698/3415/1694 1688/3416/1684
f 1658/3381/1654 1688/3396/1684 1682/3382/1678
f 1699/3417/1695 1637/3284/1633 1634/3418/1630
f 1699/3417/1695 1634/3418/1630 1700/3419/1696
f 1699/3417/1695 1700/3419/1696 1701/3420/1697
f 1699/3421/1695 1701/3422/1697 1702/3423/1698
f 1699/3424/1695 1702/3425/1698 1703/3426/1699
f 1699/3424/1695 1703/3426/1699 1704/3427/1700
f 1699/3428/1695 1704/3429/1700 1638/3287/1634
f 1699/3417/1695 1638/3285/1634 1637/3284/1633
f 1705/3430/1701 1634/3418/1630 1633/3431/1629
f 1705/3432/1701 1633/3276/1629 1632/3275/1628
f 1705/3430/1701 1632/3433/1628 1706/3434/1702
f 1705/3430/1701 1706/3434/1702 1707/3435/1703
f 1705/3430/1701 1707/3435/1703 1708/3436/1704
f 1705/3430/1701 1708/3436/1704 1701/3420/1697
f 1705/3430/1701 1701/3420/1697 1700/3419/1696
f 1705/3430/1701 1700/3419/1696 1634/3418/1630
f 1675/3437/1671 1674/3438/1670 1709/3439/1705
f 1675/3437/1671 1709/3439/1705 1710/3440/1706
f 1675/3437/1671 1710/3440/1706 1711/3441/1707
f 1675/3442/1671 1711/3443/1707 1712/3444/1708
f 1675/3445/1671 1712/3446/1708 1608/3235/1604
f 1675/3447/1671 1608/3227/1604 1607/3226/1603
f 1697/3414/1693 1657/3330/1653 1638/3287/1634
f 1697/3414/1693 1638/3287/1634 1704/3429/1700
f 1697/3448/1693 1704/3427/1700 1703/3426/1699
f 1697/3448/1693 1703/3426/1699 1713/3449/1709
f 1697/3448/1693 1713/3449/1709 1714/3450/1710
f 1697/3414/1693 1714/3451/1710 1698/3415/1694
f 1715/3452/1711 1641/3394/1637 1687/3393/1683
f 1715/3452/1711 1687/3393/1683 1716/3453/1712
f 1715/3454/1711 1716/3455/1712 1681/3378/1677
f 1715/3454/1711 1681/3378/1677 1641/3377/1637
f 1717/3456/1713 1621/3457/1617 1673/3458/1669
f 1717/3456/1713 1673/3458/1669 1718/3459/1714
f 1717/3460/1713 1718/3461/1714 1719/3462/1715
f 1717/3460/1713 1719/3462/1715 1720/3463/1716
f 1717/3464/1713 1720/3465/1716 1686/3390/1682
f 1717/3464/1713 1686/3390/1682 1685/3389/1681
f 1717/3456/1713 1685/3466/1681 1621/3457/1617
f 1721/3467/1717 1608/3235/1604 1712/3446/1708
f 1721/3468/1717 1712/3444/1708 1711/3443/1707
f 1721/3468/1717 1711/3443/1707 1722/3469/1718
f 1721/3468/1717 1722/3469/1718 1723/3470/1719
f 1721/3468/1717 1723/3470/1719 1695/3471/1691
f 1721/3467/1717 1695/3409/1691 1613/3237/1609
f 1721/3467/1717 1613/3237/1609 1612/3236/1608
f 1721/3467/1717 1612/3236/1608 1608/3235/1604
f 1724/3472/1720 1604/3220/1600 1689/3397/1685
f 1724/3472/1720 1689/3397/1685 1688/3396/1684
f 1724/3473/1720 1688/3416/1684 1698/3415/1694
f 1724/3473/1720 1698/3415/1694 1714/3451/1710
f 1724/3474/1720 1714/3450/1710 1725/3475/1721
f 1724/3474/1720 1725/3475/1721 1672/3476/1668
f 1724/3477/1720 1672/3355/1668 1671/3354/1667
f 1724/3477/1720 1671/3354/1667 1604/3478/1600
f 1726/3479/1722 1632/3275/1628 1649/3311/1645
f 1726/3480/1722 1649/3309/1645 1648/3308/1644
f 1726/3481/1722 1648/3482/1644 1694/3483/1690
f 1726/3481/1722 1694/3483/1690 1727/3484/1723
f 1726/3481/1722 1727/3484/1723 1728/3485/1724
f 1726/3486/1722 1728/3487/1724 1707/3488/1703
f 1726/3489/1722 1707/3435/1703 1706/3434/1702
f 1726/3479/1722 1706/3490/1702 1632/3275/1628
f 1695/3409/1691 1643/3298/1639 1613/3237/1609
f 1672/3476/1668 1725/3475/1721 1729/3491/1725
f 1672/3476/1668 1729/3491/1725 1718/3459/1714
f 1672/3476/1668 1718/3459/1714 1673/3458/1669
f 1730/3492/1726 1663/3339/1659 1662/3338/1658
f 1730/3492/1726 1662/3338/1658 1731/3493/1727
f 1730/3492/1726 1731/3493/1727 1732/3494/1728
f 1730/3495/1726 1732/3496/1728 1733/3497/1729
f 1730/3495/1726 1733/3497/1729 1734/3498/1730
f 1730/3499/1726 1734/3500/1730 1735/3501/1731
f 1730/3502/1726 1735/3503/1731 1664/3341/1660
f 1730/3502/1726 1664/3341/1660 1663/3340/1659
f 1736/3504/1732 1681/3378/1677 1716/3455/1712
f 1736/3505/1732 1716/3506/1712 1737/3507/1733
f 1736/3504/1732 1737/3508/1733 1738/3509/1734
f 1736/3504/1732 1738/3509/1734 1739/3510/1735
f 1736/3504/1732 1739/3510/1735 1678/3371/1674
f 1736/3504/1732 1678/3371/1674 1681/3378/1677
f 1740/3511/1736 1678/3371/1674 1739/3510/1735
f 1740/3511/1736 1739/3510/1735 1738/3509/1734
f 1740/3511/1736 1738/3509/1734 1741/3512/1737
f 1740/3511/1736 1741/3512/1737 1732/3494/1728
f 1740/3511/1736 1732/3494/1728 1731/3493/1727
f 1740/3511/1736 1731/3493/1727 1662/3338/1658
f 1740/3511/1736 1662/3338/1658 1679/3372/1675
f 1740/3511/1736 1679/3372/1675 1678/3371/1674
f 1742/3513/1738 1664/3341/1660 1735/3503/1731
f 1742/3514/1738 1735/3515/1731 1734/3516/1730
f 1742/3514/1738 1734/3516/1730 1743/3517/1739
f 1742/3514/1738 1743/3517/1739 1744/3518/1740
f 1742/3514/1738 1744/3518/1740 1745/3519/1741
f 1742/3514/1738 1745/3519/1741 1668/3520/1664
f 1742/3513/1738 1668/3345/1664 1667/3344/1663
f 1742/3513/1738 1667/3344/1663 1664/3341/1660
f 1746/3521/1742 1694/3483/1690 1693/3522/1689
f 1746/3521/1742 1693/3522/1689 1692/3523/1688
f 1746/3521/1742 1692/3523/1688 1747/3524/1743
f 1746/3521/1742 1747/3524/1743 1748/3525/1744
f 1746/3521/1742 1748/3525/1744 1749/3526/1745
f 1746/3521/1742 1749/3526/1745 1750/3527/1746
f 1746/3521/1742 1750/3527/1746 1727/3484/1723
f 1746/3521/1742 1727/3484/1723 1694/3483/1690
f 1751/3528/1747 1687/3391/1683 1686/3390/1682
f 1751/3528/1747 1686/3390/1682 1752/3529/1748
f 1751/3528/1747 1752/3529/1748 1753/3530/1749
f 1751/3528/1747 1753/3530/1749 1754/3531/1750
f 1751/3532/1747 1754/3533/1750 1716/3453/1712
f 1751/3532/1747 1716/3453/1712 1687/3393/1683
f 1709/3439/1705 1674/3438/1670 1668/3520/1664
f 1709/3439/1705 1668/3520/1664 1745/3519/1741
f 1709/3439/1705 1745/3519/1741 1744/3518/1740
f 1709/3439/1705 1744/3518/1740 1755/3534/1751
f 1709/3439/1705 1755/3534/1751 1756/3535/1752
f 1709/3439/1705 1756/3535/1752 1710/3440/1706
f 1757/3536/1753 1692/3523/1688 1696/3537/1692
f 1757/3538/1753 1696/3539/1692 1723/3470/1719
f 1757/3536/1753 1723/3540/1719 1758/3541/1754
f 1757/3536/1753 1758/3541/1754 1748/3525/1744
f 1757/3536/1753 1748/3525/1744 1747/3524/1743
f 1757/3536/1753 1747/3524/1743 1692/3523/1688
f 1723/3470/1719 1696/3539/1692 1695/3471/1691
f 1729/3491/1725 1725/3475/1721 1714/3450/1710
f 1729/3491/1725 1714/3450/1710 1759/3542/1755
f 1729/3543/1725 1759/3544/1755 1760/3545/1756
f 1729/3543/1725 1760/3545/1756 1761/3546/1757
f 1729/3543/1725 1761/3546/1757 1719/3462/1715
f 1729/3543/1725 1719/3462/1715 1718/3461/1714
f 1762/3547/1758 1714/3450/1710 1713/3449/1709
f 1762/3547/1758 1713/3449/1709 1703/3426/1699
f 1762/3547/1758 1703/3426/1699 1763/3548/1759
f 1762/3549/1758 1763/3550/1759 1764/3551/1760
f 1762/3549/1758 1764/3551/1760 1765/3552/1761
f 1762/3549/1758 1765/3552/1761 1760/3545/1756
f 1762/3549/1758 1760/3545/1756 1759/3544/1755
f 1762/3547/1758 1759/3542/1755 1714/3450/1710
f 1766/3553/1762 1703/3426/1699 1702/3425/1698
f 1766/3554/1762 1702/3423/1698 1701/3422/1697
f 1766/3555/1762 1701/3556/1697 1767/3557/1763
f 1766/3555/1762 1767/3557/1763 1768/3558/1764
f 1766/3555/1762 1768/3558/1764 1769/3559/1765
f 1766/3555/1762 1769/3559/1765 1764/3551/1760
f 1766/3555/1762 1764/3551/1760 1763/3550/1759
f 1766/3553/1762 1763/3548/1759 1703/3426/1699
f 1770/3560/1766 1686/3390/1682 1720/3465/1716
f 1770/3561/1766 1720/3562/1716 1719/3563/1715
f 1770/3561/1766 1719/3563/1715 1771/3564/1767
f 1770/3561/1766 1771/3564/1767 1772/3565/1768
f 1770/3561/1766 1772/3565/1768 1773/3566/1769
f 1770/3560/1766 1773/3567/1769 1753/3530/1749
f 1770/3560/1766 1753/3530/1749 1752/3529/1748
f 1770/3560/1766 1752/3529/1748 1686/3390/1682
f 1774/3568/1770 1701/3556/1697 1708/3569/1704
f 1774/3570/1770 1708/3571/1704 1707/3488/1703
f 1774/3570/1770 1707/3488/1703 1775/3572/1771
f 1774/3570/1770 1775/3572/1771 1776/3573/1772
f 1774/3570/1770 1776/3573/1772 1777/3574/1773
f 1774/3568/1770 1777/3575/1773 1768/3558/1764
f 1774/3568/1770 1768/3558/1764 1767/3557/1763
f 1774/3568/1770 1767/3557/1763 1701/3556/1697
f 1778/3576/1774 1707/3488/1703 1728/3487/1724
f 1778/3577/1774 1728/3485/1724 1727/3484/1723
f 1778/3577/1774 1727/3484/1723 1750/3527/1746
f 1778/3577/1774 1750/3527/1746 1779/3578/1775
f 1778/3577/1774 1779/3578/1775 1780/3579/1776
f 1778/3576/1774 1780/3580/1776 1776/3573/1772
f 1778/3576/1774 1776/3573/1772 1775/3572/1771
f 1778/3576/1774 1775/3572/1771 1707/3488/1703
f 1781/3581/1777 1716/3453/1712 1754/3533/1750
f 1781/3581/1777 1754/3533/1750 1782/3582/1778
f 1781/3581/1777 1782/3582/1778 1737/3583/1733
f 1781/3581/1777 1737/3583/1733 1716/3453/1712
f 1783/3584/1779 1723/3470/1719 1722/3469/1718
f 1783/3584/1779 1722/3469/1718 1711/3443/1707
f 1783/3585/1779 1711/3586/1707 1784/3587/1780
f 1783/3585/1779 1784/3587/1780 1785/3588/1781
f 1783/3589/1779 1785/3590/1781 1786/3591/1782
f 1783/3589/1779 1786/3591/1782 1787/3592/1783
f 1783/3589/1779 1787/3592/1783 1788/3593/1784
f 1783/3584/1779 1788/3594/1784 1723/3470/1719
f 1758/3595/1754 1723/3470/1719 1788/3594/1784
f 1758/3541/1754 1788/3596/1784 1787/3597/1783
f 1758/3541/1754 1787/3597/1783 1789/3598/1785
f 1758/3541/1754 1789/3598/1785 1748/3525/1744
f 1756/3599/1752 1755/3600/1751 1790/3601/1786
f 1756/3599/1752 1790/3601/1786 1791/3602/1787
f 1756/3599/1752 1791/3602/1787 1785/3588/1781
f 1756/3599/1752 1785/3588/1781 1784/3587/1780
f 1756/3599/1752 1784/3587/1780 1711/3586/1707
f 1756/3535/1752 1711/3441/1707 1710/3440/1706
f 1792/3603/1788 1719/3462/1715 1761/3546/1757
f 1792/3603/1788 1761/3546/1757 1760/3545/1756
f 1792/3603/1788 1760/3545/1756 1793/3604/1789
f 1792/3605/1788 1793/3606/1789 1794/3607/1790
f 1792/3605/1788 1794/3607/1790 1795/3608/1791
f 1792/3605/1788 1795/3608/1791 1772/3609/1768
f 1792/3605/1788 1772/3609/1768 1771/3610/1767
f 1792/3603/1788 1771/3611/1767 1719/3462/1715
f 1796/3612/1792 1754/3531/1750 1753/3530/1749
f 1796/3612/1792 1753/3530/1749 1797/3613/1793
f 1796/3612/1792 1797/3613/1793 1798/3614/1794
f 1796/3612/1792 1798/3614/1794 1799/3615/1795
f 1796/3616/1792 1799/3617/1795 1782/3618/1778
f 1796/3619/1792 1782/3582/1778 1754/3533/1750
f 1800/3620/1796 1737/3621/1733 1782/3622/1778
f 1800/3620/1796 1782/3622/1778 1801/3623/1797
f 1800/3620/1796 1801/3623/1797 1802/3624/1798
f 1800/3620/1796 1802/3624/1798 1803/3625/1799
f 1800/3620/1796 1803/3625/1799 1738/3626/1734
f 1800/3620/1796 1738/3626/1734 1737/3621/1733
f 1804/3627/1800 1738/3626/1734 1803/3625/1799
f 1804/3627/1800 1803/3625/1799 1802/3624/1798
f 1804/3627/1800 1802/3624/1798 1805/3628/1801
f 1804/3627/1800 1805/3628/1801 1806/3629/1802
f 1804/3627/1800 1806/3629/1802 1807/3630/1803
f 1804/3627/1800 1807/3630/1803 1732/3631/1728
f 1804/3627/1800 1732/3631/1728 1741/3632/1737
f 1804/3627/1800 1741/3632/1737 1738/3626/1734
f 1793/3604/1789 1760/3545/1756 1765/3552/1761
f 1793/3604/1789 1765/3552/1761 1764/3551/1760
f 1793/3606/1789 1764/3633/1760 1808/3634/1804
f 1793/3606/1789 1808/3634/1804 1794/3607/1790
f 1808/3635/1804 1764/3551/1760 1769/3559/1765
f 1808/3634/1804 1769/3636/1765 1768/3637/1764
f 1808/3634/1804 1768/3637/1764 1809/3638/1805
f 1808/3634/1804 1809/3638/1805 1810/3639/1806
f 1808/3634/1804 1810/3639/1806 1811/3640/1807
f 1808/3634/1804 1811/3640/1807 1794/3607/1790
f 1812/3641/1808 1753/3530/1749 1773/3567/1769
f 1812/3642/1808 1773/3566/1769 1772/3565/1768
f 1812/3642/1808 1772/3565/1768 1813/3643/1809
f 1812/3642/1808 1813/3643/1809 1814/3644/1810
f 1812/3642/1808 1814/3644/1810 1815/3645/1811
f 1812/3641/1808 1815/3646/1811 1798/3614/1794
f 1812/3641/1808 1798/3614/1794 1797/3613/1793
f 1812/3641/1808 1797/3613/1793 1753/3530/1749
f 1799/3615/1795 1798/3614/1794 1816/3647/1812
f 1799/3617/1795 1816/3648/1812 1817/3649/1813
f 1799/3617/1795 1817/3649/1813 1818/3650/1814
f 1799/3617/1795 1818/3650/1814 1782/3618/1778
f 1819/3651/1815 1768/3637/1764 1777/3652/1773
f 1819/3653/1815 1777/3574/1773 1776/3573/1772
f 1819/3653/1815 1776/3573/1772 1820/3654/1816
f 1819/3653/1815 1820/3654/1816 1821/3655/1817
f 1819/3653/1815 1821/3655/1817 1822/3656/1818
f 1819/3651/1815 1822/3657/1818 1810/3639/1806
f 1819/3651/1815 1810/3639/1806 1809/3638/1805
f 1819/3651/1815 1809/3638/1805 1768/3637/1764
f 1801/3658/1797 1782/3618/1778 1818/3650/1814
f 1801/3658/1797 1818/3650/1814 1817/3649/1813
f 1801/3623/1797 1817/3659/1813 1823/3660/1819
f 1801/3623/1797 1823/3660/1819 1802/3624/1798
f 1824/3661/1820 1732/3496/1728 1807/3662/1803
f 1824/3661/1820 1807/3662/1803 1806/3663/1802
f 1824/3661/1820 1806/3663/1802 1825/3664/1821
f 1824/3665/1820 1825/3666/1821 1826/3667/1822
f 1824/3665/1820 1826/3667/1822 1827/3668/1823
f 1824/3665/1820 1827/3668/1823 1734/3669/1730
f 1824/3661/1820 1734/3498/1730 1733/3497/1729
f 1824/3661/1820 1733/3497/1729 1732/3496/1728
f 1823/3660/1819 1817/3659/1813 1828/3670/1824
f 1823/3660/1819 1828/3670/1824 1829/3671/1825
f 1823/3660/1819 1829/3671/1825 1806/3629/1802
f 1823/3660/1819 1806/3629/1802 1805/3628/1801
f 1823/3660/1819 1805/3628/1801 1802/3624/1798
f 1830/3672/1826 1750/3527/1746 1749/3526/1745
f 1830/3672/1826 1749/3526/1745 1748/3525/1744
f 1830/3672/1826 1748/3525/1744 1831/3673/1827
f 1830/3674/1826 1831/3675/1827 1832/3676/1828
f 1830/3674/1826 1832/3676/1828 1833/3677/1829
f 1830/3674/1826 1833/3677/1829 1834/3678/1830
f 1830/3674/1826 1834/3678/1830 1779/3679/1775
f 1830/3672/1826 1779/3578/1775 1750/3527/1746
f 1835/3680/1831 1798/3614/1794 1815/3646/1811
f 1835/3681/1831 1815/3645/1811 1814/3644/1810
f 1835/3681/1831 1814/3644/1810 1836/3682/1832
f 1835/3683/1831 1836/3684/1832 1837/3685/1833
f 1835/3683/1831 1837/3685/1833 1838/3686/1834
f 1835/3683/1831 1838/3686/1834 1839/3687/1835
f 1835/3680/1831 1839/3688/1835 1840/3689/1836
f 1835/3680/1831 1840/3689/1836 1798/3614/1794
f 1816/3647/1812 1798/3614/1794 1840/3689/1836
f 1816/3648/1812 1840/3690/1836 1839/3691/1835
f 1816/3648/1812 1839/3691/1835 1841/3692/1837
f 1816/3648/1812 1841/3692/1837 1817/3649/1813
f 1842/3693/1838 1772/3609/1768 1795/3608/1791
f 1842/3693/1838 1795/3608/1791 1794/3607/1790
f 1842/3693/1838 1794/3607/1790 1811/3640/1807
f 1842/3693/1838 1811/3640/1807 1810/3639/1806
f 1842/3693/1838 1810/3639/1806 1843/3694/1839
f 1842/3693/1838 1843/3694/1839 1814/3695/1810
f 1842/3693/1838 1814/3695/1810 1813/3696/1809
f 1842/3693/1838 1813/3696/1809 1772/3609/1768
f 1844/3697/1840 1814/3695/1810 1843/3694/1839
f 1844/3697/1840 1843/3694/1839 1810/3639/1806
f 1844/3697/1840 1810/3639/1806 1822/3657/1818
f 1844/3698/1840 1822/3656/1818 1821/3655/1817
f 1844/3698/1840 1821/3655/1817 1845/3699/1841
f 1844/3698/1840 1845/3699/1841 1837/3685/1833
f 1844/3698/1840 1837/3685/1833 1836/3684/1832
f 1844/3697/1840 1836/3700/1832 1814/3695/1810
f 1789/3701/1785 1787/3702/1783 1846/3703/1842
f 1789/3704/1785 1846/3705/1842 1832/3676/1828
f 1789/3704/1785 1832/3676/1828 1831/3675/1827
f 1789/3598/1785 1831/3673/1827 1748/3525/1744
f 1847/3706/1843 1776/3573/1772 1780/3580/1776
f 1847/3707/1843 1780/3708/1776 1779/3709/1775
f 1847/3707/1843 1779/3709/1775 1834/3710/1830
f 1847/3707/1843 1834/3710/1830 1848/3711/1844
f 1847/3707/1843 1848/3711/1844 1849/3712/1845
f 1847/3706/1843 1849/3713/1845 1821/3655/1817
f 1847/3706/1843 1821/3655/1817 1820/3654/1816
f 1847/3706/1843 1820/3654/1816 1776/3573/1772
f 1850/3714/1846 1817/3649/1813 1841/3692/1837
f 1850/3714/1846 1841/3692/1837 1839/3691/1835
f 1850/3714/1846 1839/3691/1835 1851/3715/1847
f 1850/3716/1846 1851/3717/1847 1852/3718/1848
f 1850/3716/1846 1852/3718/1848 1853/3719/1849
f 1850/3720/1846 1853/3721/1849 1854/3722/1850
f 1850/3720/1846 1854/3722/1850 1855/3723/1851
f 1850/3720/1846 1855/3723/1851 1817/3724/1813
f 1828/3725/1824 1817/3724/1813 1855/3723/1851
f 1828/3670/1824 1855/3726/1851 1854/3727/1850
f 1828/3670/1824 1854/3727/1850 1856/3728/1852
f 1828/3670/1824 1856/3728/1852 1829/3671/1825
f 1857/3729/1853 1806/3663/1802 1829/3730/1825
f 1857/3729/1853 1829/3730/1825 1858/3731/1854
f 1857/3732/1853 1858/3733/1854 1859/3734/1855
f 1857/3732/1853 1859/3734/1855 1826/3667/1822
f 1857/3732/1853 1826/3667/1822 1825/3666/1821
f 1857/3729/1853 1825/3664/1821 1806/3663/1802
f 1858/3731/1854 1829/3730/1825 1856/3735/1852
f 1858/3731/1854 1856/3735/1852 1854/3736/1850
f 1858/3733/1854 1854/3737/1850 1860/3738/1856
f 1858/3733/1854 1860/3738/1856 1861/3739/1857
f 1858/3733/1854 1861/3739/1857 1859/3734/1855
f 1862/3740/1858 1734/3669/1730 1827/3668/1823
f 1862/3740/1858 1827/3668/1823 1826/3667/1822
f 1862/3740/1858 1826/3667/1822 1863/3741/1859
f 1862/3740/1858 1863/3741/1859 1864/3742/1860
f 1862/3740/1858 1864/3742/1860 1865/3743/1861
f 1862/3740/1858 1865/3743/1861 1744/3744/1740
f 1862/3740/1858 1744/3744/1740 1743/3745/1739
f 1862/3740/1858 1743/3745/1739 1734/3669/1730
f 1866/3746/1862 1839/3747/1835 1838/3748/1834
f 1866/3746/1862 1838/3748/1834 1837/3749/1833
f 1866/3746/1862 1837/3749/1833 1867/3750/1863
f 1866/3746/1862 1867/3750/1863 1868/3751/1864
f 1866/3746/1862 1868/3751/1864 1869/3752/1865
f 1866/3746/1862 1869/3752/1865 1852/3718/1848
f 1866/3746/1862 1852/3718/1848 1851/3717/1847
f 1866/3746/1862 1851/3717/1847 1839/3747/1835
f 1870/3753/1866 1837/3685/1833 1845/3699/1841
f 1870/3753/1866 1845/3699/1841 1821/3655/1817
f 1870/3753/1866 1821/3655/1817 1849/3713/1845
f 1870/3754/1866 1849/3712/1845 1848/3711/1844
f 1870/3754/1866 1848/3711/1844 1871/3755/1867
f 1870/3754/1866 1871/3755/1867 1868/3751/1864
f 1870/3754/1866 1868/3751/1864 1867/3750/1863
f 1870/3753/1866 1867/3756/1863 1837/3685/1833
f 1790/3601/1786 1755/3600/1751 1744/3757/1740
f 1790/3758/1786 1744/3744/1740 1865/3743/1861
f 1790/3758/1786 1865/3743/1861 1864/3742/1860
f 1790/3601/1786 1864/3759/1860 1872/3760/1868
f 1790/3601/1786 1872/3760/1868 1873/3761/1869
f 1790/3601/1786 1873/3761/1869 1791/3602/1787
f 1874/3762/1870 1854/3763/1850 1853/3764/1849
f 1874/3762/1870 1853/3764/1849 1852/3765/1848
f 1874/3762/1870 1852/3765/1848 1875/3766/1871
f 1874/3767/1870 1875/3768/1871 1876/3769/1872
f 1874/3767/1870 1876/3769/1872 1877/3770/1873
f 1874/3771/1870 1877/3772/1873 1861/3739/1857
f 1874/3771/1870 1861/3739/1857 1860/3738/1856
f 1874/3771/1870 1860/3738/1856 1854/3737/1850
f 1878/3773/1874 1852/3765/1848 1869/3774/1865
f 1878/3775/1874 1869/3776/1865 1868/3777/1864
f 1878/3775/1874 1868/3777/1864 1879/3778/1875
f 1878/3779/1874 1879/3780/1875 1880/3781/1876
f 1878/3779/1874 1880/3781/1876 1876/3782/1872
f 1878/3773/1874 1876/3783/1872 1875/3766/1871
f 1878/3773/1874 1875/3766/1871 1852/3765/1848
f 1881/3784/1877 1787/3592/1783 1786/3591/1782
f 1881/3784/1877 1786/3591/1782 1785/3590/1781
f 1881/3784/1877 1785/3590/1781 1882/3785/1878
f 1881/3784/1877 1882/3785/1878 1883/3786/1879
f 1881/3784/1877 1883/3786/1879 1884/3787/1880
f 1881/3784/1877 1884/3787/1880 1885/3788/1881
f 1881/3784/1877 1885/3788/1881 1886/3789/1882
f 1881/3784/1877 1886/3789/1882 1787/3592/1783
f 1846/3790/1842 1787/3592/1783 1886/3789/1882
f 1846/3790/1842 1886/3789/1882 1885/3788/1881
f 1846/3705/1842 1885/3791/1881 1887/3792/1883
f 1846/3705/1842 1887/3792/1883 1832/3676/1828
f 1888/3793/1884 1826/3667/1822 1859/3734/1855
f 1888/3793/1884 1859/3734/1855 1861/3739/1857
f 1888/3793/1884 1861/3739/1857 1889/3794/1885
f 1888/3793/1884 1889/3794/1885 1864/3742/1860
f 1888/3793/1884 1864/3742/1860 1863/3741/1859
f 1888/3793/1884 1863/3741/1859 1826/3667/1822
f 1873/3761/1869 1872/3760/1868 1890/3795/1886
f 1873/3761/1869 1890/3795/1886 1891/3796/1887
f 1873/3761/1869 1891/3796/1887 1883/3797/1879
f 1873/3798/1869 1883/3799/1879 1882/3800/1878
f 1873/3761/1869 1882/3801/1878 1785/3588/1781
f 1873/3761/1869 1785/3588/1781 1791/3602/1787
f 1892/3802/1888 1868/3777/1864 1871/3803/1867
f 1892/3802/1888 1871/3803/1867 1848/3804/1844
f 1892/3802/1888 1848/3804/1844 1893/3805/1889
f 1892/3802/1888 1893/3805/1889 1887/3792/1883
f 1892/3802/1888 1887/3792/1883 1879/3778/1875
f 1892/3802/1888 1879/3778/1875 1868/3777/1864
f 1890/3795/1886 1872/3760/1868 1864/3759/1860
f 1890/3795/1886 1864/3759/1860 1889/3806/1885
f 1890/3795/1886 1889/3806/1885 1877/3770/1873
f 1890/3795/1886 1877/3770/1873 1876/3769/1872
f 1890/3795/1886 1876/3769/1872 1891/3796/1887
f 1833/3677/1829 1832/3676/1828 1893/3805/1889
f 1833/3677/1829 1893/3805/1889 1848/3804/1844
f 1833/3677/1829 1848/3804/1844 1834/3678/1830
f 1861/3739/1857 1877/3772/1873 1889/3794/1885
f 1883/3797/1879 1891/3796/1887 1876/3769/1872
f 1883/3807/1879 1876/3808/1872 1880/3809/1876
f 1883/3786/1879 1880/3810/1876 1884/3787/1880
f 1879/3778/1875 1887/3792/1883 1885/3791/1881
f 1879/3811/1875 1885/3788/1881 1884/3787/1880
f 1879/3811/1875 1884/3787/1880 1880/3810/1876
f 1832/3676/1828 1887/3792/1883 1893/3805/1889
f 109/3812/109 189/346/187 112/345/112
f 325/3813/323 316/969/314 1894/3814/1890
f 316/969/314 483/898/481 1894/3814/1890
f 483/3815/481 326/3816/324 1894/3817/1890
f 326/3816/324 325/3818/323 1894/3817/1890
f 993/1993/989 992/1992/988 1895/3819/1891
f 992/1992/988 1072/2138/1068 1895/3819/1891
f 1072/2138/1068 1148/2301/1144 1895/3819/1891
f 1148/2301/1144 993/1993/989 1895/3819/1891
f 56/95/56 70/115/70 78/126/78
f 57/96/57 56/95/56 78/126/78
f 77/124/77 88/142/88 103/3820/103
f 77/124/77 103/3820/103 111/183/111
f 77/124/77 111/183/111 58/186/58
f 78/125/78 77/124/77 58/186/58
f 78/3821/78 58/99/58 57/98/57
f 60/105/60 59/3822/59 1896/3823/1892
f 59/3824/59 112/345/112 1896/3825/1892
f 112/345/112 194/344/192 1896/3825/1892
f 194/344/192 193/343/191 1896/3825/1892
f 193/343/191 358/3826/356 1896/3825/1892
f 358/3826/356 357/3827/355 1896/3825/1892
f 357/3827/355 478/3828/476 1896/3825/1892
f 478/3829/476 477/1090/475 1896/3830/1892
f 477/1090/475 560/1087/557 1896/3830/1892
f 560/1087/557 559/1086/556 1896/3830/1892
f 559/1086/556 573/1116/570 1896/3830/1892
f 573/3831/570 570/3832/567 1896/3833/1892
f 570/3834/567 569/1105/566 1896/3823/1892
f 569/1105/566 566/1099/563 1896/3823/1892
f 566/1099/563 565/1098/562 1896/3823/1892
f 565/1098/562 441/1097/439 1896/3823/1892
f 441/1097/439 440/814/438 1896/3823/1892
f 440/814/438 64/108/64 1896/3823/1892
f 64/108/64 63/107/63 1896/3823/1892
f 63/107/63 62/106/62 1896/3823/1892
f 62/106/62 60/105/60 1896/3823/1892
